publication_id,concept_label,concept_score
https://openalex.org/W2179438025,Biology,0.7535013556480408
https://openalex.org/W2179438025,Computational biology,0.5058188438415527
https://openalex.org/W2179438025,Genome Biology,0.44937777519226074
https://openalex.org/W2179438025,RNA-Seq,0.4489422142505646
https://openalex.org/W2179438025,Genomics,0.3402111530303955
https://openalex.org/W2179438025,Evolutionary biology,0.32619136571884155
https://openalex.org/W2179438025,Genetics,0.3195399045944214
https://openalex.org/W2179438025,Transcriptome,0.20087623596191406
https://openalex.org/W2179438025,Genome,0.15425118803977966
https://openalex.org/W2179438025,Gene,0.09707024693489075
https://openalex.org/W2179438025,Gene expression,0.0
https://openalex.org/W2799524357,Mega-,0.954684853553772
https://openalex.org/W2799524357,Emulation,0.7341845035552979
https://openalex.org/W2799524357,Biology,0.7123891115188599
https://openalex.org/W2799524357,Software,0.6246368288993835
https://openalex.org/W2799524357,Virtualization,0.5699940919876099
https://openalex.org/W2799524357,Phylogenomics,0.5189033150672913
https://openalex.org/W2799524357,Operating system,0.45067527890205383
https://openalex.org/W2799524357,OS X,0.41936415433883667
https://openalex.org/W2799524357,Computer science,0.39244985580444336
https://openalex.org/W2799524357,Computational biology,0.34846800565719604
https://openalex.org/W2799524357,Phylogenetic tree,0.27822941541671753
https://openalex.org/W2799524357,Genetics,0.18265393376350403
https://openalex.org/W2799524357,Cloud computing,0.15253958106040955
https://openalex.org/W2799524357,Clade,0.07831022143363953
https://openalex.org/W2799524357,Gene,0.0
https://openalex.org/W2799524357,Astronomy,0.0
https://openalex.org/W2799524357,Economic growth,0.0
https://openalex.org/W2799524357,Physics,0.0
https://openalex.org/W2799524357,Economics,0.0
https://openalex.org/W2134967712,AutoDock,0.9046612977981567
https://openalex.org/W2134967712,Multithreading,0.8171991109848022
https://openalex.org/W2134967712,Computer science,0.758578896522522
https://openalex.org/W2134967712,Parallel computing,0.6117604970932007
https://openalex.org/W2134967712,Grid,0.5036661028862
https://openalex.org/W2134967712,Software,0.44929659366607666
https://openalex.org/W2134967712,Docking (animal),0.4337516725063324
https://openalex.org/W2134967712,Operating system,0.27929356694221497
https://openalex.org/W2134967712,Mathematics,0.1249125599861145
https://openalex.org/W2134967712,Chemistry,0.12061074376106262
https://openalex.org/W2134967712,Thread (computing),0.08640816807746887
https://openalex.org/W2134967712,Geometry,0.0
https://openalex.org/W2134967712,Medicine,0.0
https://openalex.org/W2134967712,Gene,0.0
https://openalex.org/W2134967712,Biochemistry,0.0
https://openalex.org/W2134967712,In silico,0.0
https://openalex.org/W2134967712,Nursing,0.0
https://openalex.org/W2051978340,Medical genetics,0.6927087306976318
https://openalex.org/W2051978340,Workgroup,0.6349256038665771
https://openalex.org/W2051978340,Exome sequencing,0.6054781079292297
https://openalex.org/W2051978340,Context (archaeology),0.5783970355987549
https://openalex.org/W2051978340,Exome,0.5332229733467102
https://openalex.org/W2051978340,Genomics,0.5330480337142944
https://openalex.org/W2051978340,Genetic testing,0.45737671852111816
https://openalex.org/W2051978340,Genetics,0.4442348778247833
https://openalex.org/W2051978340,Whole genome sequencing,0.4177917242050171
https://openalex.org/W2051978340,Genetic association,0.4143868386745453
https://openalex.org/W2051978340,Computational biology,0.3601316809654236
https://openalex.org/W2051978340,Biology,0.3523225784301758
https://openalex.org/W2051978340,Bioinformatics,0.32303759455680847
https://openalex.org/W2051978340,Genome,0.20689421892166138
https://openalex.org/W2051978340,Computer science,0.19280385971069336
https://openalex.org/W2051978340,Single-nucleotide polymorphism,0.16274437308311462
https://openalex.org/W2051978340,Gene,0.1315501630306244
https://openalex.org/W2051978340,Genotype,0.10445600748062134
https://openalex.org/W2051978340,Mutation,0.10024502873420715
https://openalex.org/W2051978340,Computer network,0.0
https://openalex.org/W2051978340,Paleontology,0.0
https://openalex.org/W2102619694,Computer science,0.7910476922988892
https://openalex.org/W2102619694,Suite,0.7375205755233765
https://openalex.org/W2102619694,Annotation,0.6916934251785278
https://openalex.org/W2102619694,Unix,0.5994070172309875
https://openalex.org/W2102619694,Source code,0.5976645350456238
https://openalex.org/W2102619694,Software,0.5835461616516113
https://openalex.org/W2102619694,Genomics,0.5817607641220093
https://openalex.org/W2102619694,Data mining,0.47825729846954346
https://openalex.org/W2102619694,Software suite,0.4569973349571228
https://openalex.org/W2102619694,Information retrieval,0.43488502502441406
https://openalex.org/W2102619694,Feature (linguistics),0.4285608232021332
https://openalex.org/W2102619694,Genome,0.3037574291229248
https://openalex.org/W2102619694,Artificial intelligence,0.21657979488372803
https://openalex.org/W2102619694,Programming language,0.2070837914943695
https://openalex.org/W2102619694,Biology,0.10147431492805481
https://openalex.org/W2102619694,Archaeology,0.0
https://openalex.org/W2102619694,History,0.0
https://openalex.org/W2102619694,Biochemistry,0.0
https://openalex.org/W2102619694,Linguistics,0.0
https://openalex.org/W2102619694,Philosophy,0.0
https://openalex.org/W2102619694,Gene,0.0
https://openalex.org/W2970684805,Systematic review,0.533315122127533
https://openalex.org/W2970684805,Medicine,0.5176556706428528
https://openalex.org/W2970684805,Randomized controlled trial,0.5045734643936157
https://openalex.org/W2970684805,Publication bias,0.4742540419101715
https://openalex.org/W2970684805,Clinical trial,0.42311277985572815
https://openalex.org/W2970684805,MEDLINE,0.4072604179382324
https://openalex.org/W2970684805,Computer science,0.39250078797340393
https://openalex.org/W2970684805,Meta-analysis,0.3769868016242981
https://openalex.org/W2970684805,Medical physics,0.3722756505012512
https://openalex.org/W2970684805,Internal medicine,0.13073280453681946
https://openalex.org/W2970684805,Law,0.0
https://openalex.org/W2970684805,Political science,0.0
https://openalex.org/W2280404143,Sepsis,0.8699451088905334
https://openalex.org/W2280404143,Medicine,0.8337922096252441
https://openalex.org/W2280404143,Septic shock,0.8011101484298706
https://openalex.org/W2280404143,Intensive care medicine,0.7006258368492126
https://openalex.org/W2280404143,Organ dysfunction,0.665127694606781
https://openalex.org/W2280404143,Systemic inflammatory response syndrome,0.5821648836135864
https://openalex.org/W2280404143,SOFA score,0.5207162499427795
https://openalex.org/W2280404143,Epidemiology,0.4713418185710907
https://openalex.org/W2280404143,Shock (circulatory),0.44265931844711304
https://openalex.org/W2280404143,Immunology,0.31963467597961426
https://openalex.org/W2280404143,Internal medicine,0.18833184242248535
https://openalex.org/W2180229411,Python (programming language),0.807931661605835
https://openalex.org/W2180229411,Computer science,0.714674711227417
https://openalex.org/W2180229411,Automation,0.5735701322555542
https://openalex.org/W2180229411,Graphics,0.5545434951782227
https://openalex.org/W2180229411,Software,0.535729169845581
https://openalex.org/W2180229411,Computational science,0.4070265293121338
https://openalex.org/W2180229411,Algorithm,0.39991509914398193
https://openalex.org/W2180229411,Software engineering,0.358934611082077
https://openalex.org/W2180229411,Programming language,0.2695217728614807
https://openalex.org/W2180229411,Computer graphics (images),0.21209827065467834
https://openalex.org/W2180229411,Engineering,0.12776979804039001
https://openalex.org/W2180229411,Mechanical engineering,0.0
https://openalex.org/W4392145873,Insulin sensitivity,0.7484523057937622
https://openalex.org/W4392145873,Sugar,0.5783707499504089
https://openalex.org/W4392145873,Insulin,0.5165402293205261
https://openalex.org/W4392145873,Carbohydrate metabolism,0.49874329566955566
https://openalex.org/W4392145873,Metabolism,0.4800609052181244
https://openalex.org/W4392145873,Blood sugar,0.4526788890361786
https://openalex.org/W4392145873,Consumption (sociology),0.4380101263523102
https://openalex.org/W4392145873,Endocrinology,0.3982633650302887
https://openalex.org/W4392145873,Diabetes mellitus,0.39639055728912354
https://openalex.org/W4392145873,Internal medicine,0.36532115936279297
https://openalex.org/W4392145873,Food science,0.35726198554039
https://openalex.org/W4392145873,Biology,0.349374920129776
https://openalex.org/W4392145873,Medicine,0.34066125750541687
https://openalex.org/W4392145873,Chemistry,0.32783451676368713
https://openalex.org/W4392145873,Insulin resistance,0.215687096118927
https://openalex.org/W4392145873,Art,0.051440030336380005
https://openalex.org/W4392145873,Aesthetics,0.0
https://openalex.org/W1999574084,Computational biology,0.6858428120613098
https://openalex.org/W1999574084,RNA-Seq,0.6149810552597046
https://openalex.org/W1999574084,Genome,0.6081339120864868
https://openalex.org/W1999574084,Biology,0.604788064956665
https://openalex.org/W1999574084,Reference genome,0.5842535495758057
https://openalex.org/W1999574084,Gene,0.49712303280830383
https://openalex.org/W1999574084,DNA microarray,0.47706782817840576
https://openalex.org/W1999574084,Transcriptome,0.4619361162185669
https://openalex.org/W1999574084,Genetics,0.42158228158950806
https://openalex.org/W1999574084,Gene expression,0.25261390209198
https://openalex.org/W2963276645,Microbiome,0.7692012786865234
https://openalex.org/W2963276645,Scalability,0.6612159013748169
https://openalex.org/W2963276645,Extensibility,0.6170313954353333
https://openalex.org/W2963276645,Computer science,0.581027090549469
https://openalex.org/W2963276645,Computational biology,0.5356760621070862
https://openalex.org/W2963276645,Data science,0.3914947807788849
https://openalex.org/W2963276645,Biology,0.3179319202899933
https://openalex.org/W2963276645,Bioinformatics,0.2061787247657776
https://openalex.org/W2963276645,Database,0.15453827381134033
https://openalex.org/W2963276645,Programming language,0.11720123887062073
https://openalex.org/W2124985265,Biology,0.8509682416915894
https://openalex.org/W2124985265,Human genetics,0.7771162390708923
https://openalex.org/W2124985265,Human genome,0.6280904412269592
https://openalex.org/W2124985265,Genome,0.5975379347801208
https://openalex.org/W2124985265,Computational biology,0.5605996251106262
https://openalex.org/W2124985265,Genetics,0.5436074733734131
https://openalex.org/W2124985265,Genome Biology,0.5287090539932251
https://openalex.org/W2124985265,Computational genomics,0.5162801146507263
https://openalex.org/W2124985265,DNA,0.5098894834518433
https://openalex.org/W2124985265,DNA sequencing,0.4375864565372467
https://openalex.org/W2124985265,Evolutionary biology,0.419039785861969
https://openalex.org/W2124985265,Genomics,0.39258331060409546
https://openalex.org/W2124985265,Gene,0.21812677383422852
https://openalex.org/W2056279562,UniFrac,0.7004175782203674
https://openalex.org/W2056279562,Computer science,0.661179780960083
https://openalex.org/W2056279562,Data science,0.6590486168861389
https://openalex.org/W2056279562,Data mining,0.5434007048606873
https://openalex.org/W2056279562,Visualization,0.5426360964775085
https://openalex.org/W2056279562,Data visualization,0.48705628514289856
https://openalex.org/W2056279562,Graphics,0.48285943269729614
https://openalex.org/W2056279562,Microbiome,0.46862179040908813
https://openalex.org/W2056279562,R package,0.43922626972198486
https://openalex.org/W2056279562,Software,0.41683003306388855
https://openalex.org/W2056279562,Information retrieval,0.3782074451446533
https://openalex.org/W2056279562,Bioinformatics,0.28147774934768677
https://openalex.org/W2056279562,Biology,0.2093779742717743
https://openalex.org/W2056279562,Genetics,0.0
https://openalex.org/W2056279562,Computer graphics (images),0.0
https://openalex.org/W2056279562,16S ribosomal RNA,0.0
https://openalex.org/W2056279562,Computational science,0.0
https://openalex.org/W2056279562,Programming language,0.0
https://openalex.org/W2056279562,Bacteria,0.0
https://openalex.org/W2163341755,Phaser,0.9933281540870667
https://openalex.org/W2163341755,Molecular replacement,0.5923129320144653
https://openalex.org/W2163341755,Python (programming language),0.5862244367599487
https://openalex.org/W2163341755,Computer science,0.5321328639984131
https://openalex.org/W2163341755,Algorithm,0.5289105176925659
https://openalex.org/W2163341755,Software,0.4386933743953705
https://openalex.org/W2163341755,Crystallography,0.38231101632118225
https://openalex.org/W2163341755,Crystal structure,0.3630252182483673
https://openalex.org/W2163341755,Optics,0.31579160690307617
https://openalex.org/W2163341755,Physics,0.2672581672668457
https://openalex.org/W2163341755,Chemistry,0.20854485034942627
https://openalex.org/W2163341755,Programming language,0.15164488554000854
https://openalex.org/W2122825543,Elastic net regularization,0.8652974963188171
https://openalex.org/W2122825543,Regularization (linguistics),0.6383069753646851
https://openalex.org/W2122825543,Feature selection,0.5038465857505798
https://openalex.org/W2122825543,Variable (mathematics),0.4575996696949005
https://openalex.org/W2122825543,Computer science,0.4278355538845062
https://openalex.org/W2122825543,Mathematics,0.3908452093601227
https://openalex.org/W2122825543,Applied mathematics,0.3694790303707123
https://openalex.org/W2122825543,Mathematical optimization,0.33529749512672424
https://openalex.org/W2122825543,Algorithm,0.32155174016952515
https://openalex.org/W2122825543,Artificial intelligence,0.3082195222377777
https://openalex.org/W2122825543,Mathematical analysis,0.16729876399040222
https://openalex.org/W2104549677,1000 Genomes Project,0.6596741080284119
https://openalex.org/W2104549677,Genome,0.5927777886390686
https://openalex.org/W2104549677,Biology,0.5870188474655151
https://openalex.org/W2104549677,Reference genome,0.5823532938957214
https://openalex.org/W2104549677,Genetic variation,0.5792258381843567
https://openalex.org/W2104549677,Exome sequencing,0.5580496788024902
https://openalex.org/W2104549677,Single-nucleotide polymorphism,0.5544956922531128
https://openalex.org/W2104549677,Genetics,0.5537416934967041
https://openalex.org/W2104549677,Haplotype,0.5297934412956238
https://openalex.org/W2104549677,Indel,0.5285143852233887
https://openalex.org/W2104549677,Structural variation,0.5155425071716309
https://openalex.org/W2104549677,Tag SNP,0.4988093376159668
https://openalex.org/W2104549677,Genotyping,0.49519363045692444
https://openalex.org/W2104549677,Human genome,0.4877665638923645
https://openalex.org/W2104549677,Computational biology,0.46890130639076233
https://openalex.org/W2104549677,Human genetic variation,0.46719881892204285
https://openalex.org/W2104549677,Exome,0.4664895534515381
https://openalex.org/W2104549677,SNP genotyping,0.4226377606391907
https://openalex.org/W2104549677,Genome-wide association study,0.41653817892074585
https://openalex.org/W2104549677,Genotype,0.20878955721855164
https://openalex.org/W2104549677,Mutation,0.16898080706596375
https://openalex.org/W2104549677,Gene,0.15067875385284424
https://openalex.org/W2900569176,String (physics),0.6766728758811951
https://openalex.org/W2900569176,KEGG,0.6750853061676025
https://openalex.org/W2900569176,Biology,0.6289007663726807
https://openalex.org/W2900569176,Computational biology,0.5931608080863953
https://openalex.org/W2900569176,Computer science,0.48944273591041565
https://openalex.org/W2900569176,Cluster analysis,0.4722900986671448
https://openalex.org/W2900569176,Genome,0.45498907566070557
https://openalex.org/W2900569176,Data mining,0.44463470578193665
https://openalex.org/W2900569176,Interaction network,0.4307992160320282
https://openalex.org/W2900569176,Gene ontology,0.41916584968566895
https://openalex.org/W2900569176,Set (abstract data type),0.4162874221801758
https://openalex.org/W2900569176,Gene,0.2524731755256653
https://openalex.org/W2900569176,Machine learning,0.21071302890777588
https://openalex.org/W2900569176,Genetics,0.20602190494537354
https://openalex.org/W2900569176,Physics,0.0
https://openalex.org/W2900569176,Gene expression,0.0
https://openalex.org/W2900569176,Quantum mechanics,0.0
https://openalex.org/W2900569176,Programming language,0.0
https://openalex.org/W3092849554,Burden of disease,0.6977304220199585
https://openalex.org/W3092849554,Medicine,0.5043481588363647
https://openalex.org/W3092849554,Disease,0.49789977073669434
https://openalex.org/W3092849554,Disease burden,0.4721788465976715
https://openalex.org/W3092849554,Environmental health,0.4483446478843689
https://openalex.org/W3092849554,Pathology,0.09758061170578003
https://openalex.org/W2531269403,Psychological intervention,0.8379109501838684
https://openalex.org/W2531269403,Medicine,0.5872930288314819
https://openalex.org/W2531269403,Strengths and weaknesses,0.5695809721946716
https://openalex.org/W2531269403,Systematic review,0.5523392558097839
https://openalex.org/W2531269403,Harm,0.5276176929473877
https://openalex.org/W2531269403,Meta-analysis,0.4871029853820801
https://openalex.org/W2531269403,MEDLINE,0.4540763795375824
https://openalex.org/W2531269403,Psychology,0.2573462128639221
https://openalex.org/W2531269403,Nursing,0.12202504277229309
https://openalex.org/W2531269403,Pathology,0.0836808979511261
https://openalex.org/W2531269403,Social psychology,0.07648447155952454
https://openalex.org/W2531269403,Political science,0.0
https://openalex.org/W2531269403,Law,0.0
https://openalex.org/W1997183854,Biology,0.9437977075576782
https://openalex.org/W1997183854,Programmed cell death,0.584044337272644
https://openalex.org/W1997183854,Cell biology,0.4045311212539673
https://openalex.org/W1997183854,Apoptosis,0.2768837511539459
https://openalex.org/W1997183854,Biochemistry,0.236640065908432
https://openalex.org/W2149992227,dbSNP,0.8018985390663147
https://openalex.org/W2149992227,Perl,0.7651614546775818
https://openalex.org/W2149992227,Computer science,0.6644801497459412
https://openalex.org/W2149992227,Suite,0.5848119258880615
https://openalex.org/W2149992227,Software,0.5735538601875305
https://openalex.org/W2149992227,Exome,0.5672910809516907
https://openalex.org/W2149992227,Annotation,0.46321162581443787
https://openalex.org/W2149992227,Exome sequencing,0.36918359994888306
https://openalex.org/W2149992227,World Wide Web,0.30413755774497986
https://openalex.org/W2149992227,Single-nucleotide polymorphism,0.27272576093673706
https://openalex.org/W2149992227,Programming language,0.22410982847213745
https://openalex.org/W2149992227,Genetics,0.20370519161224365
https://openalex.org/W2149992227,Biology,0.20119285583496094
https://openalex.org/W2149992227,Artificial intelligence,0.15234750509262085
https://openalex.org/W2149992227,Mutation,0.11835461854934692
https://openalex.org/W2149992227,Gene,0.09557333588600159
https://openalex.org/W2149992227,Genotype,0.07835322618484497
https://openalex.org/W2149992227,Archaeology,0.0
https://openalex.org/W2149992227,History,0.0
https://openalex.org/W2965373594,Hyperparameter,0.9048327803611755
https://openalex.org/W2965373594,Computer science,0.7392182350158691
https://openalex.org/W2965373594,Replication (statistics),0.6915276646614075
https://openalex.org/W2965373594,Code (set theory),0.6303969621658325
https://openalex.org/W2965373594,Key (lock),0.6137202382087708
https://openalex.org/W2965373594,Language model,0.5329820513725281
https://openalex.org/W2965373594,Artificial intelligence,0.4992396831512451
https://openalex.org/W2965373594,Machine learning,0.4961768090724945
https://openalex.org/W2965373594,Training set,0.46392735838890076
https://openalex.org/W2965373594,Natural language processing,0.3498411178588867
https://openalex.org/W2965373594,Programming language,0.1653825342655182
https://openalex.org/W2965373594,Statistics,0.10682034492492676
https://openalex.org/W2965373594,Mathematics,0.08108815550804138
https://openalex.org/W2965373594,Set (abstract data type),0.07911321520805359
https://openalex.org/W2965373594,Computer security,0.07375958561897278
https://openalex.org/W1997476591,Biology,0.8815392255783081
https://openalex.org/W1997476591,Statistics,0.5648653507232666
https://openalex.org/W1997476591,Population,0.45308154821395874
https://openalex.org/W1997476591,Population structure,0.4302852749824524
https://openalex.org/W1997476591,Demography,0.17448937892913818
https://openalex.org/W1997476591,Mathematics,0.11222994327545166
https://openalex.org/W1997476591,Sociology,0.0
https://openalex.org/W2949177718,Biology,0.929631233215332
https://openalex.org/W2949177718,Computational biology,0.5100274682044983
https://openalex.org/W2949177718,Data integration,0.44733062386512756
https://openalex.org/W2949177718,Computer science,0.13379773497581482
https://openalex.org/W2949177718,Data mining,0.11016786098480225
https://openalex.org/W2133856765,Metagenomics,0.8709119558334351
https://openalex.org/W2133856765,Biology,0.8356318473815918
https://openalex.org/W2133856765,Computational biology,0.6618541479110718
https://openalex.org/W2133856765,Human genetics,0.6426740884780884
https://openalex.org/W2133856765,Genome Biology,0.5932316780090332
https://openalex.org/W2133856765,Biomarker discovery,0.5586557388305664
https://openalex.org/W2133856765,Evolutionary biology,0.4683643579483032
https://openalex.org/W2133856765,Biomarker,0.4389329254627228
https://openalex.org/W2133856765,Genomics,0.426724910736084
https://openalex.org/W2133856765,Genetics,0.3381273150444031
https://openalex.org/W2133856765,Bioinformatics,0.3205695152282715
https://openalex.org/W2133856765,Proteomics,0.31006425619125366
https://openalex.org/W2133856765,Genome,0.2687777876853943
https://openalex.org/W2133856765,Gene,0.15703719854354858
https://openalex.org/W2580767461,Golgi apparatus,0.8617566227912903
https://openalex.org/W2580767461,Cell biology,0.5797703266143799
https://openalex.org/W2580767461,Cilium,0.5730081796646118
https://openalex.org/W2580767461,Biology,0.35964328050613403
https://openalex.org/W2580767461,Endoplasmic reticulum,0.0
https://openalex.org/W2928665623,Computer science,0.7498632669448853
https://openalex.org/W2928665623,Interactome,0.6777277588844299
https://openalex.org/W2928665623,Annotation,0.579903244972229
https://openalex.org/W2928665623,Inference,0.5014593601226807
https://openalex.org/W2928665623,Pipeline (software),0.46248704195022583
https://openalex.org/W2928665623,Leverage (statistics),0.4564914107322693
https://openalex.org/W2928665623,Resource (disambiguation),0.45623230934143066
https://openalex.org/W2928665623,Data science,0.39577096700668335
https://openalex.org/W2928665623,Data mining,0.3815933167934418
https://openalex.org/W2928665623,Computational biology,0.3325192928314209
https://openalex.org/W2928665623,Artificial intelligence,0.20229434967041016
https://openalex.org/W2928665623,Biology,0.14939042925834656
https://openalex.org/W2928665623,Gene,0.10448846220970154
https://openalex.org/W2928665623,Computer network,0.0
https://openalex.org/W2928665623,Programming language,0.0
https://openalex.org/W2928665623,Biochemistry,0.0
https://openalex.org/W2133465414,Biology,0.6149577498435974
https://openalex.org/W2133465414,Data science,0.5851081013679504
https://openalex.org/W2133465414,Annotation,0.5574578642845154
https://openalex.org/W2133465414,Task (project management),0.5131352543830872
https://openalex.org/W2133465414,Computational biology,0.44449201226234436
https://openalex.org/W2133465414,Computer science,0.397876501083374
https://openalex.org/W2133465414,Bioinformatics,0.33921897411346436
https://openalex.org/W2133465414,Engineering,0.06328582763671875
https://openalex.org/W2133465414,Systems engineering,0.0
https://openalex.org/W2125065061,Covariate,0.6156277656555176
https://openalex.org/W2125065061,Cause of death,0.5558197498321533
https://openalex.org/W2125065061,Demography,0.543491542339325
https://openalex.org/W2125065061,Medicine,0.5180118680000305
https://openalex.org/W2125065061,Statistics,0.4522966146469116
https://openalex.org/W2125065061,Missing data,0.43697911500930786
https://openalex.org/W2125065061,Disease,0.39989426732063293
https://openalex.org/W2125065061,Mathematics,0.15310701727867126
https://openalex.org/W2125065061,Pathology,0.0
https://openalex.org/W2125065061,Sociology,0.0
https://openalex.org/W2912654919,Incidence (geometry),0.7433581948280334
https://openalex.org/W2912654919,Burden of disease,0.5724391937255859
https://openalex.org/W2912654919,Medicine,0.5583836436271667
https://openalex.org/W2912654919,Disease,0.4724835753440857
https://openalex.org/W2912654919,Environmental health,0.4570673704147339
https://openalex.org/W2912654919,Demography,0.41023820638656616
https://openalex.org/W2912654919,Geography,0.3634204864501953
https://openalex.org/W2912654919,Pathology,0.1403493583202362
https://openalex.org/W2912654919,Physics,0.0
https://openalex.org/W2912654919,Optics,0.0
https://openalex.org/W2912654919,Sociology,0.0
https://openalex.org/W2140729960,Biology,0.8931509256362915
https://openalex.org/W2140729960,Human genetics,0.7173441648483276
https://openalex.org/W2140729960,Genetics,0.6169547438621521
https://openalex.org/W2140729960,Gene,0.5641075968742371
https://openalex.org/W2140729960,Transcriptome,0.5549581050872803
https://openalex.org/W2140729960,Computational biology,0.515670895576477
https://openalex.org/W2140729960,Computational genomics,0.4908462166786194
https://openalex.org/W2140729960,Genome Biology,0.4602375030517578
https://openalex.org/W2140729960,Genomics,0.34941720962524414
https://openalex.org/W2140729960,Evolutionary biology,0.33077871799468994
https://openalex.org/W2140729960,Genome,0.26627403497695923
https://openalex.org/W2140729960,Gene expression,0.19981878995895386
https://openalex.org/W2099085143,Computer science,0.6667525768280029
https://openalex.org/W2099085143,Codebase,0.6420512199401855
https://openalex.org/W2099085143,Scalability,0.5402739644050598
https://openalex.org/W2099085143,Genome-wide association study,0.5037195086479187
https://openalex.org/W2099085143,Population,0.4763762652873993
https://openalex.org/W2099085143,Data mining,0.462213933467865
https://openalex.org/W2099085143,1000 Genomes Project,0.41854164004325867
https://openalex.org/W2099085143,Theoretical computer science,0.36785268783569336
https://openalex.org/W2099085143,Source code,0.3101435899734497
https://openalex.org/W2099085143,Biology,0.17727530002593994
https://openalex.org/W2099085143,Genetics,0.1448659896850586
https://openalex.org/W2099085143,Single-nucleotide polymorphism,0.0
https://openalex.org/W2099085143,Operating system,0.0
https://openalex.org/W2099085143,Demography,0.0
https://openalex.org/W2099085143,Sociology,0.0
https://openalex.org/W2099085143,Database,0.0
https://openalex.org/W2099085143,Gene,0.0
https://openalex.org/W2099085143,Genotype,0.0
https://openalex.org/W2751884637,Incidence (geometry),0.7112920880317688
https://openalex.org/W2751884637,Medicine,0.6231419444084167
https://openalex.org/W2751884637,Burden of disease,0.5833873748779297
https://openalex.org/W2751884637,Disease,0.5236461162567139
https://openalex.org/W2751884637,Environmental health,0.4794853627681732
https://openalex.org/W2751884637,Demography,0.35377806425094604
https://openalex.org/W2751884637,Pathology,0.13991668820381165
https://openalex.org/W2751884637,Sociology,0.0
https://openalex.org/W2751884637,Optics,0.0
https://openalex.org/W2751884637,Physics,0.0
https://openalex.org/W3144543375,Checklist,0.8919169902801514
https://openalex.org/W3144543375,Systematic review,0.8361490964889526
https://openalex.org/W3144543375,Medicine,0.7447241544723511
https://openalex.org/W3144543375,Guideline,0.7049692869186401
https://openalex.org/W3144543375,Statement (logic),0.5949721336364746
https://openalex.org/W3144543375,Terminology,0.5938802361488342
https://openalex.org/W3144543375,Presentation (obstetrics),0.522001326084137
https://openalex.org/W3144543375,MEDLINE,0.455545574426651
https://openalex.org/W3144543375,Management science,0.32949328422546387
https://openalex.org/W3144543375,Pathology,0.12116920948028564
https://openalex.org/W3144543375,Psychology,0.10928121209144592
https://openalex.org/W3144543375,Engineering,0.06331139802932739
https://openalex.org/W3144543375,Law,0.0
https://openalex.org/W3144543375,Linguistics,0.0
https://openalex.org/W3144543375,Philosophy,0.0
https://openalex.org/W3144543375,Political science,0.0
https://openalex.org/W3144543375,Radiology,0.0
https://openalex.org/W3144543375,Cognitive psychology,0.0
https://openalex.org/W2096283457,Biology,0.7182745337486267
https://openalex.org/W2096283457,Breast cancer,0.7127041816711426
https://openalex.org/W2096283457,Epigenetics,0.5937155485153198
https://openalex.org/W2096283457,GATA3,0.5287665128707886
https://openalex.org/W2096283457,Cancer research,0.47406119108200073
https://openalex.org/W2096283457,Gene,0.44843900203704834
https://openalex.org/W2096283457,microRNA,0.43741512298583984
https://openalex.org/W2096283457,DNA methylation,0.4295319616794586
https://openalex.org/W2096283457,Cancer,0.3927420675754547
https://openalex.org/W2096283457,Genetics,0.3777002692222595
https://openalex.org/W2096283457,Gene expression,0.30062705278396606
https://openalex.org/W2096283457,Transcription factor,0.1769532561302185
https://openalex.org/W2110052313,Medicine,0.7390699982643127
https://openalex.org/W2110052313,Environmental health,0.7141213417053223
https://openalex.org/W2110052313,Burden of disease,0.7023000121116638
https://openalex.org/W2110052313,Attributable risk,0.6161518692970276
https://openalex.org/W2110052313,Disease burden,0.6051012277603149
https://openalex.org/W2110052313,Disability-adjusted life year,0.5846619009971619
https://openalex.org/W2110052313,Years of potential life lost,0.5815194249153137
https://openalex.org/W2110052313,Risk assessment,0.5756056904792786
https://openalex.org/W2110052313,Relative risk,0.5610102415084839
https://openalex.org/W2110052313,Risk factor,0.5091940760612488
https://openalex.org/W2110052313,Disease,0.49889111518859863
https://openalex.org/W2110052313,Demography,0.3464873433113098
https://openalex.org/W2110052313,Confidence interval,0.2946649193763733
https://openalex.org/W2110052313,Life expectancy,0.27504870295524597
https://openalex.org/W2110052313,Population,0.16413837671279907
https://openalex.org/W2110052313,Pathology,0.0
https://openalex.org/W2110052313,Internal medicine,0.0
https://openalex.org/W2110052313,Sociology,0.0
https://openalex.org/W2110052313,Computer science,0.0
https://openalex.org/W2110052313,Computer security,0.0
https://openalex.org/W2128769815,Microbiome,0.8278478384017944
https://openalex.org/W2128769815,Metagenomics,0.7584229111671448
https://openalex.org/W2128769815,Biology,0.6747705936431885
https://openalex.org/W2128769815,Ecology,0.6547218561172485
https://openalex.org/W2128769815,Human Microbiome Project,0.5840378999710083
https://openalex.org/W2128769815,Niche,0.5147614479064941
https://openalex.org/W2128769815,Human microbiome,0.5101380944252014
https://openalex.org/W2128769815,Community,0.5060710310935974
https://openalex.org/W2128769815,Population,0.48571544885635376
https://openalex.org/W2128769815,Habitat,0.4501504898071289
https://openalex.org/W2128769815,Microbial ecology,0.4453139901161194
https://openalex.org/W2128769815,Evolutionary biology,0.3474726676940918
https://openalex.org/W2128769815,Genetics,0.15872535109519958
https://openalex.org/W2128769815,Medicine,0.12795865535736084
https://openalex.org/W2128769815,Environmental health,0.11622247099876404
https://openalex.org/W2128769815,Gene,0.094522625207901
https://openalex.org/W2128769815,Bacteria,0.09365224838256836
https://openalex.org/W2345356016,Upload,0.7777903079986572
https://openalex.org/W2345356016,Biology,0.7174049019813538
https://openalex.org/W2345356016,Set (abstract data type),0.6215588450431824
https://openalex.org/W2345356016,Web server,0.5290771126747131
https://openalex.org/W2345356016,Interface (matter),0.5150232315063477
https://openalex.org/W2345356016,Visualization,0.5145556330680847
https://openalex.org/W2345356016,Computational biology,0.49768760800361633
https://openalex.org/W2345356016,Gene,0.4761785864830017
https://openalex.org/W2345356016,Application programming interface,0.4615263044834137
https://openalex.org/W2345356016,Genome,0.4576593339443207
https://openalex.org/W2345356016,Gene nomenclature,0.44933363795280457
https://openalex.org/W2345356016,The Internet,0.4274597465991974
https://openalex.org/W2345356016,Computer science,0.35715776681900024
https://openalex.org/W2345356016,Information retrieval,0.3558245301246643
https://openalex.org/W2345356016,World Wide Web,0.26434504985809326
https://openalex.org/W2345356016,Data mining,0.23023942112922668
https://openalex.org/W2345356016,Genetics,0.227516770362854
https://openalex.org/W2345356016,Programming language,0.10912060737609863
https://openalex.org/W2345356016,Pulmonary surfactant,0.0
https://openalex.org/W2345356016,Taxonomy (biology),0.0
https://openalex.org/W2345356016,Botany,0.0
https://openalex.org/W2345356016,Gibbs isotherm,0.0
https://openalex.org/W2345356016,Nomenclature,0.0
https://openalex.org/W2345356016,Biochemistry,0.0
https://openalex.org/W3146142859,Checklist,0.8959730863571167
https://openalex.org/W3146142859,Systematic review,0.8332876563072205
https://openalex.org/W3146142859,Guideline,0.7065445184707642
https://openalex.org/W3146142859,Medicine,0.6210277080535889
https://openalex.org/W3146142859,Statement (logic),0.6195135116577148
https://openalex.org/W3146142859,Terminology,0.5833229422569275
https://openalex.org/W3146142859,Presentation (obstetrics),0.5270612239837646
https://openalex.org/W3146142859,MEDLINE,0.45067667961120605
https://openalex.org/W3146142859,Management science,0.33917367458343506
https://openalex.org/W3146142859,Medical physics,0.32605868577957153
https://openalex.org/W3146142859,Psychology,0.15540701150894165
https://openalex.org/W3146142859,Pathology,0.12200596928596497
https://openalex.org/W3146142859,Engineering,0.0745159387588501
https://openalex.org/W3146142859,Surgery,0.0615411102771759
https://openalex.org/W3146142859,Law,0.0
https://openalex.org/W3146142859,Cognitive psychology,0.0
https://openalex.org/W3146142859,Political science,0.0
https://openalex.org/W3146142859,Philosophy,0.0
https://openalex.org/W3146142859,Linguistics,0.0
https://openalex.org/W2801159594,Markov chain Monte Carlo,0.8097884654998779
https://openalex.org/W2801159594,Posterior probability,0.5867245197296143
https://openalex.org/W2801159594,Bayesian probability,0.5733441114425659
https://openalex.org/W2801159594,Bayesian inference,0.5426666140556335
https://openalex.org/W2801159594,Computer science,0.47528257966041565
https://openalex.org/W2801159594,Inference,0.4708285629749298
https://openalex.org/W2801159594,Artificial intelligence,0.34318995475769043
https://openalex.org/W2801159594,Biology,0.33509963750839233
https://openalex.org/W3113178943,Medicine,0.8957659006118774
https://openalex.org/W3113178943,Burden of disease,0.6250711679458618
https://openalex.org/W3113178943,Population,0.571294367313385
https://openalex.org/W3113178943,Disease burden,0.537912905216217
https://openalex.org/W3113178943,Years of potential life lost,0.5155167579650879
https://openalex.org/W3113178943,Demography,0.5074257254600525
https://openalex.org/W3113178943,Environmental health,0.49474141001701355
https://openalex.org/W3113178943,Incidence (geometry),0.46606212854385376
https://openalex.org/W3113178943,Disability-adjusted life year,0.4536948502063751
https://openalex.org/W3113178943,Global health,0.4490731358528137
https://openalex.org/W3113178943,Cause of death,0.44510552287101746
https://openalex.org/W3113178943,Case fatality rate,0.4428708553314209
https://openalex.org/W3113178943,Life expectancy,0.38459542393684387
https://openalex.org/W3113178943,Public health,0.38423794507980347
https://openalex.org/W3113178943,Disease,0.3741859793663025
https://openalex.org/W3113178943,Optics,0.0
https://openalex.org/W3113178943,Sociology,0.0
https://openalex.org/W3113178943,Physics,0.0
https://openalex.org/W3113178943,Nursing,0.0
https://openalex.org/W3113178943,Pathology,0.0
https://openalex.org/W2154589460,Epithelial–mesenchymal transition,0.8068782091140747
https://openalex.org/W2154589460,Mesenchymal stem cell,0.7060421705245972
https://openalex.org/W2154589460,Metastasis,0.5807816982269287
https://openalex.org/W2154589460,Fibrosis,0.5756919384002686
https://openalex.org/W2154589460,Phenotype,0.5686710476875305
https://openalex.org/W2154589460,Biology,0.5386777520179749
https://openalex.org/W2154589460,Cancer research,0.5064331293106079
https://openalex.org/W2154589460,Pathological,0.43770965933799744
https://openalex.org/W2154589460,Cell biology,0.4249672591686249
https://openalex.org/W2154589460,Pathology,0.40804341435432434
https://openalex.org/W2154589460,Medicine,0.30148476362228394
https://openalex.org/W2154589460,Cancer,0.21027877926826477
https://openalex.org/W2154589460,Genetics,0.10244077444076538
https://openalex.org/W2154589460,Gene,0.08490970730781555
https://openalex.org/W2131222241,Dengue fever,0.9409496784210205
https://openalex.org/W2131222241,Public health,0.6569899320602417
https://openalex.org/W2131222241,Environmental health,0.5402353405952454
https://openalex.org/W2131222241,Geography,0.47637173533439636
https://openalex.org/W2131222241,Global health,0.45942026376724243
https://openalex.org/W2131222241,Population,0.4428870975971222
https://openalex.org/W2131222241,Dengue virus,0.44054776430130005
https://openalex.org/W2131222241,Distribution (mathematics),0.4355420768260956
https://openalex.org/W2131222241,Urbanization,0.4116595685482025
https://openalex.org/W2131222241,Medicine,0.3680935502052307
https://openalex.org/W2131222241,Demography,0.34725022315979004
https://openalex.org/W2131222241,Virology,0.2809790372848511
https://openalex.org/W2131222241,Biology,0.16321802139282227
https://openalex.org/W2131222241,Ecology,0.0819181501865387
https://openalex.org/W2131222241,Mathematical analysis,0.0
https://openalex.org/W2131222241,Sociology,0.0
https://openalex.org/W2131222241,Nursing,0.0
https://openalex.org/W2131222241,Mathematics,0.0
https://openalex.org/W1982855075,Genome,0.7717738151550293
https://openalex.org/W1982855075,Computational biology,0.6319555044174194
https://openalex.org/W1982855075,Sequence assembly,0.5975780487060547
https://openalex.org/W1982855075,Biology,0.5231978893280029
https://openalex.org/W1982855075,Identification (biology),0.4985969066619873
https://openalex.org/W1982855075,DNA sequencing,0.4588928520679474
https://openalex.org/W1982855075,Bacterial genome size,0.4108867049217224
https://openalex.org/W1982855075,Genetics,0.3778529167175293
https://openalex.org/W1982855075,Computer science,0.3555288314819336
https://openalex.org/W1982855075,Gene,0.21970972418785095
https://openalex.org/W1982855075,Transcriptome,0.0
https://openalex.org/W1982855075,Gene expression,0.0
https://openalex.org/W1982855075,Botany,0.0
https://openalex.org/W2984472267,Data integration,0.5160693526268005
https://openalex.org/W2984472267,Computer science,0.4723414182662964
https://openalex.org/W2984472267,Computational biology,0.4386332631111145
https://openalex.org/W2984472267,Biology,0.33717775344848633
https://openalex.org/W2984472267,Data mining,0.2757812440395355
https://openalex.org/W3029661147,Gene,0.6953994631767273
https://openalex.org/W3029661147,Genome,0.6605028510093689
https://openalex.org/W3029661147,Biology,0.6265080571174622
https://openalex.org/W3029661147,Computational biology,0.624434232711792
https://openalex.org/W3029661147,Annotation,0.621225893497467
https://openalex.org/W3029661147,Exome sequencing,0.5792765021324158
https://openalex.org/W3029661147,Human genome,0.5655359029769897
https://openalex.org/W3029661147,Genetics,0.5423324108123779
https://openalex.org/W3029661147,Exome,0.4622931182384491
https://openalex.org/W3029661147,Loss function,0.4619614779949188
https://openalex.org/W3029661147,Phenotype,0.44457441568374634
https://openalex.org/W3029661147,Function (biology),0.4226640462875366
https://openalex.org/W3029661147,Mutation,0.41175058484077454
https://openalex.org/W3083406432,Undo,0.7811286449432373
https://openalex.org/W3083406432,Computer science,0.7697117328643799
https://openalex.org/W3083406432,Visualization,0.738735556602478
https://openalex.org/W3083406432,Documentation,0.637205183506012
https://openalex.org/W3083406432,Graphics,0.5823664665222168
https://openalex.org/W3083406432,Implementation,0.5357901453971863
https://openalex.org/W3083406432,Computer graphics (images),0.4773578643798828
https://openalex.org/W3083406432,World Wide Web,0.40456950664520264
https://openalex.org/W3083406432,Human–computer interaction,0.3447904586791992
https://openalex.org/W3083406432,Software engineering,0.2703250050544739
https://openalex.org/W3083406432,Operating system,0.2581351101398468
https://openalex.org/W3083406432,Data mining,0.12634587287902832
https://openalex.org/W4281790889,Computer science,0.6784952878952026
https://openalex.org/W4281790889,Protein folding,0.5938770174980164
https://openalex.org/W4281790889,Folding (DSP implementation),0.5742753744125366
https://openalex.org/W4281790889,Software,0.5202585458755493
https://openalex.org/W4281790889,Graphics processing unit,0.48440271615982056
https://openalex.org/W4281790889,Molecular graphics,0.4432174861431122
https://openalex.org/W4281790889,Open source software,0.42502227425575256
https://openalex.org/W4281790889,Graphics,0.4159841239452362
https://openalex.org/W4281790889,Computational biology,0.4144282639026642
https://openalex.org/W4281790889,Protein structure,0.411533921957016
https://openalex.org/W4281790889,Computational science,0.3966148793697357
https://openalex.org/W4281790889,Computer graphics,0.39377516508102417
https://openalex.org/W4281790889,Computer graphics (images),0.3354361057281494
https://openalex.org/W4281790889,Bioinformatics,0.3344537913799286
https://openalex.org/W4281790889,Chemistry,0.26076430082321167
https://openalex.org/W4281790889,Programming language,0.2266131043434143
https://openalex.org/W4281790889,Operating system,0.1889657974243164
https://openalex.org/W4281790889,Biology,0.1845313012599945
https://openalex.org/W4281790889,Biochemistry,0.1390623152256012
https://openalex.org/W4281790889,Engineering,0.09522822499275208
https://openalex.org/W4281790889,Electrical engineering,0.0
https://openalex.org/W3092861045,Medicine,0.6287028789520264
https://openalex.org/W3092861045,Environmental health,0.5630236864089966
https://openalex.org/W3092861045,Relative risk,0.534561038017273
https://openalex.org/W3092861045,Burden of disease,0.522494375705719
https://openalex.org/W3092861045,Risk assessment,0.5163697004318237
https://openalex.org/W3092861045,Public health,0.49692824482917786
https://openalex.org/W3092861045,Risk factor,0.4874320328235626
https://openalex.org/W3092861045,Years of potential life lost,0.46255460381507874
https://openalex.org/W3092861045,Systematic review,0.46002689003944397
https://openalex.org/W3092861045,Meta-analysis,0.4126778542995453
https://openalex.org/W3092861045,Demography,0.39072418212890625
https://openalex.org/W3092861045,MEDLINE,0.27714312076568604
https://openalex.org/W3092861045,Population,0.2595035433769226
https://openalex.org/W3092861045,Life expectancy,0.2438136637210846
https://openalex.org/W3092861045,Confidence interval,0.24039095640182495
https://openalex.org/W3092861045,Law,0.0
https://openalex.org/W3092861045,Nursing,0.0
https://openalex.org/W3092861045,Political science,0.0
https://openalex.org/W3092861045,Computer security,0.0
https://openalex.org/W3092861045,Computer science,0.0
https://openalex.org/W3092861045,Sociology,0.0
https://openalex.org/W3092861045,Internal medicine,0.0
https://openalex.org/W2132262459,Molecular dynamics,0.6600039601325989
https://openalex.org/W2132262459,Computer science,0.5774146318435669
https://openalex.org/W2132262459,Force field (fiction),0.4670464098453522
https://openalex.org/W2132262459,Solvent models,0.4664105176925659
https://openalex.org/W2132262459,Chemistry,0.34791433811187744
https://openalex.org/W2132262459,Statistical physics,0.3348895311355591
https://openalex.org/W2132262459,Computational chemistry,0.30381348729133606
https://openalex.org/W2132262459,Molecule,0.2984474301338196
https://openalex.org/W2132262459,Physics,0.16533973813056946
https://openalex.org/W2132262459,Solvation,0.15759626030921936
https://openalex.org/W2132262459,Artificial intelligence,0.12959298491477966
https://openalex.org/W2132262459,Organic chemistry,0.0
https://openalex.org/W2109491705,Innate immune system,0.8466854691505432
https://openalex.org/W2109491705,Pattern recognition receptor,0.6935315132141113
https://openalex.org/W2109491705,Biology,0.6820246577262878
https://openalex.org/W2109491705,Acquired immune system,0.6331462860107422
https://openalex.org/W2109491705,Receptor,0.6287565231323242
https://openalex.org/W2109491705,Immunology,0.6044256091117859
https://openalex.org/W2109491705,Immune system,0.5918962359428406
https://openalex.org/W2109491705,Immunity,0.5623419880867004
https://openalex.org/W2109491705,Toll-like receptor,0.5424633026123047
https://openalex.org/W2109491705,Pathogen-associated molecular pattern,0.43999242782592773
https://openalex.org/W2109491705,Cell biology,0.3546532988548279
https://openalex.org/W2109491705,Neuroscience,0.324341356754303
https://openalex.org/W2109491705,Genetics,0.09924796223640442
https://openalex.org/W2107665951,Computer science,0.7261747717857361
https://openalex.org/W2107665951,Outlier,0.6529086828231812
https://openalex.org/W2107665951,Data mining,0.6296980977058411
https://openalex.org/W2107665951,Sample size determination,0.6112954020500183
https://openalex.org/W2107665951,Bayes' theorem,0.586030125617981
https://openalex.org/W2107665951,Parametric statistics,0.5055875778198242
https://openalex.org/W2107665951,Software,0.44878625869750977
https://openalex.org/W2107665951,Bayesian probability,0.43974193930625916
https://openalex.org/W2107665951,Statistics,0.27978581190109253
https://openalex.org/W2107665951,Artificial intelligence,0.20687371492385864
https://openalex.org/W2107665951,Mathematics,0.1884566843509674
https://openalex.org/W2107665951,Programming language,0.0
https://openalex.org/W2008869160,Adipose tissue,0.8550851941108704
https://openalex.org/W2008869160,Obesity,0.6178430318832397
https://openalex.org/W2008869160,Macrophage,0.5106437802314758
https://openalex.org/W2008869160,Medicine,0.45751139521598816
https://openalex.org/W2008869160,Adipose tissue macrophages,0.4451373219490051
https://openalex.org/W2008869160,Endocrinology,0.40353769063949585
https://openalex.org/W2008869160,Internal medicine,0.3853570520877838
https://openalex.org/W2008869160,Biology,0.34296491742134094
https://openalex.org/W2008869160,Pathology,0.33536893129348755
https://openalex.org/W2008869160,White adipose tissue,0.2986809313297272
https://openalex.org/W2008869160,Biochemistry,0.14982643723487854
https://openalex.org/W2008869160,In vitro,0.0
https://openalex.org/W2899736836,Verbal autopsy,0.6028820276260376
https://openalex.org/W2899736836,Cause of death,0.5600994229316711
https://openalex.org/W2899736836,Demography,0.5477931499481201
https://openalex.org/W2899736836,Estimation,0.5269306898117065
https://openalex.org/W2899736836,Population,0.5100627541542053
https://openalex.org/W2899736836,Mortality rate,0.4810121953487396
https://openalex.org/W2899736836,Life expectancy,0.4707741439342499
https://openalex.org/W2899736836,Medicine,0.463647723197937
https://openalex.org/W2899736836,Burden of disease,0.4127240777015686
https://openalex.org/W2899736836,Geography,0.3712750971317291
https://openalex.org/W2899736836,Disease,0.3416685163974762
https://openalex.org/W2899736836,Environmental health,0.34080928564071655
https://openalex.org/W2899736836,Sociology,0.0
https://openalex.org/W2899736836,Pathology,0.0
https://openalex.org/W2899736836,Economics,0.0
https://openalex.org/W2899736836,Management,0.0
https://openalex.org/W2026616100,Computer science,0.7480064034461975
https://openalex.org/W2026616100,Visualization,0.651071310043335
https://openalex.org/W2026616100,Workstation,0.6496762633323669
https://openalex.org/W2026616100,Software,0.6047744154930115
https://openalex.org/W2026616100,Context (archaeology),0.5656136870384216
https://openalex.org/W2026616100,Interface (matter),0.47531944513320923
https://openalex.org/W2026616100,Rapid prototyping,0.4739439785480499
https://openalex.org/W2026616100,Segmentation,0.46885475516319275
https://openalex.org/W2026616100,Focus (optics),0.45553991198539734
https://openalex.org/W2026616100,Medical imaging,0.4413703680038452
https://openalex.org/W2026616100,Graphical user interface,0.41732993721961975
https://openalex.org/W2026616100,Human–computer interaction,0.3313455581665039
https://openalex.org/W2026616100,Artificial intelligence,0.28428566455841064
https://openalex.org/W2026616100,Engineering,0.11976015567779541
https://openalex.org/W2026616100,Operating system,0.10707840323448181
https://openalex.org/W2026616100,Physics,0.0
https://openalex.org/W2026616100,Bubble,0.0
https://openalex.org/W2026616100,Mechanical engineering,0.0
https://openalex.org/W2026616100,Biology,0.0
https://openalex.org/W2026616100,Maximum bubble pressure method,0.0
https://openalex.org/W2026616100,Paleontology,0.0
https://openalex.org/W2026616100,Optics,0.0
https://openalex.org/W2262414037,Biology,0.6623631715774536
https://openalex.org/W2262414037,KRAS,0.6440989971160889
https://openalex.org/W2262414037,MLH1,0.6397230625152588
https://openalex.org/W2262414037,Microsatellite instability,0.5725610256195068
https://openalex.org/W2262414037,Cancer research,0.5127404928207397
https://openalex.org/W2262414037,Genome instability,0.49027708172798157
https://openalex.org/W2262414037,DNA methylation,0.45442134141921997
https://openalex.org/W2262414037,Colorectal cancer,0.4431273639202118
https://openalex.org/W2262414037,Wnt signaling pathway,0.43355822563171387
https://openalex.org/W2262414037,Genetics,0.4312419295310974
https://openalex.org/W2262414037,Gene silencing,0.4304391145706177
https://openalex.org/W2262414037,Epigenetics,0.42471441626548767
https://openalex.org/W2262414037,Gene,0.41745448112487793
https://openalex.org/W2262414037,Mutation,0.37226003408432007
https://openalex.org/W2262414037,Cancer,0.3451065719127655
https://openalex.org/W2262414037,DNA mismatch repair,0.3326537013053894
https://openalex.org/W2262414037,Microsatellite,0.20491060614585876
https://openalex.org/W2262414037,Gene expression,0.20236128568649292
https://openalex.org/W2262414037,DNA,0.1798696219921112
https://openalex.org/W2262414037,DNA damage,0.12517061829566956
https://openalex.org/W2262414037,Allele,0.0
https://openalex.org/W2042433863,Biology,0.8701339364051819
https://openalex.org/W2042433863,Receptor,0.773504376411438
https://openalex.org/W2042433863,Pattern recognition receptor,0.729867696762085
https://openalex.org/W2042433863,Inflammation,0.5998061299324036
https://openalex.org/W2042433863,Signal transduction,0.5975374579429626
https://openalex.org/W2042433863,Cell biology,0.5656431913375854
https://openalex.org/W2042433863,Immunology,0.545160174369812
https://openalex.org/W2042433863,Innate immune system,0.5417237281799316
https://openalex.org/W2042433863,Autoimmunity,0.5383260250091553
https://openalex.org/W2042433863,Nod,0.47987619042396545
https://openalex.org/W2042433863,C-type lectin,0.47554776072502136
https://openalex.org/W2042433863,Damp,0.4601827561855316
https://openalex.org/W2042433863,Immune receptor,0.4475407004356384
https://openalex.org/W2042433863,Immune system,0.2986403703689575
https://openalex.org/W2042433863,Gene,0.12003308534622192
https://openalex.org/W2042433863,Genetics,0.11171284317970276
https://openalex.org/W2042433863,Meteorology,0.0
https://openalex.org/W2042433863,Physics,0.0
https://openalex.org/W2170024099,UniFrac,0.9885083436965942
https://openalex.org/W2170024099,Phylogenetic tree,0.8268288373947144
https://openalex.org/W2170024099,Biology,0.728197455406189
https://openalex.org/W2170024099,Seawater,0.6344267129898071
https://openalex.org/W2170024099,Sediment,0.5992066860198975
https://openalex.org/W2170024099,Ecology,0.5626276135444641
https://openalex.org/W2170024099,Temperate climate,0.48502296209335327
https://openalex.org/W2170024099,Phylogenetics,0.4653523564338684
https://openalex.org/W2170024099,Ordination,0.4417167603969574
https://openalex.org/W2170024099,Arctic,0.43319687247276306
https://openalex.org/W2170024099,Microbial population biology,0.4281194508075714
https://openalex.org/W2170024099,Bacterioplankton,0.42217564582824707
https://openalex.org/W2170024099,Metagenomics,0.41138172149658203
https://openalex.org/W2170024099,Taxon,0.41068172454833984
https://openalex.org/W2170024099,16S ribosomal RNA,0.32702720165252686
https://openalex.org/W2170024099,Bacteria,0.2457391917705536
https://openalex.org/W2170024099,Paleontology,0.17900660634040833
https://openalex.org/W2170024099,Nutrient,0.16017118096351624
https://openalex.org/W2170024099,Genetics,0.10092255473136902
https://openalex.org/W2170024099,Gene,0.09908592700958252
https://openalex.org/W2170024099,Phytoplankton,0.0
https://openalex.org/W3136918052,UniProt,0.9877855777740479
https://openalex.org/W3136918052,Biology,0.7378277778625488
https://openalex.org/W3136918052,Proteome,0.7175172567367554
https://openalex.org/W3136918052,Resource (disambiguation),0.5867682099342346
https://openalex.org/W3136918052,Computational biology,0.5225836038589478
https://openalex.org/W3136918052,License,0.4885810315608978
https://openalex.org/W3136918052,MIT License,0.4539168179035187
https://openalex.org/W3136918052,World Wide Web,0.38060450553894043
https://openalex.org/W3136918052,Bioinformatics,0.3638916611671448
https://openalex.org/W3136918052,Computer science,0.29832667112350464
https://openalex.org/W3136918052,Genetics,0.13790196180343628
https://openalex.org/W3136918052,Gene,0.0781758725643158
https://openalex.org/W3136918052,Computer network,0.0
https://openalex.org/W3136918052,Operating system,0.0
https://openalex.org/W4249727000,Adipose tissue,0.9627564549446106
https://openalex.org/W4249727000,Adipose tissue macrophages,0.8765239715576172
https://openalex.org/W4249727000,Internal medicine,0.6793563365936279
https://openalex.org/W4249727000,Endocrinology,0.6211504936218262
https://openalex.org/W4249727000,Macrophage,0.5607904195785522
https://openalex.org/W4249727000,Adipocyte,0.551928699016571
https://openalex.org/W4249727000,CD68,0.5117511749267578
https://openalex.org/W4249727000,Biology,0.4865814447402954
https://openalex.org/W4249727000,Proinflammatory cytokine,0.485387921333313
https://openalex.org/W4249727000,Inflammation,0.36680322885513306
https://openalex.org/W4249727000,White adipose tissue,0.36443910002708435
https://openalex.org/W4249727000,Medicine,0.20802241563796997
https://openalex.org/W4249727000,Immunohistochemistry,0.20748558640480042
https://openalex.org/W4249727000,Biochemistry,0.06592792272567749
https://openalex.org/W4249727000,In vitro,0.0
https://openalex.org/W2070050178,Computational biology,0.5559744238853455
https://openalex.org/W2070050178,Visualization,0.5430628061294556
https://openalex.org/W2070050178,Computer science,0.5367836356163025
https://openalex.org/W2070050178,Biology,0.44936150312423706
https://openalex.org/W2070050178,Interactive visualization,0.42131954431533813
https://openalex.org/W2070050178,JavaScript,0.4112955927848816
https://openalex.org/W2070050178,World Wide Web,0.25722646713256836
https://openalex.org/W2070050178,Data mining,0.18615904450416565
https://openalex.org/W2096791516,Variation (astronomy),0.6842190623283386
https://openalex.org/W2096791516,Human genetic variation,0.6672757863998413
https://openalex.org/W2096791516,Human genome,0.5729089975357056
https://openalex.org/W2096791516,Genetic variation,0.5421806573867798
https://openalex.org/W2096791516,Genome,0.5278382301330566
https://openalex.org/W2096791516,Evolutionary biology,0.4798135757446289
https://openalex.org/W2096791516,Biology,0.4486907124519348
https://openalex.org/W2096791516,Genetics,0.3823968172073364
https://openalex.org/W2096791516,Gene,0.10705849528312683
https://openalex.org/W2096791516,Astrophysics,0.0
https://openalex.org/W2096791516,Physics,0.0
https://openalex.org/W2096528587,Life expectancy,0.855297863483429
https://openalex.org/W2096528587,Non-communicable disease,0.6905672550201416
https://openalex.org/W2096528587,Environmental health,0.6575748920440674
https://openalex.org/W2096528587,Burden of disease,0.6507652997970581
https://openalex.org/W2096528587,Disease,0.570133626461029
https://openalex.org/W2096528587,Medicine,0.527285635471344
https://openalex.org/W2096528587,Disease burden,0.49048587679862976
https://openalex.org/W2096528587,Gerontology,0.4597201347351074
https://openalex.org/W2096528587,Communicable disease,0.4298956096172333
https://openalex.org/W2096528587,Public health,0.23819109797477722
https://openalex.org/W2096528587,Population,0.07045775651931763
https://openalex.org/W2096528587,Nursing,0.0
https://openalex.org/W2096528587,Pathology,0.0
https://openalex.org/W2127435093,Computational biology,0.34788039326667786
https://openalex.org/W2127435093,Virology,0.32899200916290283
https://openalex.org/W2127435093,Biology,0.3047441840171814
https://openalex.org/W2999615587,Computer science,0.3260953724384308
https://openalex.org/W2123696077,Ovarian cancer,0.7307871580123901
https://openalex.org/W2123696077,Biology,0.7119412422180176
https://openalex.org/W2123696077,microRNA,0.5933352708816528
https://openalex.org/W2123696077,DNA methylation,0.5589496493339539
https://openalex.org/W2123696077,Exon,0.5527382493019104
https://openalex.org/W2123696077,Gene,0.5511800050735474
https://openalex.org/W2123696077,Cancer research,0.5424699187278748
https://openalex.org/W2123696077,Serous fluid,0.5272344946861267
https://openalex.org/W2123696077,Ovarian carcinoma,0.4806888997554779
https://openalex.org/W2123696077,Epigenetics,0.4278194308280945
https://openalex.org/W2123696077,Somatic cell,0.42389652132987976
https://openalex.org/W2123696077,Methylation,0.4146692156791687
https://openalex.org/W2123696077,Cancer,0.3755749464035034
https://openalex.org/W2123696077,Genetics,0.3477213978767395
https://openalex.org/W2123696077,Gene expression,0.23008683323860168
https://openalex.org/W2123696077,Biochemistry,0.0
https://openalex.org/W2171777347,1000 Genomes Project,0.7026461958885193
https://openalex.org/W2171777347,Genetics,0.6779822111129761
https://openalex.org/W2171777347,Biology,0.6666434407234192
https://openalex.org/W2171777347,Genome,0.6078739166259766
https://openalex.org/W2171777347,Human genome,0.5972858667373657
https://openalex.org/W2171777347,Structural variation,0.5962024331092834
https://openalex.org/W2171777347,Haplotype,0.5804226398468018
https://openalex.org/W2171777347,Reference genome,0.5247336030006409
https://openalex.org/W2171777347,DNA sequencing,0.5098749399185181
https://openalex.org/W2171777347,Genomics,0.44450801610946655
https://openalex.org/W2171777347,Population,0.4234880805015564
https://openalex.org/W2171777347,Allele frequency,0.4120026230812073
https://openalex.org/W2171777347,Computational biology,0.40063807368278503
https://openalex.org/W2171777347,Single-nucleotide polymorphism,0.39392542839050293
https://openalex.org/W2171777347,Allele,0.35182851552963257
https://openalex.org/W2171777347,Gene,0.33801034092903137
https://openalex.org/W2171777347,Genotype,0.2555680572986603
https://openalex.org/W2171777347,Demography,0.0
https://openalex.org/W2171777347,Sociology,0.0
https://openalex.org/W2044433401,Genome,0.7448327541351318
https://openalex.org/W2044433401,Gene,0.7253488898277283
https://openalex.org/W2044433401,Carcinogenesis,0.7207828164100647
https://openalex.org/W2044433401,Biology,0.7075503468513489
https://openalex.org/W2044433401,Cancer,0.5904061198234558
https://openalex.org/W2044433401,Genetics,0.5395724773406982
https://openalex.org/W2044433401,Computational biology,0.5159314274787903
https://openalex.org/W2044433401,Human genome,0.44986534118652344
https://openalex.org/W2044433401,Mutation,0.4219318628311157
https://openalex.org/W2396881363,Coursework,0.6061415076255798
https://openalex.org/W2396881363,Database,0.523958683013916
https://openalex.org/W2396881363,Intensive care,0.4870879650115967
https://openalex.org/W2396881363,Tertiary care,0.47602134943008423
https://openalex.org/W2396881363,Medical emergency,0.4364357888698578
https://openalex.org/W2396881363,MEDLINE,0.4340297281742096
https://openalex.org/W2396881363,Medicine,0.43125200271606445
https://openalex.org/W2396881363,Patient care,0.4106844961643219
https://openalex.org/W2396881363,Computer science,0.3794401288032532
https://openalex.org/W2396881363,Emergency medicine,0.26222458481788635
https://openalex.org/W2396881363,Intensive care medicine,0.2441503405570984
https://openalex.org/W2396881363,Medical education,0.20742347836494446
https://openalex.org/W2396881363,Nursing,0.16084712743759155
https://openalex.org/W2396881363,Political science,0.08223527669906616
https://openalex.org/W2396881363,Law,0.0
https://openalex.org/W2735527928,Inflammation,0.795721173286438
https://openalex.org/W2735527928,Signal transduction,0.452671080827713
https://openalex.org/W2735527928,Medicine,0.3789830505847931
https://openalex.org/W2735527928,Computational biology,0.34873437881469727
https://openalex.org/W2735527928,Immunology,0.33925873041152954
https://openalex.org/W2735527928,Biology,0.3183307647705078
https://openalex.org/W2735527928,Cell biology,0.2244526445865631
https://openalex.org/W2149573313,Microbiome,0.815444827079773
https://openalex.org/W2149573313,Biology,0.8092530369758606
https://openalex.org/W2149573313,Metagenomics,0.6838594079017639
https://openalex.org/W2149573313,Gut flora,0.6574430465698242
https://openalex.org/W2149573313,Genetics,0.45106250047683716
https://openalex.org/W2149573313,Lineage (genetic),0.41770172119140625
https://openalex.org/W2149573313,Zoology,0.3983408510684967
https://openalex.org/W2149573313,Gene,0.2911252975463867
https://openalex.org/W2149573313,Immunology,0.17133399844169617
https://openalex.org/W3132661792,Computer science,0.5621187686920166
https://openalex.org/W3132661792,Inference,0.5233917832374573
https://openalex.org/W3132661792,Computational biology,0.4771522879600525
https://openalex.org/W3132661792,Cell,0.44591498374938965
https://openalex.org/W3132661792,Biology,0.2549324333667755
https://openalex.org/W3132661792,Artificial intelligence,0.21132206916809082
https://openalex.org/W3132661792,Genetics,0.16001883149147034
https://openalex.org/W2025183726,DNA methylation,0.6711370348930359
https://openalex.org/W2025183726,Biology,0.6643404364585876
https://openalex.org/W2025183726,Gene,0.4952055513858795
https://openalex.org/W2025183726,Epigenetics,0.48874950408935547
https://openalex.org/W2025183726,Cancer,0.46708154678344727
https://openalex.org/W2025183726,Genetics,0.4554954469203949
https://openalex.org/W2025183726,Cancer research,0.43493539094924927
https://openalex.org/W2025183726,Computational biology,0.33301371335983276
https://openalex.org/W2025183726,Gene expression,0.15811339020729065
https://openalex.org/W3027630905,Coronavirus disease 2019 (COVID-19),0.8736807107925415
https://openalex.org/W3027630905,2019-20 coronavirus outbreak,0.6298555135726929
https://openalex.org/W3027630905,Severe acute respiratory syndrome coronavirus 2 (SARS-CoV-2),0.6181111335754395
https://openalex.org/W3027630905,Virology,0.5896865725517273
https://openalex.org/W3027630905,Medicine,0.4178510904312134
https://openalex.org/W3027630905,Internal medicine,0.15516597032546997
https://openalex.org/W3027630905,Outbreak,0.07745090126991272
https://openalex.org/W3027630905,Infectious disease (medical specialty),0.0
https://openalex.org/W3027630905,Disease,0.0
https://openalex.org/W2134629862,Computational biology,0.6831441521644592
https://openalex.org/W2134629862,microRNA,0.6391714215278625
https://openalex.org/W2134629862,Biology,0.6084343194961548
https://openalex.org/W2134629862,Compendium,0.5728693008422852
https://openalex.org/W2134629862,Non canonical,0.44786542654037476
https://openalex.org/W2134629862,Gene,0.313382625579834
https://openalex.org/W2134629862,Genetics,0.31204092502593994
https://openalex.org/W2134629862,Cell biology,0.1764381229877472
https://openalex.org/W2134629862,Archaeology,0.0
https://openalex.org/W2134629862,History,0.0
https://openalex.org/W2069089843,Computational biology,0.5503154397010803
https://openalex.org/W2069089843,Gene expression,0.5334183573722839
https://openalex.org/W2069089843,Gene,0.4777716398239136
https://openalex.org/W2069089843,Biology,0.4496975541114807
https://openalex.org/W2069089843,Genetics,0.36959367990493774
https://openalex.org/W2168630917,Cause of death,0.6667845845222473
https://openalex.org/W2168630917,Disease,0.6260573863983154
https://openalex.org/W2168630917,Medicine,0.5529211759567261
https://openalex.org/W2168630917,Demography,0.5459997057914734
https://openalex.org/W2168630917,Burden of disease,0.5282078385353088
https://openalex.org/W2168630917,Meta-analysis,0.46610793471336365
https://openalex.org/W2168630917,Common cause and special cause,0.4386543929576874
https://openalex.org/W2168630917,Internal medicine,0.15117689967155457
https://openalex.org/W2168630917,Statistics,0.10115382075309753
https://openalex.org/W2168630917,Mathematics,0.0
https://openalex.org/W2168630917,Sociology,0.0
https://openalex.org/W2116658855,Psychology,0.6867843866348267
https://openalex.org/W2116658855,Task-positive network,0.6830155849456787
https://openalex.org/W2116658855,Salience (neuroscience),0.6770708560943604
https://openalex.org/W2116658855,Neuroscience,0.6656752824783325
https://openalex.org/W2116658855,Anterior cingulate cortex,0.6025440096855164
https://openalex.org/W2116658855,Functional connectivity,0.5329186916351318
https://openalex.org/W2116658855,Default mode network,0.5120261311531067
https://openalex.org/W2116658855,Cognitive psychology,0.42481300234794617
https://openalex.org/W2116658855,Cognition,0.23175275325775146
https://openalex.org/W2114622716,Python (programming language),0.8054100275039673
https://openalex.org/W2114622716,Computer science,0.5337375998497009
https://openalex.org/W2114622716,Programming language,0.262994647026062
https://openalex.org/W2899760200,Biology,0.9038668274879456
https://openalex.org/W2899760200,Database,0.4785248041152954
https://openalex.org/W2899760200,Pride,0.44063591957092285
https://openalex.org/W2899760200,Computational biology,0.4373893141746521
https://openalex.org/W2899760200,Data science,0.3452039957046509
https://openalex.org/W2899760200,Bioinformatics,0.32033607363700867
https://openalex.org/W2899760200,Computer science,0.17245665192604065
https://openalex.org/W2899760200,Political science,0.0
https://openalex.org/W2899760200,Law,0.0
https://openalex.org/W2998853022,Incidence (geometry),0.7043511867523193
https://openalex.org/W2998853022,Burden of disease,0.5946625471115112
https://openalex.org/W2998853022,Medicine,0.5943342447280884
https://openalex.org/W2998853022,Sepsis,0.5616116523742676
https://openalex.org/W2998853022,Disease,0.5502380132675171
https://openalex.org/W2998853022,Intensive care medicine,0.48465806245803833
https://openalex.org/W2998853022,Environmental health,0.39602211117744446
https://openalex.org/W2998853022,Internal medicine,0.22481375932693481
https://openalex.org/W2998853022,Optics,0.0
https://openalex.org/W2998853022,Physics,0.0
https://openalex.org/W2593816418,PI3K/AKT/mTOR pathway,0.920688271522522
https://openalex.org/W2593816418,Autophagy,0.8394724726676941
https://openalex.org/W2593816418,Biology,0.8342705965042114
https://openalex.org/W2593816418,mTORC2,0.6302507519721985
https://openalex.org/W2593816418,Mechanistic target of rapamycin,0.6092548966407776
https://openalex.org/W2593816418,RPTOR,0.5575804114341736
https://openalex.org/W2593816418,Signal transduction,0.49552977085113525
https://openalex.org/W2593816418,Cell biology,0.4783356189727783
https://openalex.org/W2593816418,TOR signaling,0.46782344579696655
https://openalex.org/W2593816418,Function (biology),0.4365387558937073
https://openalex.org/W2593816418,Cell metabolism,0.4333476722240448
https://openalex.org/W2593816418,Cell growth,0.4224741458892822
https://openalex.org/W2593816418,mTORC1,0.4059187173843384
https://openalex.org/W2593816418,Bioinformatics,0.363537460565567
https://openalex.org/W2593816418,Cell,0.3031357526779175
https://openalex.org/W2593816418,Genetics,0.18551665544509888
https://openalex.org/W2593816418,Apoptosis,0.11815375089645386
https://openalex.org/W2998840182,Polyadenylation,0.7149608731269836
https://openalex.org/W2998840182,Biology,0.686432421207428
https://openalex.org/W2998840182,RNA splicing,0.6578229069709778
https://openalex.org/W2998840182,Exon,0.5674682855606079
https://openalex.org/W2998840182,Untranslated region,0.5503140091896057
https://openalex.org/W2998840182,Transcription (linguistics),0.5012049674987793
https://openalex.org/W2998840182,snRNP,0.498396635055542
https://openalex.org/W2998840182,Cell biology,0.46568480134010315
https://openalex.org/W2998840182,Messenger RNA,0.43529215455055237
https://openalex.org/W2998840182,Intron,0.41073551774024963
https://openalex.org/W2998840182,RNA,0.3590300679206848
https://openalex.org/W2998840182,Molecular biology,0.35801589488983154
https://openalex.org/W2998840182,Genetics,0.30567505955696106
https://openalex.org/W2998840182,Gene,0.24821355938911438
https://openalex.org/W2998840182,Philosophy,0.0
https://openalex.org/W2998840182,Linguistics,0.0
https://openalex.org/W2151464048,Genome,0.8821209669113159
https://openalex.org/W2151464048,Synteny,0.8277190923690796
https://openalex.org/W2151464048,Biology,0.7556781768798828
https://openalex.org/W2151464048,Comparative genomics,0.5751257538795471
https://openalex.org/W2151464048,Gene,0.5114952325820923
https://openalex.org/W2151464048,Computational biology,0.5110167264938354
https://openalex.org/W2151464048,Genetics,0.49483722448349
https://openalex.org/W2151464048,Sequence analysis,0.43676772713661194
https://openalex.org/W2151464048,Human genome,0.43260663747787476
https://openalex.org/W2151464048,Genomics,0.43157249689102173
https://openalex.org/W2151464048,Whole genome sequencing,0.4215106666088104
https://openalex.org/W2151464048,Evolutionary biology,0.41060835123062134
https://openalex.org/W3197233575,Burden of disease,0.684810996055603
https://openalex.org/W3197233575,Stroke (engine),0.6343256235122681
https://openalex.org/W3197233575,Medicine,0.5376604199409485
https://openalex.org/W3197233575,Disease,0.5270557403564453
https://openalex.org/W3197233575,Disease burden,0.4355413615703583
https://openalex.org/W3197233575,Environmental health,0.4128006100654602
https://openalex.org/W3197233575,Internal medicine,0.14394435286521912
https://openalex.org/W3197233575,Engineering,0.08624285459518433
https://openalex.org/W3197233575,Mechanical engineering,0.0
https://openalex.org/W2973457155,Software,0.6315949559211731
https://openalex.org/W2973457155,Workflow,0.6259680986404419
https://openalex.org/W2973457155,Computer science,0.6069087386131287
https://openalex.org/W2973457155,Neutron,0.5877265930175781
https://openalex.org/W2973457155,Graphical user interface,0.4605914354324341
https://openalex.org/W2973457155,Automation,0.4413680136203766
https://openalex.org/W2973457155,Computational science,0.39257901906967163
https://openalex.org/W2973457155,Physics,0.2069079875946045
https://openalex.org/W2973457155,Nuclear physics,0.1790231466293335
https://openalex.org/W2973457155,Engineering,0.16794955730438232
https://openalex.org/W2973457155,Mechanical engineering,0.13220864534378052
https://openalex.org/W2973457155,Database,0.08961111307144165
https://openalex.org/W2973457155,Programming language,0.0
https://openalex.org/W2577537660,Python (programming language),0.7318047285079956
https://openalex.org/W2577537660,Computer science,0.6915758848190308
https://openalex.org/W2577537660,Markov chain Monte Carlo,0.6254997253417969
https://openalex.org/W2577537660,Algorithm,0.5405245423316956
https://openalex.org/W2577537660,Hybrid Monte Carlo,0.5357970595359802
https://openalex.org/W2577537660,Monte Carlo method,0.5076040029525757
https://openalex.org/W2577537660,Probabilistic logic,0.4779491424560547
https://openalex.org/W2577537660,Bayesian inference,0.4445812702178955
https://openalex.org/W2577537660,Importance sampling,0.4393693506717682
https://openalex.org/W2577537660,Statistical inference,0.43107423186302185
https://openalex.org/W2577537660,Inference,0.4276842772960663
https://openalex.org/W2577537660,Monte Carlo integration,0.41954460740089417
https://openalex.org/W2577537660,Applied mathematics,0.4171956479549408
https://openalex.org/W2577537660,Bayesian probability,0.33475297689437866
https://openalex.org/W2577537660,Mathematical optimization,0.3298490047454834
https://openalex.org/W2577537660,Mathematics,0.25175708532333374
https://openalex.org/W2577537660,Programming language,0.16996848583221436
https://openalex.org/W2577537660,Artificial intelligence,0.16255509853363037
https://openalex.org/W2577537660,Statistics,0.13367098569869995
https://openalex.org/W2762087180,Biology,0.9371689558029175
https://openalex.org/W2762087180,Nexus (standard),0.6405488848686218
https://openalex.org/W2762087180,Programmed cell death,0.6293809413909912
https://openalex.org/W2762087180,Disease,0.5638327598571777
https://openalex.org/W2762087180,Cell biology,0.5350912809371948
https://openalex.org/W2762087180,Metabolism,0.5232669115066528
https://openalex.org/W2762087180,Cell metabolism,0.5109428763389587
https://openalex.org/W2762087180,Redox,0.4691561460494995
https://openalex.org/W2762087180,Cell,0.42914384603500366
https://openalex.org/W2762087180,Biochemistry,0.28882288932800293
https://openalex.org/W2762087180,Apoptosis,0.24727565050125122
https://openalex.org/W2762087180,Metallurgy,0.0
https://openalex.org/W2762087180,Embedded system,0.0
https://openalex.org/W2762087180,Computer science,0.0
https://openalex.org/W2762087180,Pathology,0.0
https://openalex.org/W2762087180,Medicine,0.0
https://openalex.org/W2762087180,Materials science,0.0
https://openalex.org/W2076154138,Epigenomics,0.955129861831665
https://openalex.org/W2076154138,DNA methylation,0.6325619220733643
https://openalex.org/W2076154138,Computational biology,0.6194148659706116
https://openalex.org/W2076154138,Biology,0.6096755266189575
https://openalex.org/W2076154138,Human genome,0.531373918056488
https://openalex.org/W2076154138,Genetics,0.5011212825775146
https://openalex.org/W2076154138,Epigenome,0.4755149483680725
https://openalex.org/W2076154138,Chromatin,0.4478265047073364
https://openalex.org/W2076154138,Genome,0.3564508259296417
https://openalex.org/W2076154138,Gene,0.32215747237205505
https://openalex.org/W2076154138,Gene expression,0.1975480020046234
https://openalex.org/W3109746568,Precision medicine,0.667129635810852
https://openalex.org/W3109746568,Drug delivery,0.6378308534622192
https://openalex.org/W3109746568,Personalized medicine,0.6275121569633484
https://openalex.org/W3109746568,Nanotechnology,0.6147612929344177
https://openalex.org/W3109746568,Computer science,0.5590636730194092
https://openalex.org/W3109746568,Nanoparticle,0.489401251077652
https://openalex.org/W3109746568,Medicine,0.243387371301651
https://openalex.org/W3109746568,Materials science,0.2214953899383545
https://openalex.org/W3109746568,Bioinformatics,0.18380096554756165
https://openalex.org/W3109746568,Biology,0.0
https://openalex.org/W3109746568,Pathology,0.0
https://openalex.org/W3112376646,UniProt,0.9875354766845703
https://openalex.org/W3112376646,Biology,0.5550028085708618
https://openalex.org/W3112376646,Human proteome project,0.49208396673202515
https://openalex.org/W3112376646,Proteome,0.47166430950164795
https://openalex.org/W3112376646,Ensembl,0.45682504773139954
https://openalex.org/W3112376646,Computer science,0.4122888743877411
https://openalex.org/W3112376646,World Wide Web,0.38799917697906494
https://openalex.org/W3112376646,Computational biology,0.35251495242118835
https://openalex.org/W3112376646,Bioinformatics,0.29916197061538696
https://openalex.org/W3112376646,Genome,0.15880754590034485
https://openalex.org/W3112376646,Genomics,0.15329548716545105
https://openalex.org/W3112376646,Proteomics,0.13380205631256104
https://openalex.org/W3112376646,Genetics,0.11726692318916321
https://openalex.org/W3112376646,Gene,0.0
https://openalex.org/W2026062398,Computer science,0.8184604644775391
https://openalex.org/W2026062398,Software,0.6152347922325134
https://openalex.org/W2026062398,XML,0.5531467795372009
https://openalex.org/W2026062398,Interface (matter),0.5009348392486572
https://openalex.org/W2026062398,Software engineering,0.41768360137939453
https://openalex.org/W2026062398,File format,0.41577956080436707
https://openalex.org/W2026062398,Software evolution,0.41285306215286255
https://openalex.org/W2026062398,Software system,0.39058366417884827
https://openalex.org/W2026062398,Programming language,0.3609614372253418
https://openalex.org/W2026062398,Operating system,0.3077061176300049
https://openalex.org/W2026062398,Software construction,0.27517005801200867
https://openalex.org/W2026062398,Bubble,0.0
https://openalex.org/W2026062398,Maximum bubble pressure method,0.0
https://openalex.org/W2228338508,Genotoxicity,0.6853128671646118
https://openalex.org/W2228338508,Toxicity,0.6190568804740906
https://openalex.org/W2228338508,Mercury (programming language),0.5869004726409912
https://openalex.org/W2228338508,Human health,0.5491361021995544
https://openalex.org/W2228338508,Cadmium,0.5391393899917603
https://openalex.org/W2228338508,Environmental toxicology,0.5143957734107971
https://openalex.org/W2228338508,Metal toxicity,0.5125836730003357
https://openalex.org/W2228338508,Arsenic,0.5115271806716919
https://openalex.org/W2228338508,Carcinogen,0.5068183541297913
https://openalex.org/W2228338508,Toxicology,0.5067227482795715
https://openalex.org/W2228338508,Environmental chemistry,0.4422118663787842
https://openalex.org/W2228338508,Environmental health,0.4348728060722351
https://openalex.org/W2228338508,Heavy metals,0.4157499074935913
https://openalex.org/W2228338508,Biology,0.3372977375984192
https://openalex.org/W2228338508,Chemistry,0.29344838857650757
https://openalex.org/W2228338508,Medicine,0.14490064978599548
https://openalex.org/W2228338508,Genetics,0.10577413439750671
https://openalex.org/W2228338508,Computer science,0.0
https://openalex.org/W2228338508,Organic chemistry,0.0
https://openalex.org/W2228338508,Programming language,0.0
https://openalex.org/W2101675075,Undersampling,0.9260919094085693
https://openalex.org/W2101675075,Compressed sensing,0.778915286064148
https://openalex.org/W2101675075,Sparse approximation,0.6434658169746399
https://openalex.org/W2101675075,Computer science,0.6212696433067322
https://openalex.org/W2101675075,Artificial intelligence,0.5971099138259888
https://openalex.org/W2101675075,Computer vision,0.4766415059566498
https://openalex.org/W2101675075,Aliasing,0.469016969203949
https://openalex.org/W2101675075,Curvelet,0.44651687145233154
https://openalex.org/W2101675075,Thresholding,0.43900877237319946
https://openalex.org/W2101675075,Pattern recognition (psychology),0.43451613187789917
https://openalex.org/W2101675075,Iterative reconstruction,0.4150055944919586
https://openalex.org/W2101675075,Wavelet,0.4023212790489197
https://openalex.org/W2101675075,Algorithm,0.3641716241836548
https://openalex.org/W2101675075,Wavelet transform,0.2525860071182251
https://openalex.org/W2101675075,Image (mathematics),0.23560747504234314
https://openalex.org/W2143238378,Biology,0.8434877395629883
https://openalex.org/W2143238378,Scale-invariant feature transform,0.6271701455116272
https://openalex.org/W2143238378,Amino acid,0.5882184505462646
https://openalex.org/W2143238378,Genetics,0.5582263469696045
https://openalex.org/W2143238378,Single-nucleotide polymorphism,0.5556907057762146
https://openalex.org/W2143238378,SNP,0.5035907626152039
https://openalex.org/W2143238378,Mutagenesis,0.4921809732913971
https://openalex.org/W2143238378,Amino acid substitution,0.48693573474884033
https://openalex.org/W2143238378,Coding region,0.4535447657108307
https://openalex.org/W2143238378,Computational biology,0.3712312579154968
https://openalex.org/W2143238378,Gene,0.31942296028137207
https://openalex.org/W2143238378,Mutation,0.24299243092536926
https://openalex.org/W2143238378,Genotype,0.11227995157241821
https://openalex.org/W2143238378,Artificial intelligence,0.10828393697738647
https://openalex.org/W2143238378,Computer science,0.07874903082847595
https://openalex.org/W2143238378,Feature extraction,0.0
https://openalex.org/W2990618091,Metagenomics,0.7225378751754761
https://openalex.org/W2990618091,Biology,0.7078579068183899
https://openalex.org/W2990618091,Limiting,0.49749282002449036
https://openalex.org/W2990618091,Computational biology,0.49043866991996765
https://openalex.org/W2990618091,Genetics,0.320698082447052
https://openalex.org/W2990618091,Gene,0.17592236399650574
https://openalex.org/W2990618091,Engineering,0.1534019410610199
https://openalex.org/W2990618091,Mechanical engineering,0.0
https://openalex.org/W2614986146,Life expectancy,0.878195583820343
https://openalex.org/W2614986146,Cause of death,0.6297877430915833
https://openalex.org/W2614986146,Disease,0.6100113391876221
https://openalex.org/W2614986146,Demography,0.531107485294342
https://openalex.org/W2614986146,Burden of disease,0.5178182721138
https://openalex.org/W2614986146,Mortality rate,0.5162489414215088
https://openalex.org/W2614986146,Medicine,0.5057837963104248
https://openalex.org/W2614986146,Environmental health,0.29710516333580017
https://openalex.org/W2614986146,Internal medicine,0.1259799599647522
https://openalex.org/W2614986146,Population,0.10370045900344849
https://openalex.org/W2614986146,Sociology,0.0
https://openalex.org/W4309506674,UniProt,0.9878140687942505
https://openalex.org/W4309506674,Pipeline (software),0.6873705983161926
https://openalex.org/W4309506674,Biology,0.5540607571601868
https://openalex.org/W4309506674,Proteome,0.49673372507095337
https://openalex.org/W4309506674,Human proteome project,0.47471940517425537
https://openalex.org/W4309506674,Computer science,0.4520343840122223
https://openalex.org/W4309506674,Set (abstract data type),0.4259645342826843
https://openalex.org/W4309506674,Interface (matter),0.41757482290267944
https://openalex.org/W4309506674,World Wide Web,0.3928801417350769
https://openalex.org/W4309506674,Information retrieval,0.3670218884944916
https://openalex.org/W4309506674,Data science,0.33637022972106934
https://openalex.org/W4309506674,Computational biology,0.33113962411880493
https://openalex.org/W4309506674,Bioinformatics,0.30193644762039185
https://openalex.org/W4309506674,Proteomics,0.179010272026062
https://openalex.org/W4309506674,Genetics,0.08141890168190002
https://openalex.org/W4309506674,Programming language,0.0
https://openalex.org/W4309506674,Gibbs isotherm,0.0
https://openalex.org/W4309506674,Gene,0.0
https://openalex.org/W4309506674,Pulmonary surfactant,0.0
https://openalex.org/W4309506674,Biochemistry,0.0
https://openalex.org/W3208691473,Pride,0.7557792663574219
https://openalex.org/W3208691473,Proteomics,0.6415460109710693
https://openalex.org/W3208691473,Metadata,0.5619685053825378
https://openalex.org/W3208691473,Identifier,0.553043782711029
https://openalex.org/W3208691473,UniProt,0.5052953362464905
https://openalex.org/W3208691473,Computer science,0.4529213309288025
https://openalex.org/W3208691473,Ensembl,0.4428543746471405
https://openalex.org/W3208691473,Resource (disambiguation),0.44237300753593445
https://openalex.org/W3208691473,World Wide Web,0.4415563642978668
https://openalex.org/W3208691473,Biology,0.430152028799057
https://openalex.org/W3208691473,Database,0.428634375333786
https://openalex.org/W3208691473,Genomics,0.17082560062408447
https://openalex.org/W3208691473,Genetics,0.08588072657585144
https://openalex.org/W3208691473,Political science,0.08141675591468811
https://openalex.org/W3208691473,Programming language,0.0
https://openalex.org/W3208691473,Computer network,0.0
https://openalex.org/W3208691473,Gene,0.0
https://openalex.org/W3208691473,Law,0.0
https://openalex.org/W3208691473,Genome,0.0
https://openalex.org/W2107503723,Biology,0.8972405791282654
https://openalex.org/W2107503723,Stem cell,0.6818081140518188
https://openalex.org/W2107503723,Mesenchymal stem cell,0.6697431206703186
https://openalex.org/W2107503723,Adipose tissue,0.6644054651260376
https://openalex.org/W2107503723,Cell biology,0.6145421862602234
https://openalex.org/W2107503723,Mesenchyme,0.6008410453796387
https://openalex.org/W2107503723,Stem cell transplantation for articular cartilage repair,0.5513647198677063
https://openalex.org/W2107503723,Stromal cell,0.5133723020553589
https://openalex.org/W2107503723,Adult stem cell,0.5086603760719299
https://openalex.org/W2107503723,Population,0.5073861479759216
https://openalex.org/W2107503723,Embryonic stem cell,0.4942205250263214
https://openalex.org/W2107503723,Amniotic stem cells,0.4457029402256012
https://openalex.org/W2107503723,Multipotent Stem Cell,0.42365527153015137
https://openalex.org/W2107503723,Adipogenesis,0.4174368381500244
https://openalex.org/W2107503723,Cellular differentiation,0.41268688440322876
https://openalex.org/W2107503723,Bone marrow,0.41139721870422363
https://openalex.org/W2107503723,Immunology,0.27876365184783936
https://openalex.org/W2107503723,Progenitor cell,0.18558642268180847
https://openalex.org/W2107503723,Cancer research,0.12838441133499146
https://openalex.org/W2107503723,Genetics,0.12592235207557678
https://openalex.org/W2107503723,Gene,0.1225089430809021
https://openalex.org/W2107503723,Endocrinology,0.05448690056800842
https://openalex.org/W2107503723,Sociology,0.0
https://openalex.org/W2107503723,Demography,0.0
https://openalex.org/W2039123767,Immune system,0.7027936577796936
https://openalex.org/W2039123767,PD-L1,0.6390803456306458
https://openalex.org/W2039123767,CD8,0.6268021464347839
https://openalex.org/W2039123767,Blockade,0.5813555121421814
https://openalex.org/W2039123767,Antigen,0.5615984797477722
https://openalex.org/W2039123767,Cancer research,0.5325794219970703
https://openalex.org/W2039123767,Pembrolizumab,0.5078549981117249
https://openalex.org/W2039123767,Immune checkpoint,0.4927540123462677
https://openalex.org/W2039123767,T-cell receptor,0.47009870409965515
https://openalex.org/W2039123767,T cell,0.4680615961551666
https://openalex.org/W2039123767,Cytotoxic T cell,0.4657488763332367
https://openalex.org/W2039123767,Immunotherapy,0.4623293876647949
https://openalex.org/W2039123767,Melanoma,0.45941174030303955
https://openalex.org/W2039123767,Biology,0.4326433837413788
https://openalex.org/W2039123767,Immunology,0.4242251515388489
https://openalex.org/W2039123767,Acquired immune system,0.4240874946117401
https://openalex.org/W2039123767,Medicine,0.33882641792297363
https://openalex.org/W2039123767,Receptor,0.3067290186882019
https://openalex.org/W2039123767,Internal medicine,0.18885284662246704
https://openalex.org/W2039123767,Biochemistry,0.0
https://openalex.org/W2039123767,In vitro,0.0
https://openalex.org/W2169353806,Throughput,0.7960892915725708
https://openalex.org/W2169353806,Latent variable,0.6649162769317627
https://openalex.org/W2169353806,Computer science,0.5992364287376404
https://openalex.org/W2169353806,Function (biology),0.5720024108886719
https://openalex.org/W2169353806,Variation (astronomy),0.5014598369598389
https://openalex.org/W2169353806,Variable (mathematics),0.46802908182144165
https://openalex.org/W2169353806,R package,0.4253595173358917
https://openalex.org/W2169353806,Statistics,0.4242803752422333
https://openalex.org/W2169353806,Mathematics,0.2165352702140808
https://openalex.org/W2169353806,Artificial intelligence,0.19227084517478943
https://openalex.org/W2169353806,Biology,0.15129125118255615
https://openalex.org/W2169353806,Genetics,0.08468884229660034
https://openalex.org/W2169353806,Computational science,0.07550331950187683
https://openalex.org/W2169353806,Astrophysics,0.0
https://openalex.org/W2169353806,Mathematical analysis,0.0
https://openalex.org/W2169353806,Physics,0.0
https://openalex.org/W2169353806,Wireless,0.0
https://openalex.org/W2169353806,Telecommunications,0.0
https://openalex.org/W2160995259,Biology,0.7926502227783203
https://openalex.org/W2160995259,Annotation,0.6664047837257385
https://openalex.org/W2160995259,Missense mutation,0.6044251322746277
https://openalex.org/W2160995259,Allele,0.5733011960983276
https://openalex.org/W2160995259,Computational biology,0.5578452944755554
https://openalex.org/W2160995259,Genetics,0.5350970029830933
https://openalex.org/W2160995259,Human genetic variation,0.5104576349258423
https://openalex.org/W2160995259,Human genome,0.4827127158641815
https://openalex.org/W2160995259,Trait,0.47784754633903503
https://openalex.org/W2160995259,Single-nucleotide polymorphism,0.44791966676712036
https://openalex.org/W2160995259,Genome,0.44223445653915405
https://openalex.org/W2160995259,Genetic variation,0.44204816222190857
https://openalex.org/W2160995259,Pathogenicity,0.4248255491256714
https://openalex.org/W2160995259,1000 Genomes Project,0.4180452823638916
https://openalex.org/W2160995259,Gene,0.2762083113193512
https://openalex.org/W2160995259,Genotype,0.23989394307136536
https://openalex.org/W2160995259,Mutation,0.23049715161323547
https://openalex.org/W2160995259,Computer science,0.19678673148155212
https://openalex.org/W2160995259,Microbiology,0.0
https://openalex.org/W2160995259,Programming language,0.0
https://openalex.org/W2098082628,Medicine,0.7193319797515869
https://openalex.org/W2098082628,Incidence (geometry),0.6343108415603638
https://openalex.org/W2098082628,Environmental health,0.40299588441848755
https://openalex.org/W2098082628,Pediatrics,0.3614473044872284
https://openalex.org/W2098082628,Physics,0.0
https://openalex.org/W2098082628,Optics,0.0
https://openalex.org/W2078119356,Biology,0.8351373672485352
https://openalex.org/W2078119356,RNA,0.7733494639396667
https://openalex.org/W2078119356,Transcription (linguistics),0.6550028920173645
https://openalex.org/W2078119356,Nucleic acid,0.6326171159744263
https://openalex.org/W2078119356,T7 RNA polymerase,0.6202213764190674
https://openalex.org/W2078119356,Molecular biology,0.6158392429351807
https://openalex.org/W2078119356,RNA-dependent RNA polymerase,0.47232455015182495
https://openalex.org/W2078119356,Polymerase,0.4706612825393677
https://openalex.org/W2078119356,Nucleic acid thermodynamics,0.4604339003562927
https://openalex.org/W2078119356,DNA,0.4510551691055298
https://openalex.org/W2078119356,Bacteriophage,0.4399106502532959
https://openalex.org/W2078119356,RNA polymerase,0.4315495491027832
https://openalex.org/W2078119356,Biochemistry,0.24706339836120605
https://openalex.org/W2078119356,Gene,0.20970889925956726
https://openalex.org/W2078119356,Escherichia coli,0.08316799998283386
https://openalex.org/W2078119356,Linguistics,0.0
https://openalex.org/W2078119356,Philosophy,0.0
https://openalex.org/W2126547130,Microsatellite instability,0.6885784268379211
https://openalex.org/W2126547130,Cancer research,0.6468095183372498
https://openalex.org/W2126547130,Chromosome instability,0.618460476398468
https://openalex.org/W2126547130,Biology,0.6076099872589111
https://openalex.org/W2126547130,Cancer,0.514197587966919
https://openalex.org/W2126547130,Targeted therapy,0.4959612786769867
https://openalex.org/W2126547130,Adenocarcinoma,0.4801872968673706
https://openalex.org/W2126547130,RHOA,0.47057148814201355
https://openalex.org/W2126547130,Gene,0.4135400652885437
https://openalex.org/W2126547130,Mutation,0.4132061302661896
https://openalex.org/W2126547130,Genetics,0.33942723274230957
https://openalex.org/W2126547130,Chromosome,0.17771437764167786
https://openalex.org/W2126547130,Signal transduction,0.15478515625
https://openalex.org/W2126547130,Microsatellite,0.1457110047340393
https://openalex.org/W2126547130,Allele,0.0
https://openalex.org/W1994823455,Autophagy,0.9693626165390015
https://openalex.org/W1994823455,Neurodegeneration,0.6822657585144043
https://openalex.org/W1994823455,Cell biology,0.606269896030426
https://openalex.org/W1994823455,Programmed cell death,0.5283359289169312
https://openalex.org/W1994823455,Biology,0.5116007924079895
https://openalex.org/W1994823455,Organelle,0.4864044189453125
https://openalex.org/W1994823455,Disease,0.45219478011131287
https://openalex.org/W1994823455,Medicine,0.22133031487464905
https://openalex.org/W1994823455,Apoptosis,0.13263845443725586
https://openalex.org/W1994823455,Genetics,0.12931296229362488
https://openalex.org/W1994823455,Pathology,0.06935486197471619
https://openalex.org/W3005957464,Kidney disease,0.8431363105773926
https://openalex.org/W3005957464,Medicine,0.8358414769172668
https://openalex.org/W3005957464,Epidemiology,0.5477544069290161
https://openalex.org/W3005957464,Renal function,0.5319457650184631
https://openalex.org/W3005957464,Disease,0.5147371292114258
https://openalex.org/W3005957464,Disease burden,0.5098437666893005
https://openalex.org/W3005957464,Mortality rate,0.4826662838459015
https://openalex.org/W3005957464,Gout,0.4641714096069336
https://openalex.org/W3005957464,Incidence (geometry),0.4366903305053711
https://openalex.org/W3005957464,Intensive care medicine,0.3927868902683258
https://openalex.org/W3005957464,Environmental health,0.33868008852005005
https://openalex.org/W3005957464,Internal medicine,0.3169388175010681
https://openalex.org/W3005957464,Optics,0.0
https://openalex.org/W3005957464,Physics,0.0
https://openalex.org/W2005895632,Biology,0.6923749446868896
https://openalex.org/W2005895632,Transcriptome,0.6470482349395752
https://openalex.org/W2005895632,Breast cancer,0.5785163044929504
https://openalex.org/W2005895632,Gene,0.5700441002845764
https://openalex.org/W2005895632,Copy-number variation,0.5621121525764465
https://openalex.org/W2005895632,Genetics,0.5350630879402161
https://openalex.org/W2005895632,Comparative genomic hybridization,0.4796053171157837
https://openalex.org/W2005895632,Copy number analysis,0.4787958562374115
https://openalex.org/W2005895632,Genome,0.45921042561531067
https://openalex.org/W2005895632,Computational biology,0.454962819814682
https://openalex.org/W2005895632,Gene expression profiling,0.4295917749404907
https://openalex.org/W2005895632,Population,0.4289896488189697
https://openalex.org/W2005895632,Cancer,0.35805290937423706
https://openalex.org/W2005895632,Gene expression,0.3514614701271057
https://openalex.org/W2005895632,Medicine,0.16451236605644226
https://openalex.org/W2005895632,Environmental health,0.0
https://openalex.org/W2122386753,Peroxynitrite,0.985801637172699
https://openalex.org/W2122386753,Nitric oxide,0.7670136094093323
https://openalex.org/W2122386753,Superoxide,0.6681906580924988
https://openalex.org/W2122386753,Mediator,0.639016330242157
https://openalex.org/W2122386753,Peroxynitrous acid,0.6048676371574402
https://openalex.org/W2122386753,Cell biology,0.5846002697944641
https://openalex.org/W2122386753,Chemistry,0.5418193936347961
https://openalex.org/W2122386753,Oxidative stress,0.5197912454605103
https://openalex.org/W2122386753,Oxidative phosphorylation,0.5051806569099426
https://openalex.org/W2122386753,Apoptosis,0.4130276143550873
https://openalex.org/W2122386753,Pharmacology,0.35081809759140015
https://openalex.org/W2122386753,Immunology,0.33683109283447266
https://openalex.org/W2122386753,Biochemistry,0.3191705346107483
https://openalex.org/W2122386753,Medicine,0.2799488306045532
https://openalex.org/W2122386753,Biology,0.2797791063785553
https://openalex.org/W2122386753,Enzyme,0.06964048743247986
https://openalex.org/W2122386753,Organic chemistry,0.0
https://openalex.org/W2058401000,International HapMap Project,0.984015941619873
https://openalex.org/W2058401000,Human genome,0.6060408353805542
https://openalex.org/W2058401000,Sequence (biology),0.5314375758171082
https://openalex.org/W2058401000,DNA sequencing,0.5021266937255859
https://openalex.org/W2058401000,1000 Genomes Project,0.4982619285583496
https://openalex.org/W2058401000,Computational biology,0.49732473492622375
https://openalex.org/W2058401000,Genome,0.47583794593811035
https://openalex.org/W2058401000,Biology,0.4539068937301636
https://openalex.org/W2058401000,Evolutionary biology,0.44167560338974
https://openalex.org/W2058401000,Genetics,0.4306437075138092
https://openalex.org/W2058401000,Geography,0.3386346101760864
https://openalex.org/W2058401000,Genotype,0.306592732667923
https://openalex.org/W2058401000,DNA,0.2062108814716339
https://openalex.org/W2058401000,Gene,0.17380130290985107
https://openalex.org/W2058401000,Single-nucleotide polymorphism,0.0
https://openalex.org/W2115462905,Bioconductor,0.8114879131317139
https://openalex.org/W2115462905,Computer science,0.7639409899711609
https://openalex.org/W2115462905,Class (philosophy),0.6700586080551147
https://openalex.org/W2115462905,Cluster analysis,0.6357594728469849
https://openalex.org/W2115462905,Software,0.5474940538406372
https://openalex.org/W2115462905,Data mining,0.4878130257129669
https://openalex.org/W2115462905,R package,0.43786975741386414
https://openalex.org/W2115462905,False discovery rate,0.4345981478691101
https://openalex.org/W2115462905,Machine learning,0.35832107067108154
https://openalex.org/W2115462905,Artificial intelligence,0.3272721767425537
https://openalex.org/W2115462905,Biology,0.08202686905860901
https://openalex.org/W2115462905,Programming language,0.0762948989868164
https://openalex.org/W2115462905,Gene,0.0
https://openalex.org/W2115462905,Biochemistry,0.0
https://openalex.org/W2153860431,Confounding,0.8269646763801575
https://openalex.org/W2153860431,Biology,0.7945402264595032
https://openalex.org/W2153860431,Genome-wide association study,0.6568895578384399
https://openalex.org/W2153860431,Regression,0.5772796273231506
https://openalex.org/W2153860431,Genetic association,0.4868728220462799
https://openalex.org/W2153860431,Genetics,0.44920551776885986
https://openalex.org/W2153860431,Computational biology,0.3812679648399353
https://openalex.org/W2153860431,Single-nucleotide polymorphism,0.3107938766479492
https://openalex.org/W2153860431,Internal medicine,0.23355814814567566
https://openalex.org/W2153860431,Gene,0.1795763373374939
https://openalex.org/W2153860431,Statistics,0.16823989152908325
https://openalex.org/W2153860431,Genotype,0.1376085877418518
https://openalex.org/W2153860431,Medicine,0.08995085954666138
https://openalex.org/W2153860431,Mathematics,0.0
https://openalex.org/W2024729467,Human Connectome Project,0.9272316694259644
https://openalex.org/W2024729467,Data science,0.5577956438064575
https://openalex.org/W2024729467,Connectome,0.554775059223175
https://openalex.org/W2024729467,Preprocessor,0.5321521162986755
https://openalex.org/W2024729467,Computer science,0.5242186784744263
https://openalex.org/W2024729467,Set (abstract data type),0.5166245102882385
https://openalex.org/W2024729467,Data set,0.47303932905197144
https://openalex.org/W2024729467,Function (biology),0.43912434577941895
https://openalex.org/W2024729467,Population,0.43751367926597595
https://openalex.org/W2024729467,Psychology,0.30811989307403564
https://openalex.org/W2024729467,Artificial intelligence,0.26421892642974854
https://openalex.org/W2024729467,Functional connectivity,0.23088523745536804
https://openalex.org/W2024729467,Neuroscience,0.15568765997886658
https://openalex.org/W2024729467,Medicine,0.14819365739822388
https://openalex.org/W2024729467,Biology,0.1171761155128479
https://openalex.org/W2024729467,Environmental health,0.0
https://openalex.org/W2024729467,Programming language,0.0
https://openalex.org/W2024729467,Evolutionary biology,0.0
https://openalex.org/W3168436232,AutoDock,0.8957247138023376
https://openalex.org/W3168436232,Python (programming language),0.8250643014907837
https://openalex.org/W3168436232,Computer science,0.7058396935462952
https://openalex.org/W3168436232,Docking (animal),0.5486375689506531
https://openalex.org/W3168436232,Source code,0.4694368839263916
https://openalex.org/W3168436232,Scripting language,0.4349527359008789
https://openalex.org/W3168436232,Programming language,0.3966648578643799
https://openalex.org/W3168436232,Operating system,0.3451274633407593
https://openalex.org/W3168436232,Chemistry,0.18319642543792725
https://openalex.org/W3168436232,Biochemistry,0.0
https://openalex.org/W3168436232,Medicine,0.0
https://openalex.org/W3168436232,Gene,0.0
https://openalex.org/W3168436232,In silico,0.0
https://openalex.org/W3168436232,Nursing,0.0
https://openalex.org/W1989277387,Visualization,0.691798746585846
https://openalex.org/W1989277387,Interface (matter),0.6469070911407471
https://openalex.org/W1989277387,Computer science,0.5581905841827393
https://openalex.org/W1989277387,Biology,0.5539664626121521
https://openalex.org/W1989277387,Zoom,0.5495612621307373
https://openalex.org/W1989277387,Data visualization,0.5003595352172852
https://openalex.org/W1989277387,User interface,0.49918627738952637
https://openalex.org/W1989277387,Computational biology,0.49384456872940063
https://openalex.org/W1989277387,The Internet,0.49205702543258667
https://openalex.org/W1989277387,Usability,0.4837493896484375
https://openalex.org/W1989277387,Graph drawing,0.47189176082611084
https://openalex.org/W1989277387,Information retrieval,0.37488457560539246
https://openalex.org/W1989277387,Data mining,0.3599255084991455
https://openalex.org/W1989277387,Bioinformatics,0.3315771818161011
https://openalex.org/W1989277387,World Wide Web,0.25629082322120667
https://openalex.org/W1989277387,Human–computer interaction,0.1566638946533203
https://openalex.org/W1989277387,Programming language,0.1519957184791565
https://openalex.org/W1989277387,Maximum bubble pressure method,0.0
https://openalex.org/W1989277387,Parallel computing,0.0
https://openalex.org/W1989277387,Lens (geology),0.0
https://openalex.org/W1989277387,Paleontology,0.0
https://openalex.org/W1989277387,Bubble,0.0
https://openalex.org/W2752326209,Autophagy,0.9595129489898682
https://openalex.org/W2752326209,Autophagosome,0.7631988525390625
https://openalex.org/W2752326209,Biology,0.7072432041168213
https://openalex.org/W2752326209,Cell biology,0.6620039939880371
https://openalex.org/W2752326209,Vacuole,0.6125640869140625
https://openalex.org/W2752326209,Phagosome,0.5928187370300293
https://openalex.org/W2752326209,ATG8,0.5880008339881897
https://openalex.org/W2752326209,Multicellular organism,0.5740522146224976
https://openalex.org/W2752326209,Biogenesis,0.5590387582778931
https://openalex.org/W2752326209,Intracellular,0.257116436958313
https://openalex.org/W2752326209,Cell,0.2458903193473816
https://openalex.org/W2752326209,Biochemistry,0.2146838903427124
https://openalex.org/W2752326209,Cytoplasm,0.1116902232170105
https://openalex.org/W2752326209,Gene,0.0
https://openalex.org/W2752326209,Apoptosis,0.0
https://openalex.org/W2329336071,Amyloid (mycology),0.595681369304657
https://openalex.org/W2329336071,Disease,0.5601786375045776
https://openalex.org/W2329336071,Alzheimer's disease,0.499129056930542
https://openalex.org/W2329336071,Medicine,0.46187615394592285
https://openalex.org/W2329336071,Neuroscience,0.4085502624511719
https://openalex.org/W2329336071,Biology,0.2642074227333069
https://openalex.org/W2329336071,Pathology,0.25792860984802246
https://openalex.org/W2104234755,Overfitting,0.8097764253616333
https://openalex.org/W2104234755,Computer science,0.6423581838607788
https://openalex.org/W2104234755,Bayesian probability,0.6300526857376099
https://openalex.org/W2104234755,Statistical model,0.5064011812210083
https://openalex.org/W2104234755,A priori and a posteriori,0.48590555787086487
https://openalex.org/W2104234755,Bayesian optimization,0.4637596607208252
https://openalex.org/W2104234755,Maximum a posteriori estimation,0.4350971281528473
https://openalex.org/W2104234755,Data mining,0.4275626838207245
https://openalex.org/W2104234755,Algorithm,0.41975271701812744
https://openalex.org/W2104234755,Machine learning,0.3647172451019287
https://openalex.org/W2104234755,Artificial intelligence,0.30972304940223694
https://openalex.org/W2104234755,Maximum likelihood,0.30515575408935547
https://openalex.org/W2104234755,Mathematics,0.16348975896835327
https://openalex.org/W2104234755,Statistics,0.15410417318344116
https://openalex.org/W2104234755,Artificial neural network,0.0
https://openalex.org/W2104234755,Philosophy,0.0
https://openalex.org/W2104234755,Epistemology,0.0
https://openalex.org/W4220831425,Annotation,0.7936646938323975
https://openalex.org/W4220831425,UniProt,0.7843437194824219
https://openalex.org/W4220831425,Biology,0.7279545068740845
https://openalex.org/W4220831425,Upload,0.6517495512962341
https://openalex.org/W4220831425,DrugBank,0.6385826468467712
https://openalex.org/W4220831425,PubChem,0.6105417013168335
https://openalex.org/W4220831425,Ensembl,0.560965359210968
https://openalex.org/W4220831425,Gene Annotation,0.4854205548763275
https://openalex.org/W4220831425,Computational biology,0.4787865877151489
https://openalex.org/W4220831425,Web server,0.45591530203819275
https://openalex.org/W4220831425,Gene nomenclature,0.4478083550930023
https://openalex.org/W4220831425,Gene,0.43307745456695557
https://openalex.org/W4220831425,Information retrieval,0.39447909593582153
https://openalex.org/W4220831425,World Wide Web,0.33434170484542847
https://openalex.org/W4220831425,Computer science,0.3313394784927368
https://openalex.org/W4220831425,Bioinformatics,0.31173843145370483
https://openalex.org/W4220831425,Genomics,0.24545186758041382
https://openalex.org/W4220831425,Genetics,0.20584222674369812
https://openalex.org/W4220831425,Genome,0.18048256635665894
https://openalex.org/W4220831425,Taxonomy (biology),0.14783090353012085
https://openalex.org/W4220831425,The Internet,0.12963804602622986
https://openalex.org/W4220831425,Pharmacology,0.0
https://openalex.org/W4220831425,Nomenclature,0.0
https://openalex.org/W4220831425,Drug,0.0
https://openalex.org/W4220831425,Botany,0.0
https://openalex.org/W2217809488,International HapMap Project,0.8935445547103882
https://openalex.org/W2217809488,Haplotype,0.7474656701087952
https://openalex.org/W2217809488,Linkage disequilibrium,0.7327890396118164
https://openalex.org/W2217809488,Haplotype estimation,0.6851087808609009
https://openalex.org/W2217809488,Genetics,0.65340256690979
https://openalex.org/W2217809488,Biology,0.6452445387840271
https://openalex.org/W2217809488,Human genome,0.6146382093429565
https://openalex.org/W2217809488,Single-nucleotide polymorphism,0.5686845779418945
https://openalex.org/W2217809488,Evolutionary biology,0.49566733837127686
https://openalex.org/W2217809488,Tag SNP,0.4776840806007385
https://openalex.org/W2217809488,Genome,0.4753781855106354
https://openalex.org/W2217809488,Genetic variation,0.46642690896987915
https://openalex.org/W2217809488,Human genetic variation,0.4530389904975891
https://openalex.org/W2217809488,Computational biology,0.328766793012619
https://openalex.org/W2217809488,Allele,0.22418418526649475
https://openalex.org/W2217809488,Genotype,0.22237011790275574
https://openalex.org/W2217809488,Gene,0.18508905172348022
https://openalex.org/W2807194798,Biology,0.7798686623573303
https://openalex.org/W2807194798,Amplicon,0.7493258714675903
https://openalex.org/W2807194798,Classifier (UML),0.5202921032905579
https://openalex.org/W2807194798,Computational biology,0.5097739100456238
https://openalex.org/W2807194798,Gene,0.3863127529621124
https://openalex.org/W2807194798,Artificial intelligence,0.3790479302406311
https://openalex.org/W2807194798,Evolutionary biology,0.3626614212989807
https://openalex.org/W2807194798,Genetics,0.3453851044178009
https://openalex.org/W2807194798,Computer science,0.203555166721344
https://openalex.org/W2807194798,Polymerase chain reaction,0.15848663449287415
https://openalex.org/W2903899730,Middle East respiratory syndrome coronavirus,0.8640905618667603
https://openalex.org/W2903899730,Biology,0.81873619556427
https://openalex.org/W2903899730,Coronavirus,0.79925537109375
https://openalex.org/W2903899730,Middle East respiratory syndrome,0.663009524345398
https://openalex.org/W2903899730,Virology,0.6092560291290283
https://openalex.org/W2903899730,Betacoronavirus,0.5718576908111572
https://openalex.org/W2903899730,Severe acute respiratory syndrome coronavirus 2 (SARS-CoV-2),0.5663467049598694
https://openalex.org/W2903899730,Coronavirus disease 2019 (COVID-19),0.5215342044830322
https://openalex.org/W2903899730,2019-20 coronavirus outbreak,0.5196422338485718
https://openalex.org/W2903899730,Coronavirus Infections,0.4849529564380646
https://openalex.org/W2903899730,Severe acute respiratory syndrome coronavirus,0.47050637006759644
https://openalex.org/W2903899730,Highly pathogenic,0.45112624764442444
https://openalex.org/W2903899730,Virus,0.28478166460990906
https://openalex.org/W2903899730,Outbreak,0.09484606981277466
https://openalex.org/W2903899730,Disease,0.08847114443778992
https://openalex.org/W2903899730,Infectious disease (medical specialty),0.08549267053604126
https://openalex.org/W2903899730,Influenza A virus subtype H5N1,0.0825398862361908
https://openalex.org/W2903899730,Medicine,0.07449877262115479
https://openalex.org/W2903899730,Pathology,0.0
https://openalex.org/W2559537906,Medicine,0.8554966449737549
https://openalex.org/W2559537906,Expert opinion,0.6715271472930908
https://openalex.org/W2559537906,Minimal residual disease,0.562143862247467
https://openalex.org/W2559537906,Genetic testing,0.5166433453559875
https://openalex.org/W2559537906,Disease,0.5165216326713562
https://openalex.org/W2559537906,Myeloid leukemia,0.4520180821418762
https://openalex.org/W2559537906,Intensive care medicine,0.451002299785614
https://openalex.org/W2559537906,Oncology,0.4002456068992615
https://openalex.org/W2559537906,Family medicine,0.3640426993370056
https://openalex.org/W2559537906,Leukemia,0.2953142523765564
https://openalex.org/W2559537906,Internal medicine,0.29114973545074463
https://openalex.org/W2180481128,Biology,0.7283343076705933
https://openalex.org/W2180481128,Exon,0.682600200176239
https://openalex.org/W2180481128,Adenocarcinoma,0.6261692643165588
https://openalex.org/W2180481128,Somatic cell,0.5951054096221924
https://openalex.org/W2180481128,Alternative splicing,0.5351083874702454
https://openalex.org/W2180481128,Lung cancer,0.5350998640060425
https://openalex.org/W2180481128,KRAS,0.5107920169830322
https://openalex.org/W2180481128,RNA splicing,0.5069925785064697
https://openalex.org/W2180481128,Cancer research,0.49297332763671875
https://openalex.org/W2180481128,Germline mutation,0.4517962634563446
https://openalex.org/W2180481128,Messenger RNA,0.44699254631996155
https://openalex.org/W2180481128,Genetics,0.43960005044937134
https://openalex.org/W2180481128,Gene,0.43040403723716736
https://openalex.org/W2180481128,Oncogene,0.42384809255599976
https://openalex.org/W2180481128,Mutation,0.4224248230457306
https://openalex.org/W2180481128,Molecular biology,0.41395875811576843
https://openalex.org/W2180481128,Cancer,0.2967330813407898
https://openalex.org/W2180481128,RNA,0.22446078062057495
https://openalex.org/W2180481128,Medicine,0.1327953040599823
https://openalex.org/W2180481128,Pathology,0.1253456175327301
https://openalex.org/W2180481128,Cell cycle,0.10425186157226562
https://openalex.org/W2041440766,PTEN,0.7368320822715759
https://openalex.org/W2041440766,Cancer research,0.6255736947059631
https://openalex.org/W2041440766,Serous fluid,0.6243064999580383
https://openalex.org/W2041440766,Biology,0.6074762344360352
https://openalex.org/W2041440766,Endometrial cancer,0.5626956224441528
https://openalex.org/W2041440766,KRAS,0.5424843430519104
https://openalex.org/W2041440766,Serous carcinoma,0.48381680250167847
https://openalex.org/W2041440766,Comparative genomic hybridization,0.4725853204727173
https://openalex.org/W2041440766,ARID1A,0.4632583260536194
https://openalex.org/W2041440766,Microsatellite instability,0.4599001407623291
https://openalex.org/W2041440766,Carcinoma,0.42218613624572754
https://openalex.org/W2041440766,Genome instability,0.4134276509284973
https://openalex.org/W2041440766,Gene,0.3299744725227356
https://openalex.org/W2041440766,Cancer,0.3271881937980652
https://openalex.org/W2041440766,Mutation,0.3125556409358978
https://openalex.org/W2041440766,Genetics,0.27636200189590454
https://openalex.org/W2041440766,Ovarian cancer,0.23801064491271973
https://openalex.org/W2041440766,Genome,0.22248610854148865
https://openalex.org/W2041440766,PI3K/AKT/mTOR pathway,0.16742193698883057
https://openalex.org/W2041440766,DNA damage,0.10251080989837646
https://openalex.org/W2041440766,DNA,0.10211771726608276
https://openalex.org/W2041440766,Microsatellite,0.08976858854293823
https://openalex.org/W2041440766,Signal transduction,0.0815780758857727
https://openalex.org/W2041440766,Biochemistry,0.0
https://openalex.org/W2041440766,Allele,0.0
https://openalex.org/W2154197653,Suite,0.766558051109314
https://openalex.org/W2154197653,Computer science,0.706584632396698
https://openalex.org/W2154197653,Automation,0.5403047800064087
https://openalex.org/W2154197653,Software suite,0.4988975524902344
https://openalex.org/W2154197653,Graphical user interface,0.4978046417236328
https://openalex.org/W2154197653,Resolution (logic),0.4295578896999359
https://openalex.org/W2154197653,Range (aeronautics),0.41092386841773987
https://openalex.org/W2154197653,Programming language,0.2629845142364502
https://openalex.org/W2154197653,Software,0.23752674460411072
https://openalex.org/W2154197653,Engineering,0.0871601402759552
https://openalex.org/W2154197653,Aerospace engineering,0.07218420505523682
https://openalex.org/W2154197653,Mechanical engineering,0.07196518778800964
https://openalex.org/W2154197653,Archaeology,0.0
https://openalex.org/W2154197653,History,0.0
https://openalex.org/W1533942137,Biology,0.7791950702667236
https://openalex.org/W1533942137,Genetic variation,0.6871459484100342
https://openalex.org/W1533942137,Gene expression,0.6754665374755859
https://openalex.org/W1533942137,Genotype,0.671596348285675
https://openalex.org/W1533942137,Gene,0.655766487121582
https://openalex.org/W1533942137,Expression quantitative trait loci,0.6103502511978149
https://openalex.org/W1533942137,Genetics,0.6102670431137085
https://openalex.org/W1533942137,Regulation of gene expression,0.5464656352996826
https://openalex.org/W1533942137,Single-nucleotide polymorphism,0.07824346423149109
https://openalex.org/W2754967293,Burden of disease,0.6924819350242615
https://openalex.org/W2754967293,Disease,0.5141111016273499
https://openalex.org/W2754967293,Medicine,0.4741206467151642
https://openalex.org/W2754967293,Disease burden,0.44049888849258423
https://openalex.org/W2754967293,Environmental health,0.3369578421115875
https://openalex.org/W2754967293,Pathology,0.11744838953018188
https://openalex.org/W2120731293,Human brain,0.6629013419151306
https://openalex.org/W2120731293,Neuroscience,0.6397063732147217
https://openalex.org/W2120731293,Cerebral cortex,0.5787097811698914
https://openalex.org/W2120731293,Brain development,0.5712404251098633
https://openalex.org/W2120731293,Somatosensory system,0.5673184394836426
https://openalex.org/W2120731293,Gray (unit),0.4755663275718689
https://openalex.org/W2120731293,Autism,0.45913320779800415
https://openalex.org/W2120731293,Biology,0.4293964207172394
https://openalex.org/W2120731293,Psychology,0.37453776597976685
https://openalex.org/W2120731293,Medicine,0.18371829390525818
https://openalex.org/W2120731293,Developmental psychology,0.16209393739700317
https://openalex.org/W2120731293,Radiology,0.0
https://openalex.org/W2316376271,Medicine,0.9364359974861145
https://openalex.org/W2316376271,Aspirin,0.809538722038269
https://openalex.org/W2316376271,Disease,0.6646708250045776
https://openalex.org/W2316376271,Inflammation,0.6119138598442078
https://openalex.org/W2316376271,Atherosclerotic cardiovascular disease,0.47724294662475586
https://openalex.org/W2316376271,Internal medicine,0.370319664478302
https://openalex.org/W2141647078,Tamoxifen,0.8937658071517944
https://openalex.org/W2141647078,Medicine,0.8566591739654541
https://openalex.org/W2141647078,Breast cancer,0.8188883662223816
https://openalex.org/W2141647078,Lobular carcinoma,0.6571534872055054
https://openalex.org/W2141647078,Cumulative incidence,0.5351171493530273
https://openalex.org/W2141647078,Oncology,0.5044330358505249
https://openalex.org/W2141647078,Gynecology,0.4976859390735626
https://openalex.org/W2141647078,Internal medicine,0.47734335064888
https://openalex.org/W2141647078,Cancer,0.4693867862224579
https://openalex.org/W2141647078,Incidence (geometry),0.45909011363983154
https://openalex.org/W2141647078,Obstetrics,0.3383582830429077
https://openalex.org/W2141647078,Ductal carcinoma,0.22758165001869202
https://openalex.org/W2141647078,Cohort,0.15651917457580566
https://openalex.org/W2141647078,Physics,0.0
https://openalex.org/W2141647078,Optics,0.0
https://openalex.org/W2554773181,Nanomedicine,0.9317498207092285
https://openalex.org/W2554773181,Commercialization,0.6784176826477051
https://openalex.org/W2554773181,Cancer,0.5802788734436035
https://openalex.org/W2554773181,Cancer therapy,0.5171336531639099
https://openalex.org/W2554773181,Nanotechnology,0.4918854236602783
https://openalex.org/W2554773181,Cancer treatment,0.4583735764026642
https://openalex.org/W2554773181,SAFER,0.4458054304122925
https://openalex.org/W2554773181,Medicine,0.41735661029815674
https://openalex.org/W2554773181,Engineering ethics,0.40686243772506714
https://openalex.org/W2554773181,Engineering,0.3291417360305786
https://openalex.org/W2554773181,Risk analysis (engineering),0.3256039023399353
https://openalex.org/W2554773181,Computer science,0.24760344624519348
https://openalex.org/W2554773181,Business,0.18926385045051575
https://openalex.org/W2554773181,Materials science,0.1210412085056305
https://openalex.org/W2554773181,Internal medicine,0.09670129418373108
https://openalex.org/W2554773181,Nanoparticle,0.0786295235157013
https://openalex.org/W2554773181,Computer security,0.0
https://openalex.org/W2554773181,Marketing,0.0
https://openalex.org/W3186179742,CASP,0.9288318157196045
https://openalex.org/W3186179742,Protein structure prediction,0.672880232334137
https://openalex.org/W3186179742,Artificial neural network,0.6641649603843689
https://openalex.org/W3186179742,Computer science,0.6198425889015198
https://openalex.org/W3186179742,Folding (DSP implementation),0.5534390211105347
https://openalex.org/W3186179742,Artificial intelligence,0.5402119159698486
https://openalex.org/W3186179742,Sequence (biology),0.49019867181777954
https://openalex.org/W3186179742,Protein folding,0.4686751961708069
https://openalex.org/W3186179742,Deep learning,0.4678039848804474
https://openalex.org/W3186179742,Protein structure,0.4419260621070862
https://openalex.org/W3186179742,Computational biology,0.4400450587272644
https://openalex.org/W3186179742,Machine learning,0.3482407033443451
https://openalex.org/W3186179742,Chemistry,0.23319080471992493
https://openalex.org/W3186179742,Biology,0.18573465943336487
https://openalex.org/W3186179742,Engineering,0.11987653374671936
https://openalex.org/W3186179742,Biochemistry,0.10371679067611694
https://openalex.org/W3186179742,Electrical engineering,0.0
https://openalex.org/W3133859624,Biology,0.5131242871284485
https://openalex.org/W3133859624,Gene,0.4910240173339844
https://openalex.org/W3133859624,RNA splicing,0.47879061102867126
https://openalex.org/W3133859624,Genetic variation,0.4773193299770355
https://openalex.org/W3133859624,Human genetic variation,0.44915100932121277
https://openalex.org/W3133859624,Regulation of gene expression,0.4422377347946167
https://openalex.org/W3133859624,Gene expression,0.4313715398311615
https://openalex.org/W3133859624,Genetics,0.4107482135295868
https://openalex.org/W3133859624,Computational biology,0.4060560464859009
https://openalex.org/W3133859624,Human genome,0.19069254398345947
https://openalex.org/W3133859624,Genome,0.12417945265769958
https://openalex.org/W3133859624,RNA,0.10360822081565857
https://openalex.org/W2622807556,TREM2,0.9765256643295288
https://openalex.org/W2622807556,Microglia,0.9628153443336487
https://openalex.org/W2622807556,Neurodegeneration,0.8356122374534607
https://openalex.org/W2622807556,Biology,0.8126882314682007
https://openalex.org/W2622807556,Cell type,0.5750653743743896
https://openalex.org/W2622807556,Downregulation and upregulation,0.563728392124176
https://openalex.org/W2622807556,Immune system,0.5428611636161804
https://openalex.org/W2622807556,Alzheimer's disease,0.5227763056755066
https://openalex.org/W2622807556,Neuroscience,0.4673400819301605
https://openalex.org/W2622807556,Genetically modified mouse,0.46333611011505127
https://openalex.org/W2622807556,Disease,0.4417915344238281
https://openalex.org/W2622807556,Intracellular,0.4188120663166046
https://openalex.org/W2622807556,Cell biology,0.4140087366104126
https://openalex.org/W2622807556,Cell,0.4118831753730774
https://openalex.org/W2622807556,Receptor,0.4100508391857147
https://openalex.org/W2622807556,Immunology,0.39849263429641724
https://openalex.org/W2622807556,Transgene,0.3834156095981598
https://openalex.org/W2622807556,Inflammation,0.24170833826065063
https://openalex.org/W2622807556,Pathology,0.155490905046463
https://openalex.org/W2622807556,Genetics,0.11994817852973938
https://openalex.org/W2622807556,Gene,0.11412221193313599
https://openalex.org/W2622807556,Medicine,0.10333186388015747
https://openalex.org/W2107554012,Biology,0.8222507238388062
https://openalex.org/W2107554012,Human genetics,0.6517828702926636
https://openalex.org/W2107554012,Computational biology,0.6181249022483826
https://openalex.org/W2107554012,Phenotype,0.5962187051773071
https://openalex.org/W2107554012,Evolutionary biology,0.5862188935279846
https://openalex.org/W2107554012,Genome Biology,0.4713762700557709
https://openalex.org/W2107554012,Software,0.4443436563014984
https://openalex.org/W2107554012,Genetics,0.4144338369369507
https://openalex.org/W2107554012,Bioinformatics,0.3598400950431824
https://openalex.org/W2107554012,Genomics,0.2810611128807068
https://openalex.org/W2107554012,Genome,0.21675586700439453
https://openalex.org/W2107554012,Computer science,0.17211860418319702
https://openalex.org/W2107554012,Gene,0.13515010476112366
https://openalex.org/W2107554012,Programming language,0.0
https://openalex.org/W2134539328,Triple-negative breast cancer,0.8029664158821106
https://openalex.org/W2134539328,Breast cancer,0.6244651079177856
https://openalex.org/W2134539328,Identification (biology),0.6136578321456909
https://openalex.org/W2134539328,Medicine,0.4828558564186096
https://openalex.org/W2134539328,Selection (genetic algorithm),0.48138192296028137
https://openalex.org/W2134539328,Cancer,0.4686989486217499
https://openalex.org/W2134539328,Triple negative,0.4543130397796631
https://openalex.org/W2134539328,Computational biology,0.4456065893173218
https://openalex.org/W2134539328,Targeted therapy,0.4316719174385071
https://openalex.org/W2134539328,Cancer research,0.3876781165599823
https://openalex.org/W2134539328,Bioinformatics,0.3818321228027344
https://openalex.org/W2134539328,Oncology,0.37967821955680847
https://openalex.org/W2134539328,Biology,0.35171258449554443
https://openalex.org/W2134539328,Internal medicine,0.25028955936431885
https://openalex.org/W2134539328,Computer science,0.11568441987037659
https://openalex.org/W2134539328,Botany,0.0
https://openalex.org/W2134539328,Artificial intelligence,0.0
https://openalex.org/W2763355946,Radiomics,0.9267479181289673
https://openalex.org/W2763355946,Medicine,0.6526732444763184
https://openalex.org/W2763355946,Medical imaging,0.5962359309196472
https://openalex.org/W2763355946,Personalized medicine,0.5296133756637573
https://openalex.org/W2763355946,Medical physics,0.5057446956634521
https://openalex.org/W2763355946,Precision medicine,0.5045222043991089
https://openalex.org/W2763355946,Exploit,0.41662442684173584
https://openalex.org/W2763355946,Data science,0.3358035385608673
https://openalex.org/W2763355946,Computer science,0.2889367341995239
https://openalex.org/W2763355946,Bioinformatics,0.18110248446464539
https://openalex.org/W2763355946,Pathology,0.16343837976455688
https://openalex.org/W2763355946,Radiology,0.1411280632019043
https://openalex.org/W2763355946,Computer security,0.0
https://openalex.org/W2763355946,Biology,0.0
https://openalex.org/W1987604182,Cisplatin,0.9141733646392822
https://openalex.org/W1987604182,Oxaliplatin,0.6997087001800537
https://openalex.org/W1987604182,Carboplatin,0.6850542426109314
https://openalex.org/W1987604182,Medicine,0.646328330039978
https://openalex.org/W1987604182,Ovarian cancer,0.5671983957290649
https://openalex.org/W1987604182,Cancer,0.5478543639183044
https://openalex.org/W1987604182,Drug,0.5047010183334351
https://openalex.org/W1987604182,Cancer research,0.47142380475997925
https://openalex.org/W1987604182,Pharmacology,0.4414272606372833
https://openalex.org/W1987604182,Germ cell tumors,0.4383489191532135
https://openalex.org/W1987604182,Purine analogue,0.4366912543773651
https://openalex.org/W1987604182,Chemotherapy,0.4328177869319916
https://openalex.org/W1987604182,Testicular cancer,0.42564627528190613
https://openalex.org/W1987604182,Internal medicine,0.30824679136276245
https://openalex.org/W1987604182,Biology,0.22519588470458984
https://openalex.org/W1987604182,Colorectal cancer,0.1989971399307251
https://openalex.org/W1987604182,Purine,0.15260851383209229
https://openalex.org/W1987604182,Biochemistry,0.0
https://openalex.org/W1987604182,Enzyme,0.0
https://openalex.org/W2054275187,Biology,0.7662971019744873
https://openalex.org/W2054275187,Alternative splicing,0.6737924814224243
https://openalex.org/W2054275187,Transcriptome,0.662087619304657
https://openalex.org/W2054275187,Cell type,0.6320637464523315
https://openalex.org/W2054275187,RNA splicing,0.5605113506317139
https://openalex.org/W2054275187,Gene,0.4319709539413452
https://openalex.org/W2054275187,RNA,0.4277099668979645
https://openalex.org/W2054275187,Computational biology,0.4209398627281189
https://openalex.org/W2054275187,Gene expression,0.38939982652664185
https://openalex.org/W2054275187,Cell biology,0.36777815222740173
https://openalex.org/W2054275187,Cell,0.3663475513458252
https://openalex.org/W2054275187,Gene isoform,0.332633376121521
https://openalex.org/W2054275187,Genetics,0.2277875542640686
https://openalex.org/W2379365975,Medicine,0.9619133472442627
https://openalex.org/W2379365975,Disease,0.5887803435325623
https://openalex.org/W2379365975,Clinical trial,0.5277270078659058
https://openalex.org/W2379365975,Host (biology),0.4163263738155365
https://openalex.org/W2379365975,Physical therapy,0.3431134521961212
https://openalex.org/W2379365975,Intensive care medicine,0.34125959873199463
https://openalex.org/W2379365975,Family medicine,0.33402806520462036
https://openalex.org/W2379365975,Pathology,0.24529242515563965
https://openalex.org/W2379365975,Biology,0.0
https://openalex.org/W2379365975,Ecology,0.0
https://openalex.org/W2154026962,Biology,0.763056755065918
https://openalex.org/W2154026962,Taxonomy (biology),0.7449474334716797
https://openalex.org/W2154026962,Metagenomics,0.5564336776733398
https://openalex.org/W2154026962,Bacterial taxonomy,0.5477378964424133
https://openalex.org/W2154026962,Phylum,0.522337794303894
https://openalex.org/W2154026962,Phylogenetic tree,0.5151752233505249
https://openalex.org/W2154026962,Taxonomic rank,0.5118359923362732
https://openalex.org/W2154026962,Rank (graph theory),0.4507841169834137
https://openalex.org/W2154026962,Computational biology,0.379853218793869
https://openalex.org/W2154026962,Taxon,0.379180371761322
https://openalex.org/W2154026962,Ecology,0.37325674295425415
https://openalex.org/W2154026962,Data science,0.355968177318573
https://openalex.org/W2154026962,Computer science,0.2871273159980774
https://openalex.org/W2154026962,16S ribosomal RNA,0.2337459921836853
https://openalex.org/W2154026962,Gene,0.21288391947746277
https://openalex.org/W2154026962,Genetics,0.14261522889137268
https://openalex.org/W2154026962,Combinatorics,0.0
https://openalex.org/W2154026962,Mathematics,0.0
https://openalex.org/W2739999456,UniProt,0.9830262064933777
https://openalex.org/W2739999456,Biology,0.7955505847930908
https://openalex.org/W2739999456,Proteome,0.632485032081604
https://openalex.org/W2739999456,Annotation,0.6281031370162964
https://openalex.org/W2739999456,Identifier,0.5630440711975098
https://openalex.org/W2739999456,Computational biology,0.47961318492889404
https://openalex.org/W2739999456,Protein sequencing,0.4579618573188782
https://openalex.org/W2739999456,Sequence database,0.41574642062187195
https://openalex.org/W2739999456,Bioinformatics,0.32503601908683777
https://openalex.org/W2739999456,Genetics,0.3233492374420166
https://openalex.org/W2739999456,Computer science,0.21441161632537842
https://openalex.org/W2739999456,Peptide sequence,0.18041402101516724
https://openalex.org/W2739999456,Gene,0.14185985922813416
https://openalex.org/W2739999456,Programming language,0.0
https://openalex.org/W4236476849,Checklist,0.9033389091491699
https://openalex.org/W4236476849,Systematic review,0.8759670853614807
https://openalex.org/W4236476849,Guideline,0.6576951742172241
https://openalex.org/W4236476849,Terminology,0.6072608828544617
https://openalex.org/W4236476849,Statement (logic),0.6054211258888245
https://openalex.org/W4236476849,Presentation (obstetrics),0.46636828780174255
https://openalex.org/W4236476849,MEDLINE,0.4506042003631592
https://openalex.org/W4236476849,Computer science,0.3789686858654022
https://openalex.org/W4236476849,Management science,0.3676717281341553
https://openalex.org/W4236476849,Medical education,0.34172967076301575
https://openalex.org/W4236476849,Psychology,0.33777374029159546
https://openalex.org/W4236476849,Medicine,0.30875274538993835
https://openalex.org/W4236476849,Political science,0.11159858107566833
https://openalex.org/W4236476849,Engineering,0.10482436418533325
https://openalex.org/W4236476849,Pathology,0.09634193778038025
https://openalex.org/W4236476849,Law,0.0
https://openalex.org/W4236476849,Philosophy,0.0
https://openalex.org/W4236476849,Linguistics,0.0
https://openalex.org/W4236476849,Radiology,0.0
https://openalex.org/W4236476849,Cognitive psychology,0.0
https://openalex.org/W2128030851,Frontotemporal dementia,0.938435435295105
https://openalex.org/W2128030851,Frontotemporal lobar degeneration,0.849124014377594
https://openalex.org/W2128030851,Apathy,0.6638215184211731
https://openalex.org/W2128030851,Dementia,0.6343274116516113
https://openalex.org/W2128030851,Psychology,0.6326439380645752
https://openalex.org/W2128030851,Semantic dementia,0.4749177396297455
https://openalex.org/W2128030851,Aphasia,0.4350741505622864
https://openalex.org/W2128030851,Psychiatry,0.4257115423679352
https://openalex.org/W2128030851,Primary progressive aphasia,0.42235177755355835
https://openalex.org/W2128030851,Pathology,0.3125283718109131
https://openalex.org/W2128030851,Medicine,0.2983468174934387
https://openalex.org/W2128030851,Disease,0.218031644821167
https://openalex.org/W2128030851,Cognition,0.10720241069793701
https://openalex.org/W2066848874,Psychology,0.731067419052124
https://openalex.org/W2066848874,Neuroscience,0.6985132694244385
https://openalex.org/W2066848874,Ventral striatum,0.6192498207092285
https://openalex.org/W2066848874,Prefrontal cortex,0.5741609334945679
https://openalex.org/W2066848874,Orbitofrontal cortex,0.5728198289871216
https://openalex.org/W2066848874,Addiction,0.5337328314781189
https://openalex.org/W2066848874,Anterior cingulate cortex,0.5323054790496826
https://openalex.org/W2066848874,Extended amygdala,0.5155632495880127
https://openalex.org/W2066848874,Ventral tegmental area,0.5072452425956726
https://openalex.org/W2066848874,Amygdala,0.4945199191570282
https://openalex.org/W2066848874,Striatum,0.4575369358062744
https://openalex.org/W2066848874,Dopamine,0.25385579466819763
https://openalex.org/W2066848874,Stria terminalis,0.16831395030021667
https://openalex.org/W2066848874,Cognition,0.1279909312725067
https://openalex.org/W2066848874,Dopaminergic,0.09746316075325012
https://openalex.org/W2898402099,Biology,0.901566743850708
https://openalex.org/W2898402099,Computational biology,0.48337382078170776
https://openalex.org/W2898402099,Escherichia coli Proteins,0.4112769067287445
https://openalex.org/W2898402099,Database,0.3830817639827728
https://openalex.org/W2898402099,Genetics,0.35940831899642944
https://openalex.org/W2898402099,Bacterial protein,0.34342604875564575
https://openalex.org/W2898402099,Evolutionary biology,0.3316877484321594
https://openalex.org/W2898402099,Gene,0.10970595479011536
https://openalex.org/W2898402099,Computer science,0.0
https://openalex.org/W1934094702,Microsatellite instability,0.757904589176178
https://openalex.org/W1934094702,Colorectal cancer,0.6262069940567017
https://openalex.org/W1934094702,Wnt signaling pathway,0.5971936583518982
https://openalex.org/W1934094702,Biology,0.4896116852760315
https://openalex.org/W1934094702,Stromal cell,0.456010639667511
https://openalex.org/W1934094702,Cancer research,0.4528168737888336
https://openalex.org/W1934094702,Cancer,0.42249488830566406
https://openalex.org/W1934094702,Computational biology,0.42050012946128845
https://openalex.org/W1934094702,Bioinformatics,0.3672928810119629
https://openalex.org/W1934094702,Medicine,0.33396297693252563
https://openalex.org/W1934094702,Gene,0.26507022976875305
https://openalex.org/W1934094702,Genetics,0.2373599112033844
https://openalex.org/W1934094702,Microsatellite,0.10076811909675598
https://openalex.org/W1934094702,Allele,0.0
https://openalex.org/W1255676896,Epigenomics,0.8557328581809998
https://openalex.org/W1255676896,Medicine,0.7717323303222656
https://openalex.org/W1255676896,Myeloid leukemia,0.7386836409568787
https://openalex.org/W1255676896,Myeloid,0.5328766703605652
https://openalex.org/W1255676896,Leukemia,0.48644447326660156
https://openalex.org/W1255676896,Computational biology,0.47384339570999146
https://openalex.org/W1255676896,Genetics,0.4556184411048889
https://openalex.org/W1255676896,Cancer research,0.4351623058319092
https://openalex.org/W1255676896,Bioinformatics,0.32391348481178284
https://openalex.org/W1255676896,DNA methylation,0.25280842185020447
https://openalex.org/W1255676896,Immunology,0.2429099977016449
https://openalex.org/W1255676896,Gene,0.21891489624977112
https://openalex.org/W1255676896,Biology,0.1891225278377533
https://openalex.org/W1255676896,Gene expression,0.07919666171073914
https://openalex.org/W2950595506,Biology,0.6576390862464905
https://openalex.org/W2950595506,Resource (disambiguation),0.6326191425323486
https://openalex.org/W2950595506,Function (biology),0.5960494875907898
https://openalex.org/W2950595506,Gene ontology,0.5769237875938416
https://openalex.org/W2950595506,Ontology,0.571715235710144
https://openalex.org/W2950595506,Identifier,0.5658641457557678
https://openalex.org/W2950595506,Web resource,0.44563743472099304
https://openalex.org/W2950595506,Gene nomenclature,0.44508737325668335
https://openalex.org/W2950595506,Unique identifier,0.4242803752422333
https://openalex.org/W2950595506,World Wide Web,0.3988127112388611
https://openalex.org/W2950595506,Gene,0.38957375288009644
https://openalex.org/W2950595506,Computational biology,0.37031614780426025
https://openalex.org/W2950595506,Computer science,0.36347895860671997
https://openalex.org/W2950595506,Data science,0.3283197283744812
https://openalex.org/W2950595506,Genetics,0.18236574530601501
https://openalex.org/W2950595506,Ecology,0.08482182025909424
https://openalex.org/W2950595506,Taxonomy (biology),0.0
https://openalex.org/W2950595506,Gene expression,0.0
https://openalex.org/W2950595506,Epistemology,0.0
https://openalex.org/W2950595506,Programming language,0.0
https://openalex.org/W2950595506,Computer network,0.0
https://openalex.org/W2950595506,Philosophy,0.0
https://openalex.org/W2950595506,Nomenclature,0.0
https://openalex.org/W2332292689,Microphthalmia-associated transcription factor,0.8129913806915283
https://openalex.org/W2332292689,Biology,0.7482107281684875
https://openalex.org/W2332292689,Melanoma,0.5874714851379395
https://openalex.org/W2332292689,Single-cell analysis,0.5800632834434509
https://openalex.org/W2332292689,Stromal cell,0.5575392246246338
https://openalex.org/W2332292689,Cancer research,0.5488196611404419
https://openalex.org/W2332292689,Cell,0.5463736653327942
https://openalex.org/W2332292689,Transcriptome,0.530523419380188
https://openalex.org/W2332292689,Tumor microenvironment,0.45704489946365356
https://openalex.org/W2332292689,RNA-Seq,0.44440677762031555
https://openalex.org/W2332292689,RNA,0.43886223435401917
https://openalex.org/W2332292689,Immune system,0.4384799301624298
https://openalex.org/W2332292689,Transcription factor,0.4339463412761688
https://openalex.org/W2332292689,Context (archaeology),0.4190811216831207
https://openalex.org/W2332292689,Immune checkpoint,0.41014936566352844
https://openalex.org/W2332292689,Immunotherapy,0.27009689807891846
https://openalex.org/W2332292689,Genetics,0.2293325662612915
https://openalex.org/W2332292689,Gene expression,0.2077549397945404
https://openalex.org/W2332292689,Gene,0.17163467407226562
https://openalex.org/W2332292689,Tumor cells,0.14399757981300354
https://openalex.org/W2332292689,Paleontology,0.0
https://openalex.org/W2151734986,Medicine,0.9378828406333923
https://openalex.org/W2151734986,Photodynamic therapy,0.9047243595123291
https://openalex.org/W2151734986,Cancer,0.5809924602508545
https://openalex.org/W2151734986,Toxicity,0.4350185990333557
https://openalex.org/W2151734986,Cancer treatment,0.41530129313468933
https://openalex.org/W2151734986,Therapeutic effect,0.41274094581604004
https://openalex.org/W2151734986,Cancer research,0.35742121934890747
https://openalex.org/W2151734986,Oncology,0.35249799489974976
https://openalex.org/W2151734986,Pharmacology,0.2666934132575989
https://openalex.org/W2151734986,Internal medicine,0.2578687369823456
https://openalex.org/W2151734986,Chemistry,0.0
https://openalex.org/W2151734986,Organic chemistry,0.0
https://openalex.org/W2074661552,Astrogliosis,0.985110342502594
https://openalex.org/W2074661552,Astrocyte,0.7934867143630981
https://openalex.org/W2074661552,Glial scar,0.7367653250694275
https://openalex.org/W2074661552,Biology,0.6204601526260376
https://openalex.org/W2074661552,Gliosis,0.6172537803649902
https://openalex.org/W2074661552,Neuroscience,0.5984728336334229
https://openalex.org/W2074661552,Glial fibrillary acidic protein,0.5704348683357239
https://openalex.org/W2074661552,Astrocytosis,0.565213680267334
https://openalex.org/W2074661552,Pathology,0.5450000762939453
https://openalex.org/W2074661552,Context (archaeology),0.4997832775115967
https://openalex.org/W2074661552,Neuroglia,0.4918198883533478
https://openalex.org/W2074661552,Central nervous system,0.4886915981769562
https://openalex.org/W2074661552,Immunology,0.2505752444267273
https://openalex.org/W2074661552,Medicine,0.23628398776054382
https://openalex.org/W2074661552,Immunohistochemistry,0.08094242215156555
https://openalex.org/W2074661552,Paleontology,0.0
https://openalex.org/W2997022986,Set (abstract data type),0.6475940942764282
https://openalex.org/W2997022986,Gene,0.48513349890708923
https://openalex.org/W2997022986,Computer science,0.48190218210220337
https://openalex.org/W2997022986,Computational biology,0.4293396472930908
https://openalex.org/W2997022986,Biology,0.382111519575119
https://openalex.org/W2997022986,Genetics,0.2848176062107086
https://openalex.org/W2997022986,Programming language,0.22635313868522644
https://openalex.org/W1981239255,Zebrafish,0.9221906661987305
https://openalex.org/W1981239255,Biology,0.7706215977668762
https://openalex.org/W1981239255,Pseudogene,0.691056489944458
https://openalex.org/W1981239255,Genetics,0.6788218021392822
https://openalex.org/W1981239255,Genome,0.6651559472084045
https://openalex.org/W1981239255,Gene,0.6479794383049011
https://openalex.org/W1981239255,Model organism,0.5554519295692444
https://openalex.org/W1981239255,Human genome,0.5462318658828735
https://openalex.org/W1981239255,Reference genome,0.45520973205566406
https://openalex.org/W1981239255,Computational biology,0.41553473472595215
https://openalex.org/W2103004421,Radiomics,0.9380249977111816
https://openalex.org/W2103004421,Radiogenomics,0.9336923360824585
https://openalex.org/W2103004421,Lung cancer,0.5651965737342834
https://openalex.org/W2103004421,Medicine,0.5587410926818848
https://openalex.org/W2103004421,Head and neck cancer,0.54981929063797
https://openalex.org/W2103004421,Phenotype,0.5151204466819763
https://openalex.org/W2103004421,Head and neck,0.4770464301109314
https://openalex.org/W2103004421,Medical imaging,0.44627270102500916
https://openalex.org/W2103004421,Cancer,0.41656947135925293
https://openalex.org/W2103004421,Pathology,0.3735894560813904
https://openalex.org/W2103004421,Radiology,0.3421367406845093
https://openalex.org/W2103004421,Bioinformatics,0.32750678062438965
https://openalex.org/W2103004421,Gene,0.20338362455368042
https://openalex.org/W2103004421,Biology,0.16509497165679932
https://openalex.org/W2103004421,Internal medicine,0.15694987773895264
https://openalex.org/W2103004421,Surgery,0.07355082035064697
https://openalex.org/W2103004421,Biochemistry,0.0
https://openalex.org/W2138190873,Primary progressive aphasia,0.9393501281738281
https://openalex.org/W2138190873,Consistency (knowledge bases),0.5661836862564087
https://openalex.org/W2138190873,Operationalization,0.5419031977653503
https://openalex.org/W2138190873,Natural language processing,0.5000417232513428
https://openalex.org/W2138190873,Computer science,0.45725977420806885
https://openalex.org/W2138190873,Reliability (semiconductor),0.45048946142196655
https://openalex.org/W2138190873,Aphasia,0.4440559446811676
https://openalex.org/W2138190873,Medicine,0.4423346519470215
https://openalex.org/W2138190873,Psychology,0.3644574284553528
https://openalex.org/W2138190873,Artificial intelligence,0.3581208884716034
https://openalex.org/W2138190873,Pathology,0.35581469535827637
https://openalex.org/W2138190873,Frontotemporal dementia,0.20854243636131287
https://openalex.org/W2138190873,Cognitive psychology,0.19813522696495056
https://openalex.org/W2138190873,Disease,0.1233300268650055
https://openalex.org/W2138190873,Dementia,0.099153071641922
https://openalex.org/W2138190873,Power (physics),0.0
https://openalex.org/W2138190873,Quantum mechanics,0.0
https://openalex.org/W2138190873,Epistemology,0.0
https://openalex.org/W2138190873,Physics,0.0
https://openalex.org/W2138190873,Philosophy,0.0
https://openalex.org/W2148898943,Microglia,0.9674286842346191
https://openalex.org/W2148898943,Mononuclear phagocyte system,0.7192950248718262
https://openalex.org/W2148898943,Biology,0.685987651348114
https://openalex.org/W2148898943,Progenitor cell,0.6206024885177612
https://openalex.org/W2148898943,Macrophage,0.5367063283920288
https://openalex.org/W2148898943,Fate mapping,0.5262001156806946
https://openalex.org/W2148898943,Embryonic stem cell,0.509182870388031
https://openalex.org/W2148898943,Haematopoiesis,0.4848862588405609
https://openalex.org/W2148898943,Population,0.46631771326065063
https://openalex.org/W2148898943,Central nervous system,0.45240718126296997
https://openalex.org/W2148898943,Immunology,0.44010546803474426
https://openalex.org/W2148898943,Neuroscience,0.4041842818260193
https://openalex.org/W2148898943,Cell biology,0.3226380944252014
https://openalex.org/W2148898943,Stem cell,0.2544822096824646
https://openalex.org/W2148898943,Inflammation,0.2430303394794464
https://openalex.org/W2148898943,Medicine,0.23079919815063477
https://openalex.org/W2148898943,Gene,0.09449073672294617
https://openalex.org/W2148898943,Genetics,0.09058678150177002
https://openalex.org/W2148898943,In vitro,0.06761881709098816
https://openalex.org/W2148898943,Environmental health,0.0
https://openalex.org/W2301131921,Metabolite,0.7409766912460327
https://openalex.org/W2301131921,Pharmacology,0.5306289196014404
https://openalex.org/W2301131921,Chemistry,0.48673394322395325
https://openalex.org/W2301131921,Pharmacokinetics,0.4374104142189026
https://openalex.org/W2301131921,Excretion,0.42913007736206055
https://openalex.org/W2301131921,Biology,0.3684390187263489
https://openalex.org/W2301131921,Internal medicine,0.3265484571456909
https://openalex.org/W2301131921,Biochemistry,0.31925010681152344
https://openalex.org/W2301131921,Medicine,0.18742215633392334
https://openalex.org/W2223535266,Warburg effect,0.8007415533065796
https://openalex.org/W2223535266,Cancer,0.585494875907898
https://openalex.org/W2223535266,Chemistry,0.4519991874694824
https://openalex.org/W2223535266,Cancer cell,0.4464591443538666
https://openalex.org/W2223535266,Biology,0.41235196590423584
https://openalex.org/W2223535266,Cancer research,0.38862234354019165
https://openalex.org/W2223535266,Cell biology,0.37608906626701355
https://openalex.org/W2223535266,Computational biology,0.32364141941070557
https://openalex.org/W2223535266,Genetics,0.1769779622554779
https://openalex.org/W1950118853,Exosome,0.8363630771636963
https://openalex.org/W1950118853,Microvesicles,0.8350601196289062
https://openalex.org/W1950118853,Integrin,0.7431454062461853
https://openalex.org/W1950118853,Metastasis,0.728230357170105
https://openalex.org/W1950118853,Cancer research,0.5340418219566345
https://openalex.org/W1950118853,Pathology,0.45279961824417114
https://openalex.org/W1950118853,Biology,0.4291522800922394
https://openalex.org/W1950118853,Medicine,0.3820856213569641
https://openalex.org/W1950118853,Cell biology,0.3516688942909241
https://openalex.org/W1950118853,Cell,0.26885277032852173
https://openalex.org/W1950118853,Cancer,0.24420154094696045
https://openalex.org/W1950118853,microRNA,0.1620558798313141
https://openalex.org/W1950118853,Internal medicine,0.1323973834514618
https://openalex.org/W1950118853,Gene,0.08832293748855591
https://openalex.org/W1950118853,Genetics,0.0
https://openalex.org/W1950118853,Biochemistry,0.0
https://openalex.org/W2017821362,Mosaic,0.6925914287567139
https://openalex.org/W2017821362,Range (aeronautics),0.6751043796539307
https://openalex.org/W2017821362,DNA,0.6537560224533081
https://openalex.org/W2017821362,Nucleotide,0.567051112651825
https://openalex.org/W2017821362,Power law,0.5083922743797302
https://openalex.org/W2017821362,Statistical physics,0.4854651093482971
https://openalex.org/W2017821362,DNA sequencing,0.4715345501899719
https://openalex.org/W2017821362,Evolutionary biology,0.4667874574661255
https://openalex.org/W2017821362,Biology,0.46200841665267944
https://openalex.org/W2017821362,Computational biology,0.4192239046096802
https://openalex.org/W2017821362,Correlation,0.41406679153442383
https://openalex.org/W2017821362,Physics,0.38695552945137024
https://openalex.org/W2017821362,Genetics,0.37178391218185425
https://openalex.org/W2017821362,Mathematics,0.17903181910514832
https://openalex.org/W2017821362,Gene,0.12926334142684937
https://openalex.org/W2017821362,Statistics,0.11851593852043152
https://openalex.org/W2017821362,Geography,0.10487112402915955
https://openalex.org/W2017821362,Geometry,0.1005057692527771
https://openalex.org/W2017821362,Materials science,0.06769326329231262
https://openalex.org/W2017821362,Archaeology,0.0
https://openalex.org/W2017821362,Composite material,0.0
https://openalex.org/W2899773405,Risk assessment,0.6763671636581421
https://openalex.org/W2899773405,Medicine,0.5731348395347595
https://openalex.org/W2899773405,Relative risk,0.564602792263031
https://openalex.org/W2899773405,Environmental health,0.5577662587165833
https://openalex.org/W2899773405,Cohort study,0.45949438214302063
https://openalex.org/W2899773405,Estimation,0.42653363943099976
https://openalex.org/W2899773405,Counterfactual thinking,0.4141473174095154
https://openalex.org/W2899773405,Demography,0.411191463470459
https://openalex.org/W2899773405,Confidence interval,0.2701038420200348
https://openalex.org/W2899773405,Psychology,0.08446595072746277
https://openalex.org/W2899773405,Economics,0.08260804414749146
https://openalex.org/W2899773405,Management,0.0
https://openalex.org/W2899773405,Social psychology,0.0
https://openalex.org/W2899773405,Sociology,0.0
https://openalex.org/W2899773405,Pathology,0.0
https://openalex.org/W2899773405,Internal medicine,0.0
https://openalex.org/W2118858814,Medicine,0.892002284526825
https://openalex.org/W2118858814,Surviving Sepsis Campaign,0.858866810798645
https://openalex.org/W2118858814,Sepsis,0.8128300309181213
https://openalex.org/W2118858814,Septic shock,0.7903734445571899
https://openalex.org/W2118858814,Intensive care medicine,0.6963361501693726
https://openalex.org/W2118858814,Severe sepsis,0.5248641967773438
https://openalex.org/W2118858814,Anesthesiology,0.5104614496231079
https://openalex.org/W2118858814,Delphi method,0.5102243423461914
https://openalex.org/W2118858814,Resuscitation,0.47669264674186707
https://openalex.org/W2118858814,Emergency medicine,0.37342676520347595
https://openalex.org/W2118858814,Internal medicine,0.1693149209022522
https://openalex.org/W2118858814,Mathematics,0.0
https://openalex.org/W2118858814,Anesthesia,0.0
https://openalex.org/W2118858814,Statistics,0.0
https://openalex.org/W3136955306,Coronavirus disease 2019 (COVID-19),0.7436213493347168
https://openalex.org/W3136955306,Pandemic,0.7416242957115173
https://openalex.org/W3136955306,Medicine,0.7241412401199341
https://openalex.org/W3136955306,Intensive care medicine,0.6675141453742981
https://openalex.org/W3136955306,Disease,0.6107378005981445
https://openalex.org/W3136955306,Coronavirus,0.5942755937576294
https://openalex.org/W3136955306,Severe acute respiratory syndrome coronavirus 2 (SARS-CoV-2),0.5297297835350037
https://openalex.org/W3136955306,Population,0.4921228289604187
https://openalex.org/W3136955306,Multidisciplinary approach,0.43697184324264526
https://openalex.org/W3136955306,Internal medicine,0.21419981122016907
https://openalex.org/W3136955306,Infectious disease (medical specialty),0.1916607916355133
https://openalex.org/W3136955306,Sociology,0.0
https://openalex.org/W3136955306,Environmental health,0.0
https://openalex.org/W3136955306,Social science,0.0
https://openalex.org/W2166734004,Medicine,0.7488471269607544
https://openalex.org/W2166734004,Disease,0.5487167239189148
https://openalex.org/W2166734004,Epidemiology,0.4555869698524475
https://openalex.org/W2166734004,Cancer,0.4487355351448059
https://openalex.org/W2166734004,Intensive care medicine,0.4177054166793823
https://openalex.org/W2166734004,Family medicine,0.3437396287918091
https://openalex.org/W2166734004,Pathology,0.2286982536315918
https://openalex.org/W2166734004,Internal medicine,0.17298701405525208
https://openalex.org/W2131478115,Bioconductor,0.8498334884643555
https://openalex.org/W2131478115,Computer science,0.7155100107192993
https://openalex.org/W2131478115,Scalability,0.6412444114685059
https://openalex.org/W2131478115,Software,0.5947965383529663
https://openalex.org/W2131478115,Visualization,0.5865323543548584
https://openalex.org/W2131478115,Computational statistics,0.514099657535553
https://openalex.org/W2131478115,Sequence alignment,0.4979557991027832
https://openalex.org/W2131478115,Data mining,0.4884423315525055
https://openalex.org/W2131478115,Genome,0.4652826189994812
https://openalex.org/W2131478115,Computational genomics,0.45843157172203064
https://openalex.org/W2131478115,Genomics,0.3589613437652588
https://openalex.org/W2131478115,Computational biology,0.34045010805130005
https://openalex.org/W2131478115,Biology,0.1827520728111267
https://openalex.org/W2131478115,Database,0.1752554476261139
https://openalex.org/W2131478115,Genetics,0.14087581634521484
https://openalex.org/W2131478115,Programming language,0.13948655128479004
https://openalex.org/W2131478115,Machine learning,0.09338927268981934
https://openalex.org/W2131478115,Gene,0.08830177783966064
https://openalex.org/W2131478115,Peptide sequence,0.0
https://openalex.org/W3022285953,Drug repositioning,0.746538519859314
https://openalex.org/W3022285953,Coronavirus,0.6540268659591675
https://openalex.org/W3022285953,Druggability,0.6507171988487244
https://openalex.org/W3022285953,Repurposing,0.6380376815795898
https://openalex.org/W3022285953,Virology,0.5317579507827759
https://openalex.org/W3022285953,Drug,0.5045536756515503
https://openalex.org/W3022285953,Drug discovery,0.47643929719924927
https://openalex.org/W3022285953,Severe acute respiratory syndrome coronavirus 2 (SARS-CoV-2),0.44664815068244934
https://openalex.org/W3022285953,Biology,0.4174426198005676
https://openalex.org/W3022285953,Pharmacology,0.391005277633667
https://openalex.org/W3022285953,Medicine,0.38827118277549744
https://openalex.org/W3022285953,Computational biology,0.3452475666999817
https://openalex.org/W3022285953,Coronavirus disease 2019 (COVID-19),0.33621060848236084
https://openalex.org/W3022285953,Bioinformatics,0.26249778270721436
https://openalex.org/W3022285953,Disease,0.2564946413040161
https://openalex.org/W3022285953,Infectious disease (medical specialty),0.17251139879226685
https://openalex.org/W3022285953,Gene,0.150552898645401
https://openalex.org/W3022285953,Genetics,0.10265854001045227
https://openalex.org/W3022285953,Ecology,0.0
https://openalex.org/W3022285953,Pathology,0.0
https://openalex.org/W2266175888,Perspiration,0.8687213659286499
https://openalex.org/W2266175888,Wearable computer,0.770330548286438
https://openalex.org/W2266175888,Computer science,0.576956570148468
https://openalex.org/W2266175888,Multiplexing,0.5762045383453369
https://openalex.org/W2266175888,Biosensor,0.5423246026039124
https://openalex.org/W2266175888,Analyte,0.4626767039299011
https://openalex.org/W2266175888,Instrumentation (computer programming),0.43100476264953613
https://openalex.org/W2266175888,Computer hardware,0.40212520956993103
https://openalex.org/W2266175888,Embedded system,0.3387354016304016
https://openalex.org/W2266175888,Nanotechnology,0.24377533793449402
https://openalex.org/W2266175888,Materials science,0.19114524126052856
https://openalex.org/W2266175888,Chemistry,0.136508047580719
https://openalex.org/W2266175888,Telecommunications,0.09656167030334473
https://openalex.org/W2266175888,Physical chemistry,0.0
https://openalex.org/W2266175888,Composite material,0.0
https://openalex.org/W2266175888,Operating system,0.0
https://openalex.org/W2143625465,Inflammatory bowel disease,0.8482241630554199
https://openalex.org/W2143625465,Host (biology),0.7231769561767578
https://openalex.org/W2143625465,Disease,0.5181140303611755
https://openalex.org/W2143625465,Inflammatory Bowel Diseases,0.5069501399993896
https://openalex.org/W2143625465,Genetic architecture,0.43001317977905273
https://openalex.org/W2143625465,Biology,0.3964592218399048
https://openalex.org/W2143625465,Medicine,0.33274856209754944
https://openalex.org/W2143625465,Genetics,0.22789227962493896
https://openalex.org/W2143625465,Pathology,0.15053018927574158
https://openalex.org/W2143625465,Gene,0.10809144377708435
https://openalex.org/W2143625465,Phenotype,0.08114805817604065
https://openalex.org/W2765322245,Python (programming language),0.6729221940040588
https://openalex.org/W2765322245,Computer science,0.656592845916748
https://openalex.org/W2765322245,Software,0.4981560707092285
https://openalex.org/W2765322245,Source code,0.4504009485244751
https://openalex.org/W2765322245,Open source,0.41288289427757263
https://openalex.org/W2765322245,Data mining,0.36983615159988403
https://openalex.org/W2765322245,Computational science,0.3432256579399109
https://openalex.org/W2765322245,Programming language,0.18035495281219482
https://openalex.org/W2159954944,Metagenomics,0.9100134372711182
https://openalex.org/W2159954944,Biology,0.8631933927536011
https://openalex.org/W2159954944,Human genetics,0.7603195905685425
https://openalex.org/W2159954944,Computational biology,0.6532217264175415
https://openalex.org/W2159954944,Sequence (biology),0.6248800754547119
https://openalex.org/W2159954944,Genetics,0.48354244232177734
https://openalex.org/W2159954944,Evolutionary biology,0.46965280175209045
https://openalex.org/W2159954944,Sequence alignment,0.4205772876739502
https://openalex.org/W2159954944,Biological classification,0.4175834059715271
https://openalex.org/W2159954944,Bioinformatics,0.35536429286003113
https://openalex.org/W2159954944,Gene,0.18176305294036865
https://openalex.org/W2159954944,Peptide sequence,0.1350507140159607
https://openalex.org/W2997280954,Overfitting,0.7343490123748779
https://openalex.org/W2997280954,Covariate,0.6913738250732422
https://openalex.org/W2997280954,Normalization (sociology),0.6756513118743896
https://openalex.org/W2997280954,Pooling,0.6670070290565491
https://openalex.org/W2997280954,Negative binomial distribution,0.638930082321167
https://openalex.org/W2997280954,Count data,0.6212759017944336
https://openalex.org/W2997280954,Biology,0.47729671001434326
https://openalex.org/W2997280954,Regression,0.47656965255737305
https://openalex.org/W2997280954,Computer science,0.3684052526950836
https://openalex.org/W2997280954,Mathematics,0.359374463558197
https://openalex.org/W2997280954,Statistics,0.35259246826171875
https://openalex.org/W2997280954,Computational biology,0.34971922636032104
https://openalex.org/W2997280954,Artificial intelligence,0.23772209882736206
https://openalex.org/W2997280954,Poisson distribution,0.08663144707679749
https://openalex.org/W2997280954,Sociology,0.0
https://openalex.org/W2997280954,Anthropology,0.0
https://openalex.org/W2997280954,Artificial neural network,0.0
https://openalex.org/W2130010412,Voxel,0.8121707439422607
https://openalex.org/W2130010412,Pattern recognition (psychology),0.5926965475082397
https://openalex.org/W2130010412,Standard deviation,0.5768334269523621
https://openalex.org/W2130010412,Functional magnetic resonance imaging,0.5727064609527588
https://openalex.org/W2130010412,Artificial intelligence,0.5565534830093384
https://openalex.org/W2130010412,Principal component analysis,0.5529699921607971
https://openalex.org/W2130010412,Noise (video),0.5067980885505676
https://openalex.org/W2130010412,Region of interest,0.5030815005302429
https://openalex.org/W2130010412,Perfusion scanning,0.49367794394493103
https://openalex.org/W2130010412,Computer science,0.4874010682106018
https://openalex.org/W2130010412,Communication noise,0.460330605506897
https://openalex.org/W2130010412,Magnetic resonance imaging,0.42773377895355225
https://openalex.org/W2130010412,Perfusion,0.3449442982673645
https://openalex.org/W2130010412,Mathematics,0.2771291732788086
https://openalex.org/W2130010412,Statistics,0.14494788646697998
https://openalex.org/W2130010412,Medicine,0.12908664345741272
https://openalex.org/W2130010412,Radiology,0.10496586561203003
https://openalex.org/W2130010412,Image (mathematics),0.09173828363418579
https://openalex.org/W2130010412,Philosophy,0.0
https://openalex.org/W2130010412,Linguistics,0.0
https://openalex.org/W2592509339,Epilepsy,0.8462277054786682
https://openalex.org/W2592509339,Terminology,0.7138856649398804
https://openalex.org/W2592509339,Etiology,0.5829571485519409
https://openalex.org/W2592509339,Medicine,0.5225409865379333
https://openalex.org/W2592509339,Epilepsy syndromes,0.48666006326675415
https://openalex.org/W2592509339,Generalized epilepsy,0.4336230754852295
https://openalex.org/W2592509339,Pediatrics,0.3892921209335327
https://openalex.org/W2592509339,Intensive care medicine,0.361179918050766
https://openalex.org/W2592509339,Psychiatry,0.3205186128616333
https://openalex.org/W2592509339,Philosophy,0.0
https://openalex.org/W2592509339,Linguistics,0.0
https://openalex.org/W2101870168,Bioconductor,0.9645618200302124
https://openalex.org/W2101870168,dNaM,0.8566574454307556
https://openalex.org/W2101870168,Computer science,0.6545590162277222
https://openalex.org/W2101870168,Suite,0.5904254913330078
https://openalex.org/W2101870168,Preprocessor,0.5700118541717529
https://openalex.org/W2101870168,Software,0.5598188638687134
https://openalex.org/W2101870168,Software suite,0.5253762006759644
https://openalex.org/W2101870168,DNA microarray,0.5229098200798035
https://openalex.org/W2101870168,Throughput,0.5176949501037598
https://openalex.org/W2101870168,DNA methylation,0.512171745300293
https://openalex.org/W2101870168,Computational biology,0.5070626735687256
https://openalex.org/W2101870168,Data mining,0.38594383001327515
https://openalex.org/W2101870168,Biology,0.32776811718940735
https://openalex.org/W2101870168,Genetics,0.18473964929580688
https://openalex.org/W2101870168,Artificial intelligence,0.13753631711006165
https://openalex.org/W2101870168,Operating system,0.1245121955871582
https://openalex.org/W2101870168,Gene,0.09447410702705383
https://openalex.org/W2101870168,Wireless,0.0
https://openalex.org/W2101870168,Gene expression,0.0
https://openalex.org/W2101870168,History,0.0
https://openalex.org/W2101870168,Archaeology,0.0
https://openalex.org/W2344644350,Nanomedicine,0.819571852684021
https://openalex.org/W2344644350,Nanoparticle,0.7179563641548157
https://openalex.org/W2344644350,Nanotechnology,0.5405799746513367
https://openalex.org/W2344644350,Transcellular,0.4913581907749176
https://openalex.org/W2344644350,Drug delivery,0.4497527778148651
https://openalex.org/W2344644350,Medicine,0.3813595175743103
https://openalex.org/W2344644350,Computer science,0.3601797819137573
https://openalex.org/W2344644350,Materials science,0.3484548032283783
https://openalex.org/W2344644350,Biology,0.18675026297569275
https://openalex.org/W2344644350,Biophysics,0.15610778331756592
https://openalex.org/W2059099579,DNA methylation,0.8220353126525879
https://openalex.org/W2059099579,Epigenomics,0.8025979995727539
https://openalex.org/W2059099579,Biology,0.7748020887374878
https://openalex.org/W2059099579,Epigenetics,0.7215491533279419
https://openalex.org/W2059099579,Embryonic stem cell,0.4938579201698303
https://openalex.org/W2059099579,Methylation,0.48853859305381775
https://openalex.org/W2059099579,Genetics,0.4828270375728607
https://openalex.org/W2059099579,Gene,0.3775613009929657
https://openalex.org/W2059099579,Cell biology,0.3704402446746826
https://openalex.org/W2059099579,Gene expression,0.22516629099845886
https://openalex.org/W2147101007,Postsynaptic potential,0.8467697501182556
https://openalex.org/W2147101007,Post-tetanic potentiation,0.8039864301681519
https://openalex.org/W2147101007,Neuroscience,0.7479940056800842
https://openalex.org/W2147101007,Long-term potentiation,0.7316845655441284
https://openalex.org/W2147101007,Excitatory postsynaptic potential,0.6072258353233337
https://openalex.org/W2147101007,Synaptic augmentation,0.5304110646247864
https://openalex.org/W2147101007,Synaptic fatigue,0.5276328921318054
https://openalex.org/W2147101007,Synaptic plasticity,0.47329822182655334
https://openalex.org/W2147101007,Neurotransmission,0.45302435755729675
https://openalex.org/W2147101007,NMDA receptor,0.43475210666656494
https://openalex.org/W2147101007,Nonsynaptic plasticity,0.4340440034866333
https://openalex.org/W2147101007,Long-term depression,0.43229180574417114
https://openalex.org/W2147101007,Postsynaptic density,0.42636430263519287
https://openalex.org/W2147101007,Biology,0.3824382722377777
https://openalex.org/W2147101007,Chemistry,0.334375262260437
https://openalex.org/W2147101007,Metaplasticity,0.3067229390144348
https://openalex.org/W2147101007,Inhibitory postsynaptic potential,0.3056683838367462
https://openalex.org/W2147101007,AMPA receptor,0.21638742089271545
https://openalex.org/W2147101007,Receptor,0.13255128264427185
https://openalex.org/W2147101007,Biochemistry,0.0
https://openalex.org/W3119952098,Drug discovery,0.689194917678833
https://openalex.org/W3119952098,Isolation (microbiology),0.510489821434021
https://openalex.org/W3119952098,Risk analysis (engineering),0.4975621998310089
https://openalex.org/W3119952098,Pharmaceutical industry,0.4850582182407379
https://openalex.org/W3119952098,Natural (archaeology),0.47912073135375977
https://openalex.org/W3119952098,Natural product,0.476485937833786
https://openalex.org/W3119952098,Biotechnology,0.43968719244003296
https://openalex.org/W3119952098,Data science,0.4231951832771301
https://openalex.org/W3119952098,Biochemical engineering,0.40951111912727356
https://openalex.org/W3119952098,Computer science,0.3724450469017029
https://openalex.org/W3119952098,Business,0.2945111393928528
https://openalex.org/W3119952098,Engineering,0.273059219121933
https://openalex.org/W3119952098,Biology,0.22502821683883667
https://openalex.org/W3119952098,Bioinformatics,0.16434717178344727
https://openalex.org/W3119952098,Biochemistry,0.0
https://openalex.org/W3119952098,Paleontology,0.0
https://openalex.org/W3004348779,Coronavirus,0.8022449016571045
https://openalex.org/W3004348779,Biology,0.7459030151367188
https://openalex.org/W3004348779,Severe acute respiratory syndrome coronavirus 2 (SARS-CoV-2),0.6736255884170532
https://openalex.org/W3004348779,Coronavirus disease 2019 (COVID-19),0.5598926544189453
https://openalex.org/W3004348779,Virology,0.5555397868156433
https://openalex.org/W3004348779,Computational biology,0.4862302839756012
https://openalex.org/W3004348779,Receptor,0.4829663336277008
https://openalex.org/W3004348779,2019-20 coronavirus outbreak,0.47249355912208557
https://openalex.org/W3004348779,Betacoronavirus,0.44175273180007935
https://openalex.org/W3004348779,Outbreak,0.43024975061416626
https://openalex.org/W3004348779,Genetics,0.16618967056274414
https://openalex.org/W3004348779,Infectious disease (medical specialty),0.12917360663414001
https://openalex.org/W3004348779,Disease,0.12449246644973755
https://openalex.org/W3004348779,Medicine,0.11209788918495178
https://openalex.org/W3004348779,Pathology,0.0
https://openalex.org/W2533800772,Deep learning,0.8102121353149414
https://openalex.org/W2533800772,Artificial intelligence,0.752568244934082
https://openalex.org/W2533800772,Computer science,0.7282938957214355
https://openalex.org/W2533800772,Exploit,0.6413166522979736
https://openalex.org/W2533800772,Medical imaging,0.5550596117973328
https://openalex.org/W2533800772,Segmentation,0.5512755513191223
https://openalex.org/W2533800772,Field (mathematics),0.5389417409896851
https://openalex.org/W2533800772,Feature (linguistics),0.5099118947982788
https://openalex.org/W2533800772,Domain (mathematical analysis),0.5046623945236206
https://openalex.org/W2533800772,Machine learning,0.4671235680580139
https://openalex.org/W2533800772,Pattern recognition (psychology),0.35771629214286804
https://openalex.org/W2533800772,Computer security,0.0
https://openalex.org/W2533800772,Mathematical analysis,0.0
https://openalex.org/W2533800772,Philosophy,0.0
https://openalex.org/W2533800772,Linguistics,0.0
https://openalex.org/W2533800772,Pure mathematics,0.0
https://openalex.org/W2533800772,Mathematics,0.0
https://openalex.org/W2055348159,Homeostasis,0.7424116730690002
https://openalex.org/W2055348159,Macrophage,0.6594696044921875
https://openalex.org/W2055348159,Biology,0.6524484157562256
https://openalex.org/W2055348159,Haematopoiesis,0.5816052556037903
https://openalex.org/W2055348159,Disease,0.5635379552841187
https://openalex.org/W2055348159,Immunity,0.5443815588951111
https://openalex.org/W2055348159,Diversity (politics),0.44740867614746094
https://openalex.org/W2055348159,Immune system,0.433857798576355
https://openalex.org/W2055348159,Cell biology,0.41972577571868896
https://openalex.org/W2055348159,Human disease,0.4157334566116333
https://openalex.org/W2055348159,Immunology,0.40485668182373047
https://openalex.org/W2055348159,Neuroscience,0.36121028661727905
https://openalex.org/W2055348159,Stem cell,0.2924838066101074
https://openalex.org/W2055348159,Medicine,0.16162458062171936
https://openalex.org/W2055348159,Genetics,0.15763399004936218
https://openalex.org/W2055348159,Pathology,0.10822272300720215
https://openalex.org/W2055348159,Gene,0.09401056170463562
https://openalex.org/W2055348159,Political science,0.08331233263015747
https://openalex.org/W2055348159,In vitro,0.0
https://openalex.org/W2055348159,Law,0.0
https://openalex.org/W2100592123,Scratch,0.926817774772644
https://openalex.org/W2100592123,Cell migration,0.8210785388946533
https://openalex.org/W2100592123,In vitro,0.7277226448059082
https://openalex.org/W2100592123,Cell,0.577967643737793
https://openalex.org/W2100592123,In vivo,0.5285155773162842
https://openalex.org/W2100592123,Cell biology,0.44557714462280273
https://openalex.org/W2100592123,Intracellular,0.423869252204895
https://openalex.org/W2100592123,Cell culture,0.41644665598869324
https://openalex.org/W2100592123,Materials science,0.3454696536064148
https://openalex.org/W2100592123,Biomedical engineering,0.3303680419921875
https://openalex.org/W2100592123,Biophysics,0.32596004009246826
https://openalex.org/W2100592123,Chemistry,0.32462650537490845
https://openalex.org/W2100592123,Biology,0.3235904574394226
https://openalex.org/W2100592123,Biochemistry,0.13275721669197083
https://openalex.org/W2100592123,Medicine,0.12148553133010864
https://openalex.org/W2100592123,Biotechnology,0.06120726466178894
https://openalex.org/W2100592123,Genetics,0.05673325061798096
https://openalex.org/W2100592123,Composite material,0.0
https://openalex.org/W2115779804,Genome-wide association study,0.8586184978485107
https://openalex.org/W2115779804,Single-nucleotide polymorphism,0.6837853789329529
https://openalex.org/W2115779804,Apolipoprotein E,0.6543006896972656
https://openalex.org/W2115779804,Disease,0.6438267230987549
https://openalex.org/W2115779804,Biology,0.6411768794059753
https://openalex.org/W2115779804,Alzheimer's disease,0.5946179032325745
https://openalex.org/W2115779804,Genetic association,0.5599405765533447
https://openalex.org/W2115779804,Genetics,0.5480074286460876
https://openalex.org/W2115779804,Meta-analysis,0.5327674746513367
https://openalex.org/W2115779804,Locus (genetics),0.4755289852619171
https://openalex.org/W2115779804,Genotype,0.2509271502494812
https://openalex.org/W2115779804,Medicine,0.17154410481452942
https://openalex.org/W2115779804,Gene,0.16717469692230225
https://openalex.org/W2115779804,Internal medicine,0.1625942885875702
https://openalex.org/W2761275051,Gene expression,0.5758551955223083
https://openalex.org/W2761275051,Gene,0.5750411152839661
https://openalex.org/W2761275051,Biology,0.5529883503913879
https://openalex.org/W2761275051,Genetics,0.49813032150268555
https://openalex.org/W2761275051,Expression (computer science),0.4365035891532898
https://openalex.org/W2761275051,Computational biology,0.4017937183380127
https://openalex.org/W2761275051,Evolutionary biology,0.3929517865180969
https://openalex.org/W2761275051,Computer science,0.17131474614143372
https://openalex.org/W2761275051,Programming language,0.0
https://openalex.org/W2952001873,Biology,0.8325201272964478
https://openalex.org/W2952001873,In silico,0.6497961282730103
https://openalex.org/W2952001873,Computational biology,0.6481531858444214
https://openalex.org/W2952001873,Transcriptome,0.5277707576751709
https://openalex.org/W2952001873,Cell type,0.4622238874435425
https://openalex.org/W2952001873,Evolutionary biology,0.32774919271469116
https://openalex.org/W2952001873,Gene,0.32318150997161865
https://openalex.org/W2952001873,Cell,0.3041625916957855
https://openalex.org/W2952001873,Genetics,0.30199772119522095
https://openalex.org/W2952001873,Gene expression,0.14720368385314941
https://openalex.org/W2901954177,Computer science,0.6489442586898804
https://openalex.org/W2901954177,Software,0.6266711950302124
https://openalex.org/W2901954177,Data science,0.5901833176612854
https://openalex.org/W2901954177,Hierarchy,0.5163037180900574
https://openalex.org/W2901954177,Bayesian probability,0.4909992516040802
https://openalex.org/W2901954177,Inference,0.45092201232910156
https://openalex.org/W2901954177,Software development,0.43283161520957947
https://openalex.org/W2901954177,Pace,0.4106293320655823
https://openalex.org/W2901954177,Data mining,0.3623112440109253
https://openalex.org/W2901954177,Artificial intelligence,0.2990652024745941
https://openalex.org/W2901954177,Geography,0.1138608455657959
https://openalex.org/W2901954177,Market economy,0.0
https://openalex.org/W2901954177,Programming language,0.0
https://openalex.org/W2901954177,Economics,0.0
https://openalex.org/W2901954177,Geodesy,0.0
https://openalex.org/W2119279196,International HapMap Project,0.8309030532836914
https://openalex.org/W2119279196,Linkage disequilibrium,0.8043128848075867
https://openalex.org/W2119279196,Single-nucleotide polymorphism,0.7710405588150024
https://openalex.org/W2119279196,Imputation (statistics),0.7386645078659058
https://openalex.org/W2119279196,Biology,0.6789737343788147
https://openalex.org/W2119279196,Genetics,0.6386149525642395
https://openalex.org/W2119279196,Haplotype,0.5807740092277527
https://openalex.org/W2119279196,Genetic association,0.5103368163108826
https://openalex.org/W2119279196,Genotyping,0.4928562641143799
https://openalex.org/W2119279196,Population,0.4696938991546631
https://openalex.org/W2119279196,Tag SNP,0.4454082250595093
https://openalex.org/W2119279196,Evolutionary biology,0.4355448782444
https://openalex.org/W2119279196,SNP genotyping,0.4331549406051636
https://openalex.org/W2119279196,Allele,0.28274089097976685
https://openalex.org/W2119279196,Gene,0.23789358139038086
https://openalex.org/W2119279196,Genotype,0.1707102656364441
https://openalex.org/W2119279196,Missing data,0.13052093982696533
https://openalex.org/W2119279196,Statistics,0.11003485321998596
https://openalex.org/W2119279196,Mathematics,0.06528967618942261
https://openalex.org/W2119279196,Demography,0.06448188424110413
https://openalex.org/W2119279196,Sociology,0.0
https://openalex.org/W2901303766,Genome-wide association study,0.7585834264755249
https://openalex.org/W2901303766,Summary statistics,0.5753906965255737
https://openalex.org/W2901303766,Biology,0.5082835555076599
https://openalex.org/W2901303766,Interface (matter),0.47849908471107483
https://openalex.org/W2901303766,Exome,0.4304152727127075
https://openalex.org/W2901303766,Computational biology,0.39556005597114563
https://openalex.org/W2901303766,Computer science,0.38722407817840576
https://openalex.org/W2901303766,Data science,0.3791981339454651
https://openalex.org/W2901303766,Information retrieval,0.37188971042633057
https://openalex.org/W2901303766,Statistics,0.2546950578689575
https://openalex.org/W2901303766,Genetics,0.18973270058631897
https://openalex.org/W2901303766,Exome sequencing,0.1529931128025055
https://openalex.org/W2901303766,Single-nucleotide polymorphism,0.10602390766143799
https://openalex.org/W2901303766,Gibbs isotherm,0.0
https://openalex.org/W2901303766,Pulmonary surfactant,0.0
https://openalex.org/W2901303766,Mutation,0.0
https://openalex.org/W2901303766,Biochemistry,0.0
https://openalex.org/W2901303766,Genotype,0.0
https://openalex.org/W2901303766,Mathematics,0.0
https://openalex.org/W2901303766,Gene,0.0
https://openalex.org/W2117834225,Sleep disordered breathing,0.6824151873588562
https://openalex.org/W2117834225,Medicine,0.6524064540863037
https://openalex.org/W2117834225,Sleep (system call),0.5218895077705383
https://openalex.org/W2117834225,Audiology,0.3608255088329315
https://openalex.org/W2117834225,Pediatrics,0.3212634325027466
https://openalex.org/W2117834225,Physical medicine and rehabilitation,0.32015255093574524
https://openalex.org/W2117834225,Cardiology,0.2587120831012726
https://openalex.org/W2117834225,Obstructive sleep apnea,0.13513770699501038
https://openalex.org/W2117834225,Computer science,0.0
https://openalex.org/W2117834225,Operating system,0.0
https://openalex.org/W2145697808,Adipose tissue macrophages,0.866633415222168
https://openalex.org/W2145697808,Adipose tissue,0.8544801473617554
https://openalex.org/W2145697808,Insulin resistance,0.6791658401489258
https://openalex.org/W2145697808,Endocrinology,0.6361880302429199
https://openalex.org/W2145697808,Internal medicine,0.6084061861038208
https://openalex.org/W2145697808,Proinflammatory cytokine,0.5841212868690491
https://openalex.org/W2145697808,Inflammation,0.4962921738624573
https://openalex.org/W2145697808,Macrophage polarization,0.48872876167297363
https://openalex.org/W2145697808,Biology,0.4535069465637207
https://openalex.org/W2145697808,Interleukin 10,0.42757153511047363
https://openalex.org/W2145697808,Chemokine,0.4238639175891876
https://openalex.org/W2145697808,Population,0.41880881786346436
https://openalex.org/W2145697808,White adipose tissue,0.369278222322464
https://openalex.org/W2145697808,Cytokine,0.33290910720825195
https://openalex.org/W2145697808,Phenotype,0.31093135476112366
https://openalex.org/W2145697808,Obesity,0.2950650453567505
https://openalex.org/W2145697808,Medicine,0.27851468324661255
https://openalex.org/W2145697808,Gene,0.11495208740234375
https://openalex.org/W2145697808,Biochemistry,0.059089213609695435
https://openalex.org/W2145697808,Environmental health,0.0
https://openalex.org/W2083927153,Publication,0.6168064475059509
https://openalex.org/W2083927153,Computer science,0.4588296115398407
https://openalex.org/W2083927153,World Wide Web,0.44410914182662964
https://openalex.org/W2083927153,Data science,0.35713082551956177
https://openalex.org/W2083927153,Business,0.29464250802993774
https://openalex.org/W2083927153,Advertising,0.0
https://openalex.org/W2993908729,Etiology,0.7635751962661743
https://openalex.org/W2993908729,Inflammation,0.6809349656105042
https://openalex.org/W2993908729,Life span,0.5941201448440552
https://openalex.org/W2993908729,Disease,0.5909795165061951
https://openalex.org/W2993908729,Medicine,0.522077739238739
https://openalex.org/W2993908729,Chronic disease,0.41377392411231995
https://openalex.org/W2993908729,Immunology,0.3438284993171692
https://openalex.org/W2993908729,Intensive care medicine,0.32874006032943726
https://openalex.org/W2993908729,Gerontology,0.30212199687957764
https://openalex.org/W2993908729,Internal medicine,0.1899101734161377
https://openalex.org/W3039901154,Biology,0.902424693107605
https://openalex.org/W3039901154,Infectivity,0.7726397514343262
https://openalex.org/W3039901154,Spike (software development),0.6949908137321472
https://openalex.org/W3039901154,Virus,0.6249645948410034
https://openalex.org/W3039901154,Virology,0.6059787273406982
https://openalex.org/W3039901154,Titer,0.5744068622589111
https://openalex.org/W3039901154,Coronavirus disease 2019 (COVID-19),0.5664474368095398
https://openalex.org/W3039901154,Pandemic,0.5658608675003052
https://openalex.org/W3039901154,Severe acute respiratory syndrome coronavirus 2 (SARS-CoV-2),0.47365817427635193
https://openalex.org/W3039901154,Viral load,0.44490957260131836
https://openalex.org/W3039901154,Immunology,0.3647923767566681
https://openalex.org/W3039901154,Disease,0.25346726179122925
https://openalex.org/W3039901154,Internal medicine,0.19016161561012268
https://openalex.org/W3039901154,Management,0.0
https://openalex.org/W3039901154,Medicine,0.0
https://openalex.org/W3039901154,Infectious disease (medical specialty),0.0
https://openalex.org/W3039901154,Economics,0.0
https://openalex.org/W2048030072,Autophagy,0.9233758449554443
https://openalex.org/W2048030072,Biology,0.7297334671020508
https://openalex.org/W2048030072,Hepatitis C virus,0.7244000434875488
https://openalex.org/W2048030072,Hepatocellular carcinoma,0.49895811080932617
https://openalex.org/W2048030072,Virology,0.4791618883609772
https://openalex.org/W2048030072,Programmed cell death,0.47180119156837463
https://openalex.org/W2048030072,Virus,0.43730857968330383
https://openalex.org/W2048030072,Replicon,0.4372097849845886
https://openalex.org/W2048030072,Cirrhosis,0.4190911054611206
https://openalex.org/W2048030072,Immunology,0.372846782207489
https://openalex.org/W2048030072,Cancer research,0.31526660919189453
https://openalex.org/W2048030072,Genetics,0.19683417677879333
https://openalex.org/W2048030072,Gene,0.1920977532863617
https://openalex.org/W2048030072,Genome,0.1546507179737091
https://openalex.org/W2048030072,Medicine,0.13218161463737488
https://openalex.org/W2048030072,Internal medicine,0.06808215379714966
https://openalex.org/W2048030072,Apoptosis,0.0
https://openalex.org/W2504691963,Data curation,0.6775604486465454
https://openalex.org/W2504691963,Natural (archaeology),0.5419458150863647
https://openalex.org/W2504691963,Mass spectrometry,0.4895699918270111
https://openalex.org/W2504691963,Business,0.478975772857666
https://openalex.org/W2504691963,Data sharing,0.4613611102104187
https://openalex.org/W2504691963,Computational biology,0.41906023025512695
https://openalex.org/W2504691963,Chemistry,0.41590768098831177
https://openalex.org/W2504691963,Data science,0.4047073423862457
https://openalex.org/W2504691963,World Wide Web,0.3699272871017456
https://openalex.org/W2504691963,Computer science,0.28377848863601685
https://openalex.org/W2504691963,Biology,0.22491663694381714
https://openalex.org/W2504691963,Chromatography,0.1269339621067047
https://openalex.org/W2504691963,Medicine,0.09025657176971436
https://openalex.org/W2504691963,Alternative medicine,0.0
https://openalex.org/W2504691963,Pathology,0.0
https://openalex.org/W2504691963,Paleontology,0.0
https://openalex.org/W2165700542,Endocrine system,0.585468053817749
https://openalex.org/W2165700542,Thyroid hormone receptor,0.5517989993095398
https://openalex.org/W2165700542,Nuclear receptor,0.5393528938293457
https://openalex.org/W2165700542,Biology,0.4530860185623169
https://openalex.org/W2165700542,Retinoid X receptor,0.4230192303657532
https://openalex.org/W2165700542,Thyroid,0.4180288016796112
https://openalex.org/W2165700542,Hormone,0.39519643783569336
https://openalex.org/W2165700542,Endocrinology,0.33931711316108704
https://openalex.org/W2165700542,Transcription factor,0.1308211386203766
https://openalex.org/W2165700542,Biochemistry,0.11169207096099854
https://openalex.org/W2165700542,Gene,0.0
https://openalex.org/W4211196614,MODELLER,0.9943511486053467
https://openalex.org/W4211196614,Computer science,0.6660614013671875
https://openalex.org/W4211196614,CASP,0.6037709712982178
https://openalex.org/W4211196614,Protein structure prediction,0.5745446681976318
https://openalex.org/W4211196614,Template,0.4680483043193817
https://openalex.org/W4211196614,Software,0.4219004511833191
https://openalex.org/W4211196614,Model building,0.4106646478176117
https://openalex.org/W4211196614,Protein structure,0.40109822154045105
https://openalex.org/W4211196614,Data mining,0.3476541042327881
https://openalex.org/W4211196614,Computational biology,0.34187597036361694
https://openalex.org/W4211196614,Homology modeling,0.3031119704246521
https://openalex.org/W4211196614,Programming language,0.2617623209953308
https://openalex.org/W4211196614,Chemistry,0.2002880871295929
https://openalex.org/W4211196614,Biology,0.14299792051315308
https://openalex.org/W4211196614,Biochemistry,0.07600784301757812
https://openalex.org/W4211196614,Enzyme,0.0
https://openalex.org/W4211196614,Quantum mechanics,0.0
https://openalex.org/W4211196614,Physics,0.0
