source_org_id,concept_label,weight
AR_UNIVERSIDAD_DE_BUENOS_AIRES_a3bfcbe54c,ATG8,0.5880008339881897
AR_UNIVERSIDAD_DE_BUENOS_AIRES_a3bfcbe54c,Apoptosis,0.0
AR_UNIVERSIDAD_DE_BUENOS_AIRES_a3bfcbe54c,Autophagosome,0.7631988525390625
AR_UNIVERSIDAD_DE_BUENOS_AIRES_a3bfcbe54c,Autophagy,0.9595129489898682
AR_UNIVERSIDAD_DE_BUENOS_AIRES_a3bfcbe54c,Biochemistry,0.2146838903427124
AR_UNIVERSIDAD_DE_BUENOS_AIRES_a3bfcbe54c,Biogenesis,0.5590387582778931
AR_UNIVERSIDAD_DE_BUENOS_AIRES_a3bfcbe54c,Biology,0.7072432041168213
AR_UNIVERSIDAD_DE_BUENOS_AIRES_a3bfcbe54c,Cell,0.2458903193473816
AR_UNIVERSIDAD_DE_BUENOS_AIRES_a3bfcbe54c,Cell biology,0.6620039939880371
AR_UNIVERSIDAD_DE_BUENOS_AIRES_a3bfcbe54c,Cytoplasm,0.1116902232170105
AR_UNIVERSIDAD_DE_BUENOS_AIRES_a3bfcbe54c,Gene,0.0
AR_UNIVERSIDAD_DE_BUENOS_AIRES_a3bfcbe54c,Intracellular,0.257116436958313
AR_UNIVERSIDAD_DE_BUENOS_AIRES_a3bfcbe54c,Multicellular organism,0.5740522146224976
AR_UNIVERSIDAD_DE_BUENOS_AIRES_a3bfcbe54c,Phagosome,0.5928187370300293
AR_UNIVERSIDAD_DE_BUENOS_AIRES_a3bfcbe54c,Vacuole,0.6125640869140625
AU_AU15211513464_079b054633,Attributable risk,0.6161518692970276
AU_AU15211513464_079b054633,Burden of disease,1.3273711800575256
AU_AU15211513464_079b054633,Case fatality rate,0.4428708553314209
AU_AU15211513464_079b054633,Cause of death,1.0009252727031708
AU_AU15211513464_079b054633,Computer science,0.0
AU_AU15211513464_079b054633,Computer security,0.0
AU_AU15211513464_079b054633,Confidence interval,0.2946649193763733
AU_AU15211513464_079b054633,Covariate,0.6156277656555176
AU_AU15211513464_079b054633,Demography,1.3974046111106873
AU_AU15211513464_079b054633,Disability-adjusted life year,1.038356751203537
AU_AU15211513464_079b054633,Disease,1.272971361875534
AU_AU15211513464_079b054633,Disease burden,1.143014132976532
AU_AU15211513464_079b054633,Environmental health,1.2088627517223358
AU_AU15211513464_079b054633,Global health,0.4490731358528137
AU_AU15211513464_079b054633,Incidence (geometry),0.46606212854385376
AU_AU15211513464_079b054633,Internal medicine,0.0
AU_AU15211513464_079b054633,Life expectancy,0.6596441268920898
AU_AU15211513464_079b054633,Mathematics,0.15310701727867126
AU_AU15211513464_079b054633,Medicine,2.1528477668762207
AU_AU15211513464_079b054633,Missing data,0.43697911500930786
AU_AU15211513464_079b054633,Nursing,0.0
AU_AU15211513464_079b054633,Optics,0.0
AU_AU15211513464_079b054633,Pathology,0.0
AU_AU15211513464_079b054633,Physics,0.0
AU_AU15211513464_079b054633,Population,0.7354327440261841
AU_AU15211513464_079b054633,Public health,0.38423794507980347
AU_AU15211513464_079b054633,Relative risk,0.5610102415084839
AU_AU15211513464_079b054633,Risk assessment,0.5756056904792786
AU_AU15211513464_079b054633,Risk factor,0.5091940760612488
AU_AU15211513464_079b054633,Sociology,0.0
AU_AU15211513464_079b054633,Statistics,0.4522966146469116
AU_AU15211513464_079b054633,Years of potential life lost,1.0970361828804016
AU_AU61249878937_51864cb3ee,Biology,0.3964592218399048
AU_AU61249878937_51864cb3ee,Disease,0.5181140303611755
AU_AU61249878937_51864cb3ee,Gene,0.10809144377708435
AU_AU61249878937_51864cb3ee,Genetic architecture,0.43001317977905273
AU_AU61249878937_51864cb3ee,Genetics,0.22789227962493896
AU_AU61249878937_51864cb3ee,Host (biology),0.7231769561767578
AU_AU61249878937_51864cb3ee,Inflammatory Bowel Diseases,0.5069501399993896
AU_AU61249878937_51864cb3ee,Inflammatory bowel disease,0.8482241630554199
AU_AU61249878937_51864cb3ee,Medicine,0.33274856209754944
AU_AU61249878937_51864cb3ee,Pathology,0.15053018927574158
AU_AU61249878937_51864cb3ee,Phenotype,0.08114805817604065
AU_AU63942912684_3863ba3116,Attributable risk,0.6161518692970276
AU_AU63942912684_3863ba3116,Biology,1.4042157530784607
AU_AU63942912684_3863ba3116,Burden of disease,0.7023000121116638
AU_AU63942912684_3863ba3116,Chromatin,0.4478265047073364
AU_AU63942912684_3863ba3116,Computational biology,1.0006828308105469
AU_AU63942912684_3863ba3116,Computer science,0.0
AU_AU63942912684_3863ba3116,Computer security,0.0
AU_AU63942912684_3863ba3116,Confidence interval,0.2946649193763733
AU_AU63942912684_3863ba3116,Confounding,0.8269646763801575
AU_AU63942912684_3863ba3116,DNA methylation,0.6325619220733643
AU_AU63942912684_3863ba3116,Demography,0.3464873433113098
AU_AU63942912684_3863ba3116,Disability-adjusted life year,0.5846619009971619
AU_AU63942912684_3863ba3116,Disease,0.49889111518859863
AU_AU63942912684_3863ba3116,Disease burden,0.6051012277603149
AU_AU63942912684_3863ba3116,Environmental health,1.1171172261238098
AU_AU63942912684_3863ba3116,Epigenome,0.4755149483680725
AU_AU63942912684_3863ba3116,Epigenomics,0.955129861831665
AU_AU63942912684_3863ba3116,Gene,0.501733809709549
AU_AU63942912684_3863ba3116,Gene expression,0.1975480020046234
AU_AU63942912684_3863ba3116,Genetic association,0.4868728220462799
AU_AU63942912684_3863ba3116,Genetics,0.9503268003463745
AU_AU63942912684_3863ba3116,Genome,0.3564508259296417
AU_AU63942912684_3863ba3116,Genome-wide association study,0.6568895578384399
AU_AU63942912684_3863ba3116,Genotype,0.1376085877418518
AU_AU63942912684_3863ba3116,Human genome,0.531373918056488
AU_AU63942912684_3863ba3116,Incidence (geometry),0.6343108415603638
AU_AU63942912684_3863ba3116,Internal medicine,0.23355814814567566
AU_AU63942912684_3863ba3116,Life expectancy,0.27504870295524597
AU_AU63942912684_3863ba3116,Mathematics,0.0
AU_AU63942912684_3863ba3116,Medicine,1.548352837562561
AU_AU63942912684_3863ba3116,Optics,0.0
AU_AU63942912684_3863ba3116,Pathology,0.0
AU_AU63942912684_3863ba3116,Pediatrics,0.3614473044872284
AU_AU63942912684_3863ba3116,Physics,0.0
AU_AU63942912684_3863ba3116,Population,0.16413837671279907
AU_AU63942912684_3863ba3116,Regression,0.5772796273231506
AU_AU63942912684_3863ba3116,Relative risk,0.5610102415084839
AU_AU63942912684_3863ba3116,Risk assessment,0.5756056904792786
AU_AU63942912684_3863ba3116,Risk factor,0.5091940760612488
AU_AU63942912684_3863ba3116,Single-nucleotide polymorphism,0.3107938766479492
AU_AU63942912684_3863ba3116,Sociology,0.0
AU_AU63942912684_3863ba3116,Statistics,0.16823989152908325
AU_AU63942912684_3863ba3116,Years of potential life lost,0.5815194249153137
AU_AU77257686961_efeacf55b3,Artificial intelligence,0.2990652024745941
AU_AU77257686961_efeacf55b3,Bayesian probability,0.4909992516040802
AU_AU77257686961_efeacf55b3,Computer science,0.6489442586898804
AU_AU77257686961_efeacf55b3,Data mining,0.3623112440109253
AU_AU77257686961_efeacf55b3,Data science,0.5901833176612854
AU_AU77257686961_efeacf55b3,Economics,0.0
AU_AU77257686961_efeacf55b3,Geodesy,0.0
AU_AU77257686961_efeacf55b3,Geography,0.1138608455657959
AU_AU77257686961_efeacf55b3,Hierarchy,0.5163037180900574
AU_AU77257686961_efeacf55b3,Inference,0.45092201232910156
AU_AU77257686961_efeacf55b3,Market economy,0.0
AU_AU77257686961_efeacf55b3,Pace,0.4106293320655823
AU_AU77257686961_efeacf55b3,Programming language,0.0
AU_AU77257686961_efeacf55b3,Software,0.6266711950302124
AU_AU77257686961_efeacf55b3,Software development,0.43283161520957947
AU_AU81633873422_a3f63ed85e,Bioinformatics,0.2061787247657776
AU_AU81633873422_a3f63ed85e,Biology,0.3179319202899933
AU_AU81633873422_a3f63ed85e,Computational biology,0.5356760621070862
AU_AU81633873422_a3f63ed85e,Computer science,0.581027090549469
AU_AU81633873422_a3f63ed85e,Data science,0.3914947807788849
AU_AU81633873422_a3f63ed85e,Database,0.15453827381134033
AU_AU81633873422_a3f63ed85e,Extensibility,0.6170313954353333
AU_AU81633873422_a3f63ed85e,Microbiome,0.7692012786865234
AU_AU81633873422_a3f63ed85e,Programming language,0.11720123887062073
AU_AU81633873422_a3f63ed85e,Scalability,0.6612159013748169
AU_GRIFFITH_UNIVERSITY_948f51e241,ATG8,0.5880008339881897
AU_GRIFFITH_UNIVERSITY_948f51e241,Apoptosis,0.0
AU_GRIFFITH_UNIVERSITY_948f51e241,Autophagosome,0.7631988525390625
AU_GRIFFITH_UNIVERSITY_948f51e241,Autophagy,0.9595129489898682
AU_GRIFFITH_UNIVERSITY_948f51e241,Biochemistry,0.2146838903427124
AU_GRIFFITH_UNIVERSITY_948f51e241,Biogenesis,0.5590387582778931
AU_GRIFFITH_UNIVERSITY_948f51e241,Biology,0.7072432041168213
AU_GRIFFITH_UNIVERSITY_948f51e241,Cause of death,0.5558197498321533
AU_GRIFFITH_UNIVERSITY_948f51e241,Cell,0.2458903193473816
AU_GRIFFITH_UNIVERSITY_948f51e241,Cell biology,0.6620039939880371
AU_GRIFFITH_UNIVERSITY_948f51e241,Covariate,0.6156277656555176
AU_GRIFFITH_UNIVERSITY_948f51e241,Cytoplasm,0.1116902232170105
AU_GRIFFITH_UNIVERSITY_948f51e241,Demography,0.543491542339325
AU_GRIFFITH_UNIVERSITY_948f51e241,Disease,0.39989426732063293
AU_GRIFFITH_UNIVERSITY_948f51e241,Gene,0.0
AU_GRIFFITH_UNIVERSITY_948f51e241,Intracellular,0.257116436958313
AU_GRIFFITH_UNIVERSITY_948f51e241,Mathematics,0.15310701727867126
AU_GRIFFITH_UNIVERSITY_948f51e241,Medicine,0.5180118680000305
AU_GRIFFITH_UNIVERSITY_948f51e241,Missing data,0.43697911500930786
AU_GRIFFITH_UNIVERSITY_948f51e241,Multicellular organism,0.5740522146224976
AU_GRIFFITH_UNIVERSITY_948f51e241,Pathology,0.0
AU_GRIFFITH_UNIVERSITY_948f51e241,Phagosome,0.5928187370300293
AU_GRIFFITH_UNIVERSITY_948f51e241,Sociology,0.0
AU_GRIFFITH_UNIVERSITY_948f51e241,Statistics,0.4522966146469116
AU_GRIFFITH_UNIVERSITY_948f51e241,Vacuole,0.6125640869140625
AU_JAMES_COOK_UNIVERSITY_3901d4504a,Cause of death,0.5558197498321533
AU_JAMES_COOK_UNIVERSITY_3901d4504a,Covariate,0.6156277656555176
AU_JAMES_COOK_UNIVERSITY_3901d4504a,Demography,0.543491542339325
AU_JAMES_COOK_UNIVERSITY_3901d4504a,Disease,0.39989426732063293
AU_JAMES_COOK_UNIVERSITY_3901d4504a,Mathematics,0.15310701727867126
AU_JAMES_COOK_UNIVERSITY_3901d4504a,Medicine,0.5180118680000305
AU_JAMES_COOK_UNIVERSITY_3901d4504a,Missing data,0.43697911500930786
AU_JAMES_COOK_UNIVERSITY_3901d4504a,Pathology,0.0
AU_JAMES_COOK_UNIVERSITY_3901d4504a,Sociology,0.0
AU_JAMES_COOK_UNIVERSITY_3901d4504a,Statistics,0.4522966146469116
AU_MACQUARIE_UNIVERSITY_1128ded12a,ATG8,0.5880008339881897
AU_MACQUARIE_UNIVERSITY_1128ded12a,Apoptosis,0.0
AU_MACQUARIE_UNIVERSITY_1128ded12a,Autophagosome,0.7631988525390625
AU_MACQUARIE_UNIVERSITY_1128ded12a,Autophagy,0.9595129489898682
AU_MACQUARIE_UNIVERSITY_1128ded12a,Biochemistry,0.2146838903427124
AU_MACQUARIE_UNIVERSITY_1128ded12a,Biogenesis,0.5590387582778931
AU_MACQUARIE_UNIVERSITY_1128ded12a,Biology,0.7072432041168213
AU_MACQUARIE_UNIVERSITY_1128ded12a,Cell,0.2458903193473816
AU_MACQUARIE_UNIVERSITY_1128ded12a,Cell biology,0.6620039939880371
AU_MACQUARIE_UNIVERSITY_1128ded12a,Cytoplasm,0.1116902232170105
AU_MACQUARIE_UNIVERSITY_1128ded12a,Gene,0.0
AU_MACQUARIE_UNIVERSITY_1128ded12a,Intracellular,0.257116436958313
AU_MACQUARIE_UNIVERSITY_1128ded12a,Multicellular organism,0.5740522146224976
AU_MACQUARIE_UNIVERSITY_1128ded12a,Phagosome,0.5928187370300293
AU_MACQUARIE_UNIVERSITY_1128ded12a,Vacuole,0.6125640869140625
AU_MONASH_UNIVERSITY_5adf1e4746,Attributable risk,0.6161518692970276
AU_MONASH_UNIVERSITY_5adf1e4746,Burden of disease,0.7023000121116638
AU_MONASH_UNIVERSITY_5adf1e4746,Cause of death,0.5558197498321533
AU_MONASH_UNIVERSITY_5adf1e4746,Checklist,2.691228985786438
AU_MONASH_UNIVERSITY_5adf1e4746,Clinical trial,0.42311277985572815
AU_MONASH_UNIVERSITY_5adf1e4746,Cognitive psychology,0.0
AU_MONASH_UNIVERSITY_5adf1e4746,Computer science,0.7714694738388062
AU_MONASH_UNIVERSITY_5adf1e4746,Computer security,0.0
AU_MONASH_UNIVERSITY_5adf1e4746,Confidence interval,0.2946649193763733
AU_MONASH_UNIVERSITY_5adf1e4746,Covariate,0.6156277656555176
AU_MONASH_UNIVERSITY_5adf1e4746,Demography,0.8899788856506348
AU_MONASH_UNIVERSITY_5adf1e4746,Disability-adjusted life year,0.5846619009971619
AU_MONASH_UNIVERSITY_5adf1e4746,Disease,1.4153070151805878
AU_MONASH_UNIVERSITY_5adf1e4746,Disease burden,0.6051012277603149
AU_MONASH_UNIVERSITY_5adf1e4746,Engineering,0.24265170097351074
AU_MONASH_UNIVERSITY_5adf1e4746,Environmental health,0.7141213417053223
AU_MONASH_UNIVERSITY_5adf1e4746,Epidemiology,0.4713418185710907
AU_MONASH_UNIVERSITY_5adf1e4746,Expert opinion,0.6715271472930908
AU_MONASH_UNIVERSITY_5adf1e4746,Family medicine,0.3640426993370056
AU_MONASH_UNIVERSITY_5adf1e4746,Genetic testing,0.5166433453559875
AU_MONASH_UNIVERSITY_5adf1e4746,Guideline,2.0692089796066284
AU_MONASH_UNIVERSITY_5adf1e4746,Immunology,0.31963467597961426
AU_MONASH_UNIVERSITY_5adf1e4746,Intensive care medicine,1.1516281366348267
AU_MONASH_UNIVERSITY_5adf1e4746,Internal medicine,0.6102143824100494
AU_MONASH_UNIVERSITY_5adf1e4746,Law,0.0
AU_MONASH_UNIVERSITY_5adf1e4746,Leukemia,0.2953142523765564
AU_MONASH_UNIVERSITY_5adf1e4746,Life expectancy,0.27504870295524597
AU_MONASH_UNIVERSITY_5adf1e4746,Linguistics,0.0
AU_MONASH_UNIVERSITY_5adf1e4746,MEDLINE,1.7640868723392487
AU_MONASH_UNIVERSITY_5adf1e4746,Management science,1.0363386869430542
AU_MONASH_UNIVERSITY_5adf1e4746,Mathematics,0.15310701727867126
AU_MONASH_UNIVERSITY_5adf1e4746,Medical education,0.34172967076301575
AU_MONASH_UNIVERSITY_5adf1e4746,Medical physics,0.6983343362808228
AU_MONASH_UNIVERSITY_5adf1e4746,Medicine,5.138530999422073
AU_MONASH_UNIVERSITY_5adf1e4746,Meta-analysis,0.3769868016242981
AU_MONASH_UNIVERSITY_5adf1e4746,Minimal residual disease,0.562143862247467
AU_MONASH_UNIVERSITY_5adf1e4746,Missing data,0.43697911500930786
AU_MONASH_UNIVERSITY_5adf1e4746,Myeloid leukemia,0.4520180821418762
AU_MONASH_UNIVERSITY_5adf1e4746,Oncology,0.4002456068992615
AU_MONASH_UNIVERSITY_5adf1e4746,Organ dysfunction,0.665127694606781
AU_MONASH_UNIVERSITY_5adf1e4746,Pathology,0.33951711654663086
AU_MONASH_UNIVERSITY_5adf1e4746,Philosophy,0.0
AU_MONASH_UNIVERSITY_5adf1e4746,Political science,0.11159858107566833
AU_MONASH_UNIVERSITY_5adf1e4746,Population,0.16413837671279907
AU_MONASH_UNIVERSITY_5adf1e4746,Presentation (obstetrics),1.5154308378696442
AU_MONASH_UNIVERSITY_5adf1e4746,Psychology,0.602461963891983
AU_MONASH_UNIVERSITY_5adf1e4746,Publication bias,0.4742540419101715
AU_MONASH_UNIVERSITY_5adf1e4746,Radiology,0.0
AU_MONASH_UNIVERSITY_5adf1e4746,Randomized controlled trial,0.5045734643936157
AU_MONASH_UNIVERSITY_5adf1e4746,Relative risk,0.5610102415084839
AU_MONASH_UNIVERSITY_5adf1e4746,Risk assessment,0.5756056904792786
AU_MONASH_UNIVERSITY_5adf1e4746,Risk factor,0.5091940760612488
AU_MONASH_UNIVERSITY_5adf1e4746,SOFA score,0.5207162499427795
AU_MONASH_UNIVERSITY_5adf1e4746,Sepsis,0.8699451088905334
AU_MONASH_UNIVERSITY_5adf1e4746,Septic shock,0.8011101484298706
AU_MONASH_UNIVERSITY_5adf1e4746,Shock (circulatory),0.44265931844711304
AU_MONASH_UNIVERSITY_5adf1e4746,Sociology,0.0
AU_MONASH_UNIVERSITY_5adf1e4746,Statement (logic),1.819906771183014
AU_MONASH_UNIVERSITY_5adf1e4746,Statistics,0.4522966146469116
AU_MONASH_UNIVERSITY_5adf1e4746,Surgery,0.0615411102771759
AU_MONASH_UNIVERSITY_5adf1e4746,Systematic review,3.0787189602851868
AU_MONASH_UNIVERSITY_5adf1e4746,Systemic inflammatory response syndrome,0.5821648836135864
AU_MONASH_UNIVERSITY_5adf1e4746,Terminology,1.7844640612602234
AU_MONASH_UNIVERSITY_5adf1e4746,Years of potential life lost,0.5815194249153137
AU_THE_UNIVERSITY_OF_WESTERN_AUSTRALIA_f7d6b2c258,Attributable risk,0.6161518692970276
AU_THE_UNIVERSITY_OF_WESTERN_AUSTRALIA_f7d6b2c258,Biology,0.3964592218399048
AU_THE_UNIVERSITY_OF_WESTERN_AUSTRALIA_f7d6b2c258,Burden of disease,0.7023000121116638
AU_THE_UNIVERSITY_OF_WESTERN_AUSTRALIA_f7d6b2c258,Computer science,0.0
AU_THE_UNIVERSITY_OF_WESTERN_AUSTRALIA_f7d6b2c258,Computer security,0.0
AU_THE_UNIVERSITY_OF_WESTERN_AUSTRALIA_f7d6b2c258,Confidence interval,0.2946649193763733
AU_THE_UNIVERSITY_OF_WESTERN_AUSTRALIA_f7d6b2c258,Demography,0.3464873433113098
AU_THE_UNIVERSITY_OF_WESTERN_AUSTRALIA_f7d6b2c258,Disability-adjusted life year,0.5846619009971619
AU_THE_UNIVERSITY_OF_WESTERN_AUSTRALIA_f7d6b2c258,Disease,1.0170051455497742
AU_THE_UNIVERSITY_OF_WESTERN_AUSTRALIA_f7d6b2c258,Disease burden,0.6051012277603149
AU_THE_UNIVERSITY_OF_WESTERN_AUSTRALIA_f7d6b2c258,Environmental health,0.7141213417053223
AU_THE_UNIVERSITY_OF_WESTERN_AUSTRALIA_f7d6b2c258,Gene,0.10809144377708435
AU_THE_UNIVERSITY_OF_WESTERN_AUSTRALIA_f7d6b2c258,Genetic architecture,0.43001317977905273
AU_THE_UNIVERSITY_OF_WESTERN_AUSTRALIA_f7d6b2c258,Genetics,0.22789227962493896
AU_THE_UNIVERSITY_OF_WESTERN_AUSTRALIA_f7d6b2c258,Host (biology),0.7231769561767578
AU_THE_UNIVERSITY_OF_WESTERN_AUSTRALIA_f7d6b2c258,Inflammatory Bowel Diseases,0.5069501399993896
AU_THE_UNIVERSITY_OF_WESTERN_AUSTRALIA_f7d6b2c258,Inflammatory bowel disease,0.8482241630554199
AU_THE_UNIVERSITY_OF_WESTERN_AUSTRALIA_f7d6b2c258,Internal medicine,0.0
AU_THE_UNIVERSITY_OF_WESTERN_AUSTRALIA_f7d6b2c258,Life expectancy,0.27504870295524597
AU_THE_UNIVERSITY_OF_WESTERN_AUSTRALIA_f7d6b2c258,Medicine,1.0718185603618622
AU_THE_UNIVERSITY_OF_WESTERN_AUSTRALIA_f7d6b2c258,Pathology,0.15053018927574158
AU_THE_UNIVERSITY_OF_WESTERN_AUSTRALIA_f7d6b2c258,Phenotype,0.08114805817604065
AU_THE_UNIVERSITY_OF_WESTERN_AUSTRALIA_f7d6b2c258,Population,0.16413837671279907
AU_THE_UNIVERSITY_OF_WESTERN_AUSTRALIA_f7d6b2c258,Relative risk,0.5610102415084839
AU_THE_UNIVERSITY_OF_WESTERN_AUSTRALIA_f7d6b2c258,Risk assessment,0.5756056904792786
AU_THE_UNIVERSITY_OF_WESTERN_AUSTRALIA_f7d6b2c258,Risk factor,0.5091940760612488
AU_THE_UNIVERSITY_OF_WESTERN_AUSTRALIA_f7d6b2c258,Sociology,0.0
AU_THE_UNIVERSITY_OF_WESTERN_AUSTRALIA_f7d6b2c258,Years of potential life lost,0.5815194249153137
AU_UNIVERSITY_OF_MELBOURNE_1c75671e3b,Apoptosis,0.24727565050125122
AU_UNIVERSITY_OF_MELBOURNE_1c75671e3b,Biochemistry,0.28882288932800293
AU_UNIVERSITY_OF_MELBOURNE_1c75671e3b,Biology,0.9371689558029175
AU_UNIVERSITY_OF_MELBOURNE_1c75671e3b,Cell,0.42914384603500366
AU_UNIVERSITY_OF_MELBOURNE_1c75671e3b,Cell biology,0.5350912809371948
AU_UNIVERSITY_OF_MELBOURNE_1c75671e3b,Cell metabolism,0.5109428763389587
AU_UNIVERSITY_OF_MELBOURNE_1c75671e3b,Computer science,0.0
AU_UNIVERSITY_OF_MELBOURNE_1c75671e3b,Disease,0.5638327598571777
AU_UNIVERSITY_OF_MELBOURNE_1c75671e3b,Embedded system,0.0
AU_UNIVERSITY_OF_MELBOURNE_1c75671e3b,Harm,0.5276176929473877
AU_UNIVERSITY_OF_MELBOURNE_1c75671e3b,Law,0.0
AU_UNIVERSITY_OF_MELBOURNE_1c75671e3b,MEDLINE,0.4540763795375824
AU_UNIVERSITY_OF_MELBOURNE_1c75671e3b,Materials science,0.0
AU_UNIVERSITY_OF_MELBOURNE_1c75671e3b,Medicine,0.5872930288314819
AU_UNIVERSITY_OF_MELBOURNE_1c75671e3b,Meta-analysis,0.4871029853820801
AU_UNIVERSITY_OF_MELBOURNE_1c75671e3b,Metabolism,0.5232669115066528
AU_UNIVERSITY_OF_MELBOURNE_1c75671e3b,Metallurgy,0.0
AU_UNIVERSITY_OF_MELBOURNE_1c75671e3b,Nexus (standard),0.6405488848686218
AU_UNIVERSITY_OF_MELBOURNE_1c75671e3b,Nursing,0.12202504277229309
AU_UNIVERSITY_OF_MELBOURNE_1c75671e3b,Pathology,0.0836808979511261
AU_UNIVERSITY_OF_MELBOURNE_1c75671e3b,Political science,0.0
AU_UNIVERSITY_OF_MELBOURNE_1c75671e3b,Programmed cell death,0.6293809413909912
AU_UNIVERSITY_OF_MELBOURNE_1c75671e3b,Psychological intervention,0.8379109501838684
AU_UNIVERSITY_OF_MELBOURNE_1c75671e3b,Psychology,0.2573462128639221
AU_UNIVERSITY_OF_MELBOURNE_1c75671e3b,Redox,0.4691561460494995
AU_UNIVERSITY_OF_MELBOURNE_1c75671e3b,Social psychology,0.07648447155952454
AU_UNIVERSITY_OF_MELBOURNE_1c75671e3b,Strengths and weaknesses,0.5695809721946716
AU_UNIVERSITY_OF_MELBOURNE_1c75671e3b,Systematic review,0.5523392558097839
BE_BE0449012406_bfa4fc71db,Bacteria,0.09365224838256836
BE_BE0449012406_bfa4fc71db,Biology,0.6747705936431885
BE_BE0449012406_bfa4fc71db,Community,0.5060710310935974
BE_BE0449012406_bfa4fc71db,Ecology,0.6547218561172485
BE_BE0449012406_bfa4fc71db,Environmental health,0.11622247099876404
BE_BE0449012406_bfa4fc71db,Evolutionary biology,0.3474726676940918
BE_BE0449012406_bfa4fc71db,Gene,0.094522625207901
BE_BE0449012406_bfa4fc71db,Genetics,0.15872535109519958
BE_BE0449012406_bfa4fc71db,Habitat,0.4501504898071289
BE_BE0449012406_bfa4fc71db,Human Microbiome Project,0.5840378999710083
BE_BE0449012406_bfa4fc71db,Human microbiome,0.5101380944252014
BE_BE0449012406_bfa4fc71db,Medicine,0.12795865535736084
BE_BE0449012406_bfa4fc71db,Metagenomics,0.7584229111671448
BE_BE0449012406_bfa4fc71db,Microbial ecology,0.4453139901161194
BE_BE0449012406_bfa4fc71db,Microbiome,0.8278478384017944
BE_BE0449012406_bfa4fc71db,Niche,0.5147614479064941
BE_BE0449012406_bfa4fc71db,Population,0.48571544885635376
BG_BULGARIAN_ACADEMY_OF_SCIENCES_e661e35d4e,Biochemical engineering,0.40951111912727356
BG_BULGARIAN_ACADEMY_OF_SCIENCES_e661e35d4e,Biochemistry,0.0
BG_BULGARIAN_ACADEMY_OF_SCIENCES_e661e35d4e,Bioinformatics,0.16434717178344727
BG_BULGARIAN_ACADEMY_OF_SCIENCES_e661e35d4e,Biology,0.22502821683883667
BG_BULGARIAN_ACADEMY_OF_SCIENCES_e661e35d4e,Biotechnology,0.43968719244003296
BG_BULGARIAN_ACADEMY_OF_SCIENCES_e661e35d4e,Business,0.2945111393928528
BG_BULGARIAN_ACADEMY_OF_SCIENCES_e661e35d4e,Computer science,0.3724450469017029
BG_BULGARIAN_ACADEMY_OF_SCIENCES_e661e35d4e,Data science,0.4231951832771301
BG_BULGARIAN_ACADEMY_OF_SCIENCES_e661e35d4e,Drug discovery,0.689194917678833
BG_BULGARIAN_ACADEMY_OF_SCIENCES_e661e35d4e,Engineering,0.273059219121933
BG_BULGARIAN_ACADEMY_OF_SCIENCES_e661e35d4e,Isolation (microbiology),0.510489821434021
BG_BULGARIAN_ACADEMY_OF_SCIENCES_e661e35d4e,Natural (archaeology),0.47912073135375977
BG_BULGARIAN_ACADEMY_OF_SCIENCES_e661e35d4e,Natural product,0.476485937833786
BG_BULGARIAN_ACADEMY_OF_SCIENCES_e661e35d4e,Paleontology,0.0
BG_BULGARIAN_ACADEMY_OF_SCIENCES_e661e35d4e,Pharmaceutical industry,0.4850582182407379
BG_BULGARIAN_ACADEMY_OF_SCIENCES_e661e35d4e,Risk analysis (engineering),0.4975621998310089
BR_UNIVERSIDADE_FEDERAL_DE_MINAS_GERAIS_37fc2d55a4,Burden of disease,0.6250711679458618
BR_UNIVERSIDADE_FEDERAL_DE_MINAS_GERAIS_37fc2d55a4,Case fatality rate,0.4428708553314209
BR_UNIVERSIDADE_FEDERAL_DE_MINAS_GERAIS_37fc2d55a4,Cause of death,0.44510552287101746
BR_UNIVERSIDADE_FEDERAL_DE_MINAS_GERAIS_37fc2d55a4,Demography,0.5074257254600525
BR_UNIVERSIDADE_FEDERAL_DE_MINAS_GERAIS_37fc2d55a4,Disability-adjusted life year,0.4536948502063751
BR_UNIVERSIDADE_FEDERAL_DE_MINAS_GERAIS_37fc2d55a4,Disease,0.3741859793663025
BR_UNIVERSIDADE_FEDERAL_DE_MINAS_GERAIS_37fc2d55a4,Disease burden,0.537912905216217
BR_UNIVERSIDADE_FEDERAL_DE_MINAS_GERAIS_37fc2d55a4,Environmental health,0.49474141001701355
BR_UNIVERSIDADE_FEDERAL_DE_MINAS_GERAIS_37fc2d55a4,Global health,0.4490731358528137
BR_UNIVERSIDADE_FEDERAL_DE_MINAS_GERAIS_37fc2d55a4,Incidence (geometry),0.46606212854385376
BR_UNIVERSIDADE_FEDERAL_DE_MINAS_GERAIS_37fc2d55a4,Life expectancy,0.38459542393684387
BR_UNIVERSIDADE_FEDERAL_DE_MINAS_GERAIS_37fc2d55a4,Medicine,0.8957659006118774
BR_UNIVERSIDADE_FEDERAL_DE_MINAS_GERAIS_37fc2d55a4,Nursing,0.0
BR_UNIVERSIDADE_FEDERAL_DE_MINAS_GERAIS_37fc2d55a4,Optics,0.0
BR_UNIVERSIDADE_FEDERAL_DE_MINAS_GERAIS_37fc2d55a4,Pathology,0.0
BR_UNIVERSIDADE_FEDERAL_DE_MINAS_GERAIS_37fc2d55a4,Physics,0.0
BR_UNIVERSIDADE_FEDERAL_DE_MINAS_GERAIS_37fc2d55a4,Population,0.571294367313385
BR_UNIVERSIDADE_FEDERAL_DE_MINAS_GERAIS_37fc2d55a4,Public health,0.38423794507980347
BR_UNIVERSIDADE_FEDERAL_DE_MINAS_GERAIS_37fc2d55a4,Sociology,0.0
BR_UNIVERSIDADE_FEDERAL_DE_MINAS_GERAIS_37fc2d55a4,Years of potential life lost,0.5155167579650879
BR_UNIVERSIDADE_FEDERAL_DO_RIO_DE_JANEIRO_5bf4af58dd,Burden of disease,0.6250711679458618
BR_UNIVERSIDADE_FEDERAL_DO_RIO_DE_JANEIRO_5bf4af58dd,Case fatality rate,0.4428708553314209
BR_UNIVERSIDADE_FEDERAL_DO_RIO_DE_JANEIRO_5bf4af58dd,Cause of death,0.44510552287101746
BR_UNIVERSIDADE_FEDERAL_DO_RIO_DE_JANEIRO_5bf4af58dd,Demography,0.5074257254600525
BR_UNIVERSIDADE_FEDERAL_DO_RIO_DE_JANEIRO_5bf4af58dd,Disability-adjusted life year,0.4536948502063751
BR_UNIVERSIDADE_FEDERAL_DO_RIO_DE_JANEIRO_5bf4af58dd,Disease,0.3741859793663025
BR_UNIVERSIDADE_FEDERAL_DO_RIO_DE_JANEIRO_5bf4af58dd,Disease burden,0.537912905216217
BR_UNIVERSIDADE_FEDERAL_DO_RIO_DE_JANEIRO_5bf4af58dd,Environmental health,0.49474141001701355
BR_UNIVERSIDADE_FEDERAL_DO_RIO_DE_JANEIRO_5bf4af58dd,Global health,0.4490731358528137
BR_UNIVERSIDADE_FEDERAL_DO_RIO_DE_JANEIRO_5bf4af58dd,Incidence (geometry),0.46606212854385376
BR_UNIVERSIDADE_FEDERAL_DO_RIO_DE_JANEIRO_5bf4af58dd,Life expectancy,0.38459542393684387
BR_UNIVERSIDADE_FEDERAL_DO_RIO_DE_JANEIRO_5bf4af58dd,Medicine,0.8957659006118774
BR_UNIVERSIDADE_FEDERAL_DO_RIO_DE_JANEIRO_5bf4af58dd,Nursing,0.0
BR_UNIVERSIDADE_FEDERAL_DO_RIO_DE_JANEIRO_5bf4af58dd,Optics,0.0
BR_UNIVERSIDADE_FEDERAL_DO_RIO_DE_JANEIRO_5bf4af58dd,Pathology,0.0
BR_UNIVERSIDADE_FEDERAL_DO_RIO_DE_JANEIRO_5bf4af58dd,Physics,0.0
BR_UNIVERSIDADE_FEDERAL_DO_RIO_DE_JANEIRO_5bf4af58dd,Population,0.571294367313385
BR_UNIVERSIDADE_FEDERAL_DO_RIO_DE_JANEIRO_5bf4af58dd,Public health,0.38423794507980347
BR_UNIVERSIDADE_FEDERAL_DO_RIO_DE_JANEIRO_5bf4af58dd,Sociology,0.0
BR_UNIVERSIDADE_FEDERAL_DO_RIO_DE_JANEIRO_5bf4af58dd,Years of potential life lost,0.5155167579650879
CA_CA108102864_570ef6d072,Epilepsy,0.8462277054786682
CA_CA108102864_570ef6d072,Epilepsy syndromes,0.48666006326675415
CA_CA108102864_570ef6d072,Etiology,0.5829571485519409
CA_CA108102864_570ef6d072,Generalized epilepsy,0.4336230754852295
CA_CA108102864_570ef6d072,Intensive care medicine,0.361179918050766
CA_CA108102864_570ef6d072,Linguistics,0.0
CA_CA108102864_570ef6d072,Medicine,0.5225409865379333
CA_CA108102864_570ef6d072,Pediatrics,0.3892921209335327
CA_CA108102864_570ef6d072,Philosophy,0.0
CA_CA108102864_570ef6d072,Psychiatry,0.3205186128616333
CA_CA108102864_570ef6d072,Terminology,0.7138856649398804
CA_CA119048122_ebd09cf212,Biology,0.3964592218399048
CA_CA119048122_ebd09cf212,Disease,0.5181140303611755
CA_CA119048122_ebd09cf212,Gene,0.10809144377708435
CA_CA119048122_ebd09cf212,Genetic architecture,0.43001317977905273
CA_CA119048122_ebd09cf212,Genetics,0.22789227962493896
CA_CA119048122_ebd09cf212,Host (biology),0.7231769561767578
CA_CA119048122_ebd09cf212,Inflammatory Bowel Diseases,0.5069501399993896
CA_CA119048122_ebd09cf212,Inflammatory bowel disease,0.8482241630554199
CA_CA119048122_ebd09cf212,Medicine,0.33274856209754944
CA_CA119048122_ebd09cf212,Pathology,0.15053018927574158
CA_CA119048122_ebd09cf212,Phenotype,0.08114805817604065
CA_CA119259505_b7356b5ca4,Biochemistry,0.0
CA_CA119259505_b7356b5ca4,Bioinformatics,0.32750678062438965
CA_CA119259505_b7356b5ca4,Biology,0.16509497165679932
CA_CA119259505_b7356b5ca4,Cancer,0.41656947135925293
CA_CA119259505_b7356b5ca4,Gene,0.20338362455368042
CA_CA119259505_b7356b5ca4,Head and neck,0.4770464301109314
CA_CA119259505_b7356b5ca4,Head and neck cancer,0.54981929063797
CA_CA119259505_b7356b5ca4,Internal medicine,0.15694987773895264
CA_CA119259505_b7356b5ca4,Lung cancer,0.5651965737342834
CA_CA119259505_b7356b5ca4,Medical imaging,0.44627270102500916
CA_CA119259505_b7356b5ca4,Medicine,0.5587410926818848
CA_CA119259505_b7356b5ca4,Pathology,0.3735894560813904
CA_CA119259505_b7356b5ca4,Phenotype,0.5151204466819763
CA_CA119259505_b7356b5ca4,Radiogenomics,0.9336923360824585
CA_CA119259505_b7356b5ca4,Radiology,0.3421367406845093
CA_CA119259505_b7356b5ca4,Radiomics,0.9380249977111816
CA_CA119259505_b7356b5ca4,Surgery,0.07355082035064697
CA_CA869673095_a720962127,Attributable risk,0.6161518692970276
CA_CA869673095_a720962127,Burden of disease,0.7023000121116638
CA_CA869673095_a720962127,Computer science,0.0
CA_CA869673095_a720962127,Computer security,0.0
CA_CA869673095_a720962127,Confidence interval,0.2946649193763733
CA_CA869673095_a720962127,Demography,0.3464873433113098
CA_CA869673095_a720962127,Disability-adjusted life year,0.5846619009971619
CA_CA869673095_a720962127,Disease,0.49889111518859863
CA_CA869673095_a720962127,Disease burden,0.6051012277603149
CA_CA869673095_a720962127,Environmental health,0.7141213417053223
CA_CA869673095_a720962127,Internal medicine,0.0
CA_CA869673095_a720962127,Life expectancy,0.27504870295524597
CA_CA869673095_a720962127,Medicine,0.7390699982643127
CA_CA869673095_a720962127,Pathology,0.0
CA_CA869673095_a720962127,Population,0.16413837671279907
CA_CA869673095_a720962127,Relative risk,0.5610102415084839
CA_CA869673095_a720962127,Risk assessment,0.5756056904792786
CA_CA869673095_a720962127,Risk factor,0.5091940760612488
CA_CA869673095_a720962127,Sociology,0.0
CA_CA869673095_a720962127,Years of potential life lost,0.5815194249153137
CA_DALHOUSIE_UNIVERSITY_dcbb6c152f,Bioinformatics,0.2061787247657776
CA_DALHOUSIE_UNIVERSITY_dcbb6c152f,Biology,0.3179319202899933
CA_DALHOUSIE_UNIVERSITY_dcbb6c152f,Computational biology,0.5356760621070862
CA_DALHOUSIE_UNIVERSITY_dcbb6c152f,Computer science,0.581027090549469
CA_DALHOUSIE_UNIVERSITY_dcbb6c152f,Data science,0.3914947807788849
CA_DALHOUSIE_UNIVERSITY_dcbb6c152f,Database,0.15453827381134033
CA_DALHOUSIE_UNIVERSITY_dcbb6c152f,Extensibility,0.6170313954353333
CA_DALHOUSIE_UNIVERSITY_dcbb6c152f,Microbiome,0.7692012786865234
CA_DALHOUSIE_UNIVERSITY_dcbb6c152f,Programming language,0.11720123887062073
CA_DALHOUSIE_UNIVERSITY_dcbb6c152f,Scalability,0.6612159013748169
CA_HEALTH_CANADA_842ac62ae0,Attributable risk,0.6161518692970276
CA_HEALTH_CANADA_842ac62ae0,Burden of disease,0.7023000121116638
CA_HEALTH_CANADA_842ac62ae0,Computer science,0.0
CA_HEALTH_CANADA_842ac62ae0,Computer security,0.0
CA_HEALTH_CANADA_842ac62ae0,Confidence interval,0.2946649193763733
CA_HEALTH_CANADA_842ac62ae0,Demography,0.3464873433113098
CA_HEALTH_CANADA_842ac62ae0,Disability-adjusted life year,0.5846619009971619
CA_HEALTH_CANADA_842ac62ae0,Disease,0.49889111518859863
CA_HEALTH_CANADA_842ac62ae0,Disease burden,0.6051012277603149
CA_HEALTH_CANADA_842ac62ae0,Environmental health,0.7141213417053223
CA_HEALTH_CANADA_842ac62ae0,Internal medicine,0.0
CA_HEALTH_CANADA_842ac62ae0,Life expectancy,0.27504870295524597
CA_HEALTH_CANADA_842ac62ae0,Medicine,0.7390699982643127
CA_HEALTH_CANADA_842ac62ae0,Pathology,0.0
CA_HEALTH_CANADA_842ac62ae0,Population,0.16413837671279907
CA_HEALTH_CANADA_842ac62ae0,Relative risk,0.5610102415084839
CA_HEALTH_CANADA_842ac62ae0,Risk assessment,0.5756056904792786
CA_HEALTH_CANADA_842ac62ae0,Risk factor,0.5091940760612488
CA_HEALTH_CANADA_842ac62ae0,Sociology,0.0
CA_HEALTH_CANADA_842ac62ae0,Years of potential life lost,0.5815194249153137
CA_MCMASTER_UNIVERSITY_a41fb79a8c,Anesthesia,0.0
CA_MCMASTER_UNIVERSITY_a41fb79a8c,Anesthesiology,0.5104614496231079
CA_MCMASTER_UNIVERSITY_a41fb79a8c,Checklist,2.691228985786438
CA_MCMASTER_UNIVERSITY_a41fb79a8c,Cognitive psychology,0.0
CA_MCMASTER_UNIVERSITY_a41fb79a8c,Computer science,0.3789686858654022
CA_MCMASTER_UNIVERSITY_a41fb79a8c,Delphi method,0.5102243423461914
CA_MCMASTER_UNIVERSITY_a41fb79a8c,Emergency medicine,0.37342676520347595
CA_MCMASTER_UNIVERSITY_a41fb79a8c,Engineering,0.24265170097351074
CA_MCMASTER_UNIVERSITY_a41fb79a8c,Guideline,2.0692089796066284
CA_MCMASTER_UNIVERSITY_a41fb79a8c,Harm,0.5276176929473877
CA_MCMASTER_UNIVERSITY_a41fb79a8c,Intensive care medicine,0.6963361501693726
CA_MCMASTER_UNIVERSITY_a41fb79a8c,Internal medicine,0.1693149209022522
CA_MCMASTER_UNIVERSITY_a41fb79a8c,Law,0.0
CA_MCMASTER_UNIVERSITY_a41fb79a8c,Linguistics,0.0
CA_MCMASTER_UNIVERSITY_a41fb79a8c,MEDLINE,1.8109028339385986
CA_MCMASTER_UNIVERSITY_a41fb79a8c,Management science,1.0363386869430542
CA_MCMASTER_UNIVERSITY_a41fb79a8c,Mathematics,0.0
CA_MCMASTER_UNIVERSITY_a41fb79a8c,Medical education,0.34172967076301575
CA_MCMASTER_UNIVERSITY_a41fb79a8c,Medical physics,0.32605868577957153
CA_MCMASTER_UNIVERSITY_a41fb79a8c,Medicine,3.153799921274185
CA_MCMASTER_UNIVERSITY_a41fb79a8c,Meta-analysis,0.4871029853820801
CA_MCMASTER_UNIVERSITY_a41fb79a8c,Nursing,0.12202504277229309
CA_MCMASTER_UNIVERSITY_a41fb79a8c,Pathology,0.42319801449775696
CA_MCMASTER_UNIVERSITY_a41fb79a8c,Philosophy,0.0
CA_MCMASTER_UNIVERSITY_a41fb79a8c,Political science,0.11159858107566833
CA_MCMASTER_UNIVERSITY_a41fb79a8c,Presentation (obstetrics),1.5154308378696442
CA_MCMASTER_UNIVERSITY_a41fb79a8c,Psychological intervention,0.8379109501838684
CA_MCMASTER_UNIVERSITY_a41fb79a8c,Psychology,0.8598081767559052
CA_MCMASTER_UNIVERSITY_a41fb79a8c,Radiology,0.0
CA_MCMASTER_UNIVERSITY_a41fb79a8c,Resuscitation,0.47669264674186707
CA_MCMASTER_UNIVERSITY_a41fb79a8c,Sepsis,0.8128300309181213
CA_MCMASTER_UNIVERSITY_a41fb79a8c,Septic shock,0.7903734445571899
CA_MCMASTER_UNIVERSITY_a41fb79a8c,Severe sepsis,0.5248641967773438
CA_MCMASTER_UNIVERSITY_a41fb79a8c,Social psychology,0.07648447155952454
CA_MCMASTER_UNIVERSITY_a41fb79a8c,Statement (logic),1.819906771183014
CA_MCMASTER_UNIVERSITY_a41fb79a8c,Statistics,0.0
CA_MCMASTER_UNIVERSITY_a41fb79a8c,Strengths and weaknesses,0.5695809721946716
CA_MCMASTER_UNIVERSITY_a41fb79a8c,Surgery,0.0615411102771759
CA_MCMASTER_UNIVERSITY_a41fb79a8c,Surviving Sepsis Campaign,0.858866810798645
CA_MCMASTER_UNIVERSITY_a41fb79a8c,Systematic review,3.0977430939674377
CA_MCMASTER_UNIVERSITY_a41fb79a8c,Terminology,1.7844640612602234
CA_ONTARIO_INSTITUTE_FOR_CANCER_RESEARCH_52a2f5c431,Allele,0.28274089097976685
CA_ONTARIO_INSTITUTE_FOR_CANCER_RESEARCH_52a2f5c431,Bioinformatics,0.3315771818161011
CA_ONTARIO_INSTITUTE_FOR_CANCER_RESEARCH_52a2f5c431,Biology,1.2329401969909668
CA_ONTARIO_INSTITUTE_FOR_CANCER_RESEARCH_52a2f5c431,Bubble,0.0
CA_ONTARIO_INSTITUTE_FOR_CANCER_RESEARCH_52a2f5c431,Cancer,0.5809924602508545
CA_ONTARIO_INSTITUTE_FOR_CANCER_RESEARCH_52a2f5c431,Cancer research,0.35742121934890747
CA_ONTARIO_INSTITUTE_FOR_CANCER_RESEARCH_52a2f5c431,Cancer treatment,0.41530129313468933
CA_ONTARIO_INSTITUTE_FOR_CANCER_RESEARCH_52a2f5c431,Chemistry,0.0
CA_ONTARIO_INSTITUTE_FOR_CANCER_RESEARCH_52a2f5c431,Computational biology,0.49384456872940063
CA_ONTARIO_INSTITUTE_FOR_CANCER_RESEARCH_52a2f5c431,Computer science,0.5581905841827393
CA_ONTARIO_INSTITUTE_FOR_CANCER_RESEARCH_52a2f5c431,Data mining,0.3599255084991455
CA_ONTARIO_INSTITUTE_FOR_CANCER_RESEARCH_52a2f5c431,Data visualization,0.5003595352172852
CA_ONTARIO_INSTITUTE_FOR_CANCER_RESEARCH_52a2f5c431,Demography,0.06448188424110413
CA_ONTARIO_INSTITUTE_FOR_CANCER_RESEARCH_52a2f5c431,Evolutionary biology,0.4355448782444
CA_ONTARIO_INSTITUTE_FOR_CANCER_RESEARCH_52a2f5c431,Gene,0.23789358139038086
CA_ONTARIO_INSTITUTE_FOR_CANCER_RESEARCH_52a2f5c431,Genetic association,0.5103368163108826
CA_ONTARIO_INSTITUTE_FOR_CANCER_RESEARCH_52a2f5c431,Genetics,0.6386149525642395
CA_ONTARIO_INSTITUTE_FOR_CANCER_RESEARCH_52a2f5c431,Genotype,0.1707102656364441
CA_ONTARIO_INSTITUTE_FOR_CANCER_RESEARCH_52a2f5c431,Genotyping,0.4928562641143799
CA_ONTARIO_INSTITUTE_FOR_CANCER_RESEARCH_52a2f5c431,Graph drawing,0.47189176082611084
CA_ONTARIO_INSTITUTE_FOR_CANCER_RESEARCH_52a2f5c431,Haplotype,0.5807740092277527
CA_ONTARIO_INSTITUTE_FOR_CANCER_RESEARCH_52a2f5c431,Human–computer interaction,0.1566638946533203
CA_ONTARIO_INSTITUTE_FOR_CANCER_RESEARCH_52a2f5c431,Imputation (statistics),0.7386645078659058
CA_ONTARIO_INSTITUTE_FOR_CANCER_RESEARCH_52a2f5c431,Information retrieval,0.37488457560539246
CA_ONTARIO_INSTITUTE_FOR_CANCER_RESEARCH_52a2f5c431,Interface (matter),0.6469070911407471
CA_ONTARIO_INSTITUTE_FOR_CANCER_RESEARCH_52a2f5c431,Internal medicine,0.2578687369823456
CA_ONTARIO_INSTITUTE_FOR_CANCER_RESEARCH_52a2f5c431,International HapMap Project,0.8309030532836914
CA_ONTARIO_INSTITUTE_FOR_CANCER_RESEARCH_52a2f5c431,Lens (geology),0.0
CA_ONTARIO_INSTITUTE_FOR_CANCER_RESEARCH_52a2f5c431,Linkage disequilibrium,0.8043128848075867
CA_ONTARIO_INSTITUTE_FOR_CANCER_RESEARCH_52a2f5c431,Mathematics,0.06528967618942261
CA_ONTARIO_INSTITUTE_FOR_CANCER_RESEARCH_52a2f5c431,Maximum bubble pressure method,0.0
CA_ONTARIO_INSTITUTE_FOR_CANCER_RESEARCH_52a2f5c431,Medicine,0.9378828406333923
CA_ONTARIO_INSTITUTE_FOR_CANCER_RESEARCH_52a2f5c431,Missing data,0.13052093982696533
CA_ONTARIO_INSTITUTE_FOR_CANCER_RESEARCH_52a2f5c431,Oncology,0.35249799489974976
CA_ONTARIO_INSTITUTE_FOR_CANCER_RESEARCH_52a2f5c431,Organic chemistry,0.0
CA_ONTARIO_INSTITUTE_FOR_CANCER_RESEARCH_52a2f5c431,Paleontology,0.0
CA_ONTARIO_INSTITUTE_FOR_CANCER_RESEARCH_52a2f5c431,Parallel computing,0.0
CA_ONTARIO_INSTITUTE_FOR_CANCER_RESEARCH_52a2f5c431,Pharmacology,0.2666934132575989
CA_ONTARIO_INSTITUTE_FOR_CANCER_RESEARCH_52a2f5c431,Photodynamic therapy,0.9047243595123291
CA_ONTARIO_INSTITUTE_FOR_CANCER_RESEARCH_52a2f5c431,Population,0.4696938991546631
CA_ONTARIO_INSTITUTE_FOR_CANCER_RESEARCH_52a2f5c431,Programming language,0.1519957184791565
CA_ONTARIO_INSTITUTE_FOR_CANCER_RESEARCH_52a2f5c431,SNP genotyping,0.4331549406051636
CA_ONTARIO_INSTITUTE_FOR_CANCER_RESEARCH_52a2f5c431,Single-nucleotide polymorphism,0.7710405588150024
CA_ONTARIO_INSTITUTE_FOR_CANCER_RESEARCH_52a2f5c431,Sociology,0.0
CA_ONTARIO_INSTITUTE_FOR_CANCER_RESEARCH_52a2f5c431,Statistics,0.11003485321998596
CA_ONTARIO_INSTITUTE_FOR_CANCER_RESEARCH_52a2f5c431,Tag SNP,0.4454082250595093
CA_ONTARIO_INSTITUTE_FOR_CANCER_RESEARCH_52a2f5c431,The Internet,0.49205702543258667
CA_ONTARIO_INSTITUTE_FOR_CANCER_RESEARCH_52a2f5c431,Therapeutic effect,0.41274094581604004
CA_ONTARIO_INSTITUTE_FOR_CANCER_RESEARCH_52a2f5c431,Toxicity,0.4350185990333557
CA_ONTARIO_INSTITUTE_FOR_CANCER_RESEARCH_52a2f5c431,Usability,0.4837493896484375
CA_ONTARIO_INSTITUTE_FOR_CANCER_RESEARCH_52a2f5c431,User interface,0.49918627738952637
CA_ONTARIO_INSTITUTE_FOR_CANCER_RESEARCH_52a2f5c431,Visualization,0.691798746585846
CA_ONTARIO_INSTITUTE_FOR_CANCER_RESEARCH_52a2f5c431,World Wide Web,0.25629082322120667
CA_ONTARIO_INSTITUTE_FOR_CANCER_RESEARCH_52a2f5c431,Zoom,0.5495612621307373
CA_SIMON_FRASER_UNIVERSITY_4aa91acb9b,Biology,0.6096755266189575
CA_SIMON_FRASER_UNIVERSITY_4aa91acb9b,Chromatin,0.4478265047073364
CA_SIMON_FRASER_UNIVERSITY_4aa91acb9b,Computational biology,0.6194148659706116
CA_SIMON_FRASER_UNIVERSITY_4aa91acb9b,DNA methylation,0.6325619220733643
CA_SIMON_FRASER_UNIVERSITY_4aa91acb9b,Epigenome,0.4755149483680725
CA_SIMON_FRASER_UNIVERSITY_4aa91acb9b,Epigenomics,0.955129861831665
CA_SIMON_FRASER_UNIVERSITY_4aa91acb9b,Gene,0.32215747237205505
CA_SIMON_FRASER_UNIVERSITY_4aa91acb9b,Gene expression,0.1975480020046234
CA_SIMON_FRASER_UNIVERSITY_4aa91acb9b,Genetics,0.5011212825775146
CA_SIMON_FRASER_UNIVERSITY_4aa91acb9b,Genome,0.3564508259296417
CA_SIMON_FRASER_UNIVERSITY_4aa91acb9b,Human genome,0.531373918056488
CA_UNIVERSITY_OF_BRITISH_COLUMBIA_4c69247fde,Adenocarcinoma,0.4801872968673706
CA_UNIVERSITY_OF_BRITISH_COLUMBIA_4c69247fde,Allele,0.0
CA_UNIVERSITY_OF_BRITISH_COLUMBIA_4c69247fde,Artificial intelligence,0.5402119159698486
CA_UNIVERSITY_OF_BRITISH_COLUMBIA_4c69247fde,Artificial neural network,0.6641649603843689
CA_UNIVERSITY_OF_BRITISH_COLUMBIA_4c69247fde,Attributable risk,0.6161518692970276
CA_UNIVERSITY_OF_BRITISH_COLUMBIA_4c69247fde,Biochemistry,0.10371679067611694
CA_UNIVERSITY_OF_BRITISH_COLUMBIA_4c69247fde,Bioinformatics,0.2061787247657776
CA_UNIVERSITY_OF_BRITISH_COLUMBIA_4c69247fde,Biology,3.125268280506134
CA_UNIVERSITY_OF_BRITISH_COLUMBIA_4c69247fde,Breast cancer,0.5785163044929504
CA_UNIVERSITY_OF_BRITISH_COLUMBIA_4c69247fde,Burden of disease,1.9220337271690369
CA_UNIVERSITY_OF_BRITISH_COLUMBIA_4c69247fde,CASP,0.9288318157196045
CA_UNIVERSITY_OF_BRITISH_COLUMBIA_4c69247fde,Cancer,1.2478254437446594
CA_UNIVERSITY_OF_BRITISH_COLUMBIA_4c69247fde,Cancer research,1.1892794370651245
CA_UNIVERSITY_OF_BRITISH_COLUMBIA_4c69247fde,Case fatality rate,0.4428708553314209
CA_UNIVERSITY_OF_BRITISH_COLUMBIA_4c69247fde,Cause of death,0.44510552287101746
CA_UNIVERSITY_OF_BRITISH_COLUMBIA_4c69247fde,Chemistry,0.23319080471992493
CA_UNIVERSITY_OF_BRITISH_COLUMBIA_4c69247fde,Chromatin,0.4478265047073364
CA_UNIVERSITY_OF_BRITISH_COLUMBIA_4c69247fde,Chromosome,0.17771437764167786
CA_UNIVERSITY_OF_BRITISH_COLUMBIA_4c69247fde,Chromosome instability,0.618460476398468
CA_UNIVERSITY_OF_BRITISH_COLUMBIA_4c69247fde,Comparative genomic hybridization,0.4796053171157837
CA_UNIVERSITY_OF_BRITISH_COLUMBIA_4c69247fde,Computational biology,2.050098806619644
CA_UNIVERSITY_OF_BRITISH_COLUMBIA_4c69247fde,Computer science,1.2008696794509888
CA_UNIVERSITY_OF_BRITISH_COLUMBIA_4c69247fde,Computer security,0.0
CA_UNIVERSITY_OF_BRITISH_COLUMBIA_4c69247fde,Confidence interval,0.2946649193763733
CA_UNIVERSITY_OF_BRITISH_COLUMBIA_4c69247fde,Copy number analysis,0.4787958562374115
CA_UNIVERSITY_OF_BRITISH_COLUMBIA_4c69247fde,Copy-number variation,0.5621121525764465
CA_UNIVERSITY_OF_BRITISH_COLUMBIA_4c69247fde,DNA methylation,1.1915115714073181
CA_UNIVERSITY_OF_BRITISH_COLUMBIA_4c69247fde,Data science,0.3914947807788849
CA_UNIVERSITY_OF_BRITISH_COLUMBIA_4c69247fde,Database,0.15453827381134033
CA_UNIVERSITY_OF_BRITISH_COLUMBIA_4c69247fde,Deep learning,0.4678039848804474
CA_UNIVERSITY_OF_BRITISH_COLUMBIA_4c69247fde,Demography,0.8539130687713623
CA_UNIVERSITY_OF_BRITISH_COLUMBIA_4c69247fde,Disability-adjusted life year,1.038356751203537
CA_UNIVERSITY_OF_BRITISH_COLUMBIA_4c69247fde,Disease,1.4233151078224182
CA_UNIVERSITY_OF_BRITISH_COLUMBIA_4c69247fde,Disease burden,1.143014132976532
CA_UNIVERSITY_OF_BRITISH_COLUMBIA_4c69247fde,Electrical engineering,0.0
CA_UNIVERSITY_OF_BRITISH_COLUMBIA_4c69247fde,Engineering,0.11987653374671936
CA_UNIVERSITY_OF_BRITISH_COLUMBIA_4c69247fde,Environmental health,1.6048848628997803
CA_UNIVERSITY_OF_BRITISH_COLUMBIA_4c69247fde,Epigenetics,0.4278194308280945
CA_UNIVERSITY_OF_BRITISH_COLUMBIA_4c69247fde,Epigenome,0.4755149483680725
CA_UNIVERSITY_OF_BRITISH_COLUMBIA_4c69247fde,Epigenomics,0.955129861831665
CA_UNIVERSITY_OF_BRITISH_COLUMBIA_4c69247fde,Epilepsy,0.8462277054786682
CA_UNIVERSITY_OF_BRITISH_COLUMBIA_4c69247fde,Epilepsy syndromes,0.48666006326675415
CA_UNIVERSITY_OF_BRITISH_COLUMBIA_4c69247fde,Etiology,0.5829571485519409
CA_UNIVERSITY_OF_BRITISH_COLUMBIA_4c69247fde,Exon,0.5527382493019104
CA_UNIVERSITY_OF_BRITISH_COLUMBIA_4c69247fde,Extensibility,0.6170313954353333
CA_UNIVERSITY_OF_BRITISH_COLUMBIA_4c69247fde,Folding (DSP implementation),0.5534390211105347
CA_UNIVERSITY_OF_BRITISH_COLUMBIA_4c69247fde,Gene,1.8569216430187225
CA_UNIVERSITY_OF_BRITISH_COLUMBIA_4c69247fde,Gene expression,0.7790963053703308
CA_UNIVERSITY_OF_BRITISH_COLUMBIA_4c69247fde,Gene expression profiling,0.4295917749404907
CA_UNIVERSITY_OF_BRITISH_COLUMBIA_4c69247fde,Generalized epilepsy,0.4336230754852295
CA_UNIVERSITY_OF_BRITISH_COLUMBIA_4c69247fde,Genetics,1.7233330011367798
CA_UNIVERSITY_OF_BRITISH_COLUMBIA_4c69247fde,Genome,0.8156612515449524
CA_UNIVERSITY_OF_BRITISH_COLUMBIA_4c69247fde,Global health,0.4490731358528137
CA_UNIVERSITY_OF_BRITISH_COLUMBIA_4c69247fde,Human genome,0.531373918056488
CA_UNIVERSITY_OF_BRITISH_COLUMBIA_4c69247fde,Incidence (geometry),1.170413315296173
CA_UNIVERSITY_OF_BRITISH_COLUMBIA_4c69247fde,Intensive care medicine,0.8458379805088043
CA_UNIVERSITY_OF_BRITISH_COLUMBIA_4c69247fde,Internal medicine,0.22481375932693481
CA_UNIVERSITY_OF_BRITISH_COLUMBIA_4c69247fde,Life expectancy,0.6596441268920898
CA_UNIVERSITY_OF_BRITISH_COLUMBIA_4c69247fde,Linguistics,0.0
CA_UNIVERSITY_OF_BRITISH_COLUMBIA_4c69247fde,Machine learning,0.3482407033443451
CA_UNIVERSITY_OF_BRITISH_COLUMBIA_4c69247fde,Medicine,2.916223496198654
CA_UNIVERSITY_OF_BRITISH_COLUMBIA_4c69247fde,Methylation,0.4146692156791687
CA_UNIVERSITY_OF_BRITISH_COLUMBIA_4c69247fde,Microbiome,0.7692012786865234
CA_UNIVERSITY_OF_BRITISH_COLUMBIA_4c69247fde,Microsatellite,0.1457110047340393
CA_UNIVERSITY_OF_BRITISH_COLUMBIA_4c69247fde,Microsatellite instability,0.6885784268379211
CA_UNIVERSITY_OF_BRITISH_COLUMBIA_4c69247fde,Mutation,0.4132061302661896
CA_UNIVERSITY_OF_BRITISH_COLUMBIA_4c69247fde,Nursing,0.0
CA_UNIVERSITY_OF_BRITISH_COLUMBIA_4c69247fde,Optics,0.0
CA_UNIVERSITY_OF_BRITISH_COLUMBIA_4c69247fde,Ovarian cancer,0.7307871580123901
CA_UNIVERSITY_OF_BRITISH_COLUMBIA_4c69247fde,Ovarian carcinoma,0.4806888997554779
CA_UNIVERSITY_OF_BRITISH_COLUMBIA_4c69247fde,Pathology,0.0
CA_UNIVERSITY_OF_BRITISH_COLUMBIA_4c69247fde,Pediatrics,0.3892921209335327
CA_UNIVERSITY_OF_BRITISH_COLUMBIA_4c69247fde,Philosophy,0.0
CA_UNIVERSITY_OF_BRITISH_COLUMBIA_4c69247fde,Physics,0.0
CA_UNIVERSITY_OF_BRITISH_COLUMBIA_4c69247fde,Population,1.1644223928451538
CA_UNIVERSITY_OF_BRITISH_COLUMBIA_4c69247fde,Programming language,0.11720123887062073
CA_UNIVERSITY_OF_BRITISH_COLUMBIA_4c69247fde,Protein folding,0.4686751961708069
CA_UNIVERSITY_OF_BRITISH_COLUMBIA_4c69247fde,Protein structure,0.4419260621070862
CA_UNIVERSITY_OF_BRITISH_COLUMBIA_4c69247fde,Protein structure prediction,0.672880232334137
CA_UNIVERSITY_OF_BRITISH_COLUMBIA_4c69247fde,Psychiatry,0.3205186128616333
CA_UNIVERSITY_OF_BRITISH_COLUMBIA_4c69247fde,Public health,0.38423794507980347
CA_UNIVERSITY_OF_BRITISH_COLUMBIA_4c69247fde,RHOA,0.47057148814201355
CA_UNIVERSITY_OF_BRITISH_COLUMBIA_4c69247fde,Relative risk,0.5610102415084839
CA_UNIVERSITY_OF_BRITISH_COLUMBIA_4c69247fde,Risk assessment,0.5756056904792786
CA_UNIVERSITY_OF_BRITISH_COLUMBIA_4c69247fde,Risk factor,0.5091940760612488
CA_UNIVERSITY_OF_BRITISH_COLUMBIA_4c69247fde,Scalability,0.6612159013748169
CA_UNIVERSITY_OF_BRITISH_COLUMBIA_4c69247fde,Sepsis,0.5616116523742676
CA_UNIVERSITY_OF_BRITISH_COLUMBIA_4c69247fde,Sequence (biology),0.49019867181777954
CA_UNIVERSITY_OF_BRITISH_COLUMBIA_4c69247fde,Serous fluid,0.5272344946861267
CA_UNIVERSITY_OF_BRITISH_COLUMBIA_4c69247fde,Signal transduction,0.15478515625
CA_UNIVERSITY_OF_BRITISH_COLUMBIA_4c69247fde,Sociology,0.0
CA_UNIVERSITY_OF_BRITISH_COLUMBIA_4c69247fde,Somatic cell,0.42389652132987976
CA_UNIVERSITY_OF_BRITISH_COLUMBIA_4c69247fde,Targeted therapy,0.4959612786769867
CA_UNIVERSITY_OF_BRITISH_COLUMBIA_4c69247fde,Terminology,0.7138856649398804
CA_UNIVERSITY_OF_BRITISH_COLUMBIA_4c69247fde,Transcriptome,0.6470482349395752
CA_UNIVERSITY_OF_BRITISH_COLUMBIA_4c69247fde,Years of potential life lost,1.0970361828804016
CA_UNIVERSITY_OF_BRITISH_COLUMBIA_4c69247fde,microRNA,0.5933352708816528
CA_UNIVERSITY_OF_GUELPH_79f8f1e54f,Bacteria,0.09365224838256836
CA_UNIVERSITY_OF_GUELPH_79f8f1e54f,Biology,0.6747705936431885
CA_UNIVERSITY_OF_GUELPH_79f8f1e54f,Community,0.5060710310935974
CA_UNIVERSITY_OF_GUELPH_79f8f1e54f,Ecology,0.6547218561172485
CA_UNIVERSITY_OF_GUELPH_79f8f1e54f,Environmental health,0.11622247099876404
CA_UNIVERSITY_OF_GUELPH_79f8f1e54f,Evolutionary biology,0.3474726676940918
CA_UNIVERSITY_OF_GUELPH_79f8f1e54f,Gene,0.094522625207901
CA_UNIVERSITY_OF_GUELPH_79f8f1e54f,Genetics,0.15872535109519958
CA_UNIVERSITY_OF_GUELPH_79f8f1e54f,Habitat,0.4501504898071289
CA_UNIVERSITY_OF_GUELPH_79f8f1e54f,Human Microbiome Project,0.5840378999710083
CA_UNIVERSITY_OF_GUELPH_79f8f1e54f,Human microbiome,0.5101380944252014
CA_UNIVERSITY_OF_GUELPH_79f8f1e54f,Medicine,0.12795865535736084
CA_UNIVERSITY_OF_GUELPH_79f8f1e54f,Metagenomics,0.7584229111671448
CA_UNIVERSITY_OF_GUELPH_79f8f1e54f,Microbial ecology,0.4453139901161194
CA_UNIVERSITY_OF_GUELPH_79f8f1e54f,Microbiome,0.8278478384017944
CA_UNIVERSITY_OF_GUELPH_79f8f1e54f,Niche,0.5147614479064941
CA_UNIVERSITY_OF_GUELPH_79f8f1e54f,Population,0.48571544885635376
CA_UNIVERSITY_OF_OTTAWA_e82326be45,Checklist,2.691228985786438
CA_UNIVERSITY_OF_OTTAWA_e82326be45,Cognitive psychology,0.0
CA_UNIVERSITY_OF_OTTAWA_e82326be45,Computer science,0.3789686858654022
CA_UNIVERSITY_OF_OTTAWA_e82326be45,Engineering,0.24265170097351074
CA_UNIVERSITY_OF_OTTAWA_e82326be45,Guideline,2.0692089796066284
CA_UNIVERSITY_OF_OTTAWA_e82326be45,Harm,0.5276176929473877
CA_UNIVERSITY_OF_OTTAWA_e82326be45,Law,0.0
CA_UNIVERSITY_OF_OTTAWA_e82326be45,Linguistics,0.0
CA_UNIVERSITY_OF_OTTAWA_e82326be45,MEDLINE,1.8109028339385986
CA_UNIVERSITY_OF_OTTAWA_e82326be45,Management science,1.0363386869430542
CA_UNIVERSITY_OF_OTTAWA_e82326be45,Medical education,0.34172967076301575
CA_UNIVERSITY_OF_OTTAWA_e82326be45,Medical physics,0.32605868577957153
CA_UNIVERSITY_OF_OTTAWA_e82326be45,Medicine,2.2617976367473602
CA_UNIVERSITY_OF_OTTAWA_e82326be45,Meta-analysis,0.4871029853820801
CA_UNIVERSITY_OF_OTTAWA_e82326be45,Nursing,0.12202504277229309
CA_UNIVERSITY_OF_OTTAWA_e82326be45,Pathology,0.42319801449775696
CA_UNIVERSITY_OF_OTTAWA_e82326be45,Philosophy,0.0
CA_UNIVERSITY_OF_OTTAWA_e82326be45,Political science,0.11159858107566833
CA_UNIVERSITY_OF_OTTAWA_e82326be45,Presentation (obstetrics),1.5154308378696442
CA_UNIVERSITY_OF_OTTAWA_e82326be45,Psychological intervention,0.8379109501838684
CA_UNIVERSITY_OF_OTTAWA_e82326be45,Psychology,0.8598081767559052
CA_UNIVERSITY_OF_OTTAWA_e82326be45,Radiology,0.0
CA_UNIVERSITY_OF_OTTAWA_e82326be45,Social psychology,0.07648447155952454
CA_UNIVERSITY_OF_OTTAWA_e82326be45,Statement (logic),1.819906771183014
CA_UNIVERSITY_OF_OTTAWA_e82326be45,Strengths and weaknesses,0.5695809721946716
CA_UNIVERSITY_OF_OTTAWA_e82326be45,Surgery,0.0615411102771759
CA_UNIVERSITY_OF_OTTAWA_e82326be45,Systematic review,3.0977430939674377
CA_UNIVERSITY_OF_OTTAWA_e82326be45,Terminology,1.7844640612602234
CA_UNIVERSITY_OF_VICTORIA_c15e0b39bb,Artificial intelligence,0.5402119159698486
CA_UNIVERSITY_OF_VICTORIA_c15e0b39bb,Artificial neural network,0.6641649603843689
CA_UNIVERSITY_OF_VICTORIA_c15e0b39bb,Biochemistry,0.10371679067611694
CA_UNIVERSITY_OF_VICTORIA_c15e0b39bb,Biology,0.18573465943336487
CA_UNIVERSITY_OF_VICTORIA_c15e0b39bb,CASP,0.9288318157196045
CA_UNIVERSITY_OF_VICTORIA_c15e0b39bb,Chemistry,0.23319080471992493
CA_UNIVERSITY_OF_VICTORIA_c15e0b39bb,Computational biology,0.4400450587272644
CA_UNIVERSITY_OF_VICTORIA_c15e0b39bb,Computer science,0.6198425889015198
CA_UNIVERSITY_OF_VICTORIA_c15e0b39bb,Deep learning,0.4678039848804474
CA_UNIVERSITY_OF_VICTORIA_c15e0b39bb,Electrical engineering,0.0
CA_UNIVERSITY_OF_VICTORIA_c15e0b39bb,Engineering,0.11987653374671936
CA_UNIVERSITY_OF_VICTORIA_c15e0b39bb,Folding (DSP implementation),0.5534390211105347
CA_UNIVERSITY_OF_VICTORIA_c15e0b39bb,Machine learning,0.3482407033443451
CA_UNIVERSITY_OF_VICTORIA_c15e0b39bb,Protein folding,0.4686751961708069
CA_UNIVERSITY_OF_VICTORIA_c15e0b39bb,Protein structure,0.4419260621070862
CA_UNIVERSITY_OF_VICTORIA_c15e0b39bb,Protein structure prediction,0.672880232334137
CA_UNIVERSITY_OF_VICTORIA_c15e0b39bb,Sequence (biology),0.49019867181777954
CA_YORK_UNIVERSITY_d7f259c8ec,Algorithm,0.5405245423316956
CA_YORK_UNIVERSITY_d7f259c8ec,Applied mathematics,0.4171956479549408
CA_YORK_UNIVERSITY_d7f259c8ec,Artificial intelligence,0.16255509853363037
CA_YORK_UNIVERSITY_d7f259c8ec,Bayesian inference,0.4445812702178955
CA_YORK_UNIVERSITY_d7f259c8ec,Bayesian probability,0.33475297689437866
CA_YORK_UNIVERSITY_d7f259c8ec,Computer science,0.6915758848190308
CA_YORK_UNIVERSITY_d7f259c8ec,Hybrid Monte Carlo,0.5357970595359802
CA_YORK_UNIVERSITY_d7f259c8ec,Importance sampling,0.4393693506717682
CA_YORK_UNIVERSITY_d7f259c8ec,Inference,0.4276842772960663
CA_YORK_UNIVERSITY_d7f259c8ec,Markov chain Monte Carlo,0.6254997253417969
CA_YORK_UNIVERSITY_d7f259c8ec,Mathematical optimization,0.3298490047454834
CA_YORK_UNIVERSITY_d7f259c8ec,Mathematics,0.25175708532333374
CA_YORK_UNIVERSITY_d7f259c8ec,Monte Carlo integration,0.41954460740089417
CA_YORK_UNIVERSITY_d7f259c8ec,Monte Carlo method,0.5076040029525757
CA_YORK_UNIVERSITY_d7f259c8ec,Probabilistic logic,0.4779491424560547
CA_YORK_UNIVERSITY_d7f259c8ec,Programming language,0.16996848583221436
CA_YORK_UNIVERSITY_d7f259c8ec,Python (programming language),0.7318047285079956
CA_YORK_UNIVERSITY_d7f259c8ec,Statistical inference,0.43107423186302185
CA_YORK_UNIVERSITY_d7f259c8ec,Statistics,0.13367098569869995
CH_CHE101064173MWST_4628291fbd,Allele,0.0
CH_CHE101064173MWST_4628291fbd,Artificial intelligence,0.2990652024745941
CH_CHE101064173MWST_4628291fbd,Bayesian probability,0.4909992516040802
CH_CHE101064173MWST_4628291fbd,Bioinformatics,0.3672928810119629
CH_CHE101064173MWST_4628291fbd,Biology,1.6715008020401
CH_CHE101064173MWST_4628291fbd,Cancer,0.42249488830566406
CH_CHE101064173MWST_4628291fbd,Cancer research,0.4528168737888336
CH_CHE101064173MWST_4628291fbd,Cluster analysis,0.4722900986671448
CH_CHE101064173MWST_4628291fbd,Colorectal cancer,0.6262069940567017
CH_CHE101064173MWST_4628291fbd,Computational biology,1.4154546558856964
CH_CHE101064173MWST_4628291fbd,Computer science,1.3097017407417297
CH_CHE101064173MWST_4628291fbd,Data mining,0.8069459497928619
CH_CHE101064173MWST_4628291fbd,Data science,0.5901833176612854
CH_CHE101064173MWST_4628291fbd,Economics,0.0
CH_CHE101064173MWST_4628291fbd,Evolutionary biology,0.3929517865180969
CH_CHE101064173MWST_4628291fbd,Expression (computer science),0.4365035891532898
CH_CHE101064173MWST_4628291fbd,Gene,1.0925845205783844
CH_CHE101064173MWST_4628291fbd,Gene expression,0.5758551955223083
CH_CHE101064173MWST_4628291fbd,Gene ontology,0.41916584968566895
CH_CHE101064173MWST_4628291fbd,Genetics,0.9415121376514435
CH_CHE101064173MWST_4628291fbd,Genome,0.45498907566070557
CH_CHE101064173MWST_4628291fbd,Geodesy,0.0
CH_CHE101064173MWST_4628291fbd,Geography,0.1138608455657959
CH_CHE101064173MWST_4628291fbd,Hierarchy,0.5163037180900574
CH_CHE101064173MWST_4628291fbd,Inference,0.45092201232910156
CH_CHE101064173MWST_4628291fbd,Interaction network,0.4307992160320282
CH_CHE101064173MWST_4628291fbd,KEGG,0.6750853061676025
CH_CHE101064173MWST_4628291fbd,Machine learning,0.21071302890777588
CH_CHE101064173MWST_4628291fbd,Market economy,0.0
CH_CHE101064173MWST_4628291fbd,Medicine,0.33396297693252563
CH_CHE101064173MWST_4628291fbd,Microsatellite,0.10076811909675598
CH_CHE101064173MWST_4628291fbd,Microsatellite instability,0.757904589176178
CH_CHE101064173MWST_4628291fbd,Pace,0.4106293320655823
CH_CHE101064173MWST_4628291fbd,Physics,0.0
CH_CHE101064173MWST_4628291fbd,Programming language,0.0
CH_CHE101064173MWST_4628291fbd,Quantum mechanics,0.0
CH_CHE101064173MWST_4628291fbd,Set (abstract data type),0.4162874221801758
CH_CHE101064173MWST_4628291fbd,Software,0.6266711950302124
CH_CHE101064173MWST_4628291fbd,Software development,0.43283161520957947
CH_CHE101064173MWST_4628291fbd,String (physics),0.6766728758811951
CH_CHE101064173MWST_4628291fbd,Stromal cell,0.456010639667511
CH_CHE101064173MWST_4628291fbd,Wnt signaling pathway,0.5971936583518982
CH_ETH_ZURICH_bdb715a47b,Alternative medicine,0.0
CH_ETH_ZURICH_bdb715a47b,Artificial intelligence,0.2990652024745941
CH_ETH_ZURICH_bdb715a47b,Bayesian probability,0.4909992516040802
CH_ETH_ZURICH_bdb715a47b,Biochemical engineering,0.40951111912727356
CH_ETH_ZURICH_bdb715a47b,Biochemistry,0.0
CH_ETH_ZURICH_bdb715a47b,Bioinformatics,0.16434717178344727
CH_ETH_ZURICH_bdb715a47b,Biology,0.4499448537826538
CH_ETH_ZURICH_bdb715a47b,Biotechnology,0.43968719244003296
CH_ETH_ZURICH_bdb715a47b,Bubble,0.0
CH_ETH_ZURICH_bdb715a47b,Business,0.7734869122505188
CH_ETH_ZURICH_bdb715a47b,Chemistry,0.41590768098831177
CH_ETH_ZURICH_bdb715a47b,Chromatography,0.1269339621067047
CH_ETH_ZURICH_bdb715a47b,Computational biology,0.41906023025512695
CH_ETH_ZURICH_bdb715a47b,Computer science,2.123628258705139
CH_ETH_ZURICH_bdb715a47b,Data curation,0.6775604486465454
CH_ETH_ZURICH_bdb715a47b,Data mining,0.3623112440109253
CH_ETH_ZURICH_bdb715a47b,Data science,1.4180858433246613
CH_ETH_ZURICH_bdb715a47b,Data sharing,0.4613611102104187
CH_ETH_ZURICH_bdb715a47b,Drug discovery,0.689194917678833
CH_ETH_ZURICH_bdb715a47b,Economics,0.0
CH_ETH_ZURICH_bdb715a47b,Engineering,0.273059219121933
CH_ETH_ZURICH_bdb715a47b,File format,0.41577956080436707
CH_ETH_ZURICH_bdb715a47b,Geodesy,0.0
CH_ETH_ZURICH_bdb715a47b,Geography,0.1138608455657959
CH_ETH_ZURICH_bdb715a47b,Hierarchy,0.5163037180900574
CH_ETH_ZURICH_bdb715a47b,Inference,0.45092201232910156
CH_ETH_ZURICH_bdb715a47b,Interface (matter),0.5009348392486572
CH_ETH_ZURICH_bdb715a47b,Isolation (microbiology),0.510489821434021
CH_ETH_ZURICH_bdb715a47b,Market economy,0.0
CH_ETH_ZURICH_bdb715a47b,Mass spectrometry,0.4895699918270111
CH_ETH_ZURICH_bdb715a47b,Maximum bubble pressure method,0.0
CH_ETH_ZURICH_bdb715a47b,Medicine,0.09025657176971436
CH_ETH_ZURICH_bdb715a47b,Natural (archaeology),1.0210665464401245
CH_ETH_ZURICH_bdb715a47b,Natural product,0.476485937833786
CH_ETH_ZURICH_bdb715a47b,Operating system,0.3077061176300049
CH_ETH_ZURICH_bdb715a47b,Pace,0.4106293320655823
CH_ETH_ZURICH_bdb715a47b,Paleontology,0.0
CH_ETH_ZURICH_bdb715a47b,Pathology,0.0
CH_ETH_ZURICH_bdb715a47b,Pharmaceutical industry,0.4850582182407379
CH_ETH_ZURICH_bdb715a47b,Programming language,0.3609614372253418
CH_ETH_ZURICH_bdb715a47b,Risk analysis (engineering),0.4975621998310089
CH_ETH_ZURICH_bdb715a47b,Software,1.2419059872627258
CH_ETH_ZURICH_bdb715a47b,Software construction,0.27517005801200867
CH_ETH_ZURICH_bdb715a47b,Software development,0.43283161520957947
CH_ETH_ZURICH_bdb715a47b,Software engineering,0.41768360137939453
CH_ETH_ZURICH_bdb715a47b,Software evolution,0.41285306215286255
CH_ETH_ZURICH_bdb715a47b,Software system,0.39058366417884827
CH_ETH_ZURICH_bdb715a47b,World Wide Web,0.3699272871017456
CH_ETH_ZURICH_bdb715a47b,XML,0.5531467795372009
CN_BEIJING_NORMAL_UNIVERSITY_52cb1ac202,1000 Genomes Project,0.4982619285583496
CN_BEIJING_NORMAL_UNIVERSITY_52cb1ac202,Biology,0.4539068937301636
CN_BEIJING_NORMAL_UNIVERSITY_52cb1ac202,Computational biology,0.49732473492622375
CN_BEIJING_NORMAL_UNIVERSITY_52cb1ac202,DNA,0.2062108814716339
CN_BEIJING_NORMAL_UNIVERSITY_52cb1ac202,DNA sequencing,0.5021266937255859
CN_BEIJING_NORMAL_UNIVERSITY_52cb1ac202,Evolutionary biology,0.44167560338974
CN_BEIJING_NORMAL_UNIVERSITY_52cb1ac202,Gene,0.17380130290985107
CN_BEIJING_NORMAL_UNIVERSITY_52cb1ac202,Genetics,0.4306437075138092
CN_BEIJING_NORMAL_UNIVERSITY_52cb1ac202,Genome,0.47583794593811035
CN_BEIJING_NORMAL_UNIVERSITY_52cb1ac202,Genotype,0.306592732667923
CN_BEIJING_NORMAL_UNIVERSITY_52cb1ac202,Geography,0.3386346101760864
CN_BEIJING_NORMAL_UNIVERSITY_52cb1ac202,Human genome,0.6060408353805542
CN_BEIJING_NORMAL_UNIVERSITY_52cb1ac202,International HapMap Project,0.984015941619873
CN_BEIJING_NORMAL_UNIVERSITY_52cb1ac202,Sequence (biology),0.5314375758171082
CN_BEIJING_NORMAL_UNIVERSITY_52cb1ac202,Single-nucleotide polymorphism,0.0
CN_CHINESE_ACADEMY_OF_SCIENCES_297a58e2e3,1000 Genomes Project,0.4982619285583496
CN_CHINESE_ACADEMY_OF_SCIENCES_297a58e2e3,2019-20 coronavirus outbreak,0.5196422338485718
CN_CHINESE_ACADEMY_OF_SCIENCES_297a58e2e3,Allele,0.28274089097976685
CN_CHINESE_ACADEMY_OF_SCIENCES_297a58e2e3,Artificial intelligence,0.2990652024745941
CN_CHINESE_ACADEMY_OF_SCIENCES_297a58e2e3,Bayesian probability,0.4909992516040802
CN_CHINESE_ACADEMY_OF_SCIENCES_297a58e2e3,Betacoronavirus,0.5718576908111572
CN_CHINESE_ACADEMY_OF_SCIENCES_297a58e2e3,Bioinformatics,0.2061787247657776
CN_CHINESE_ACADEMY_OF_SCIENCES_297a58e2e3,Biology,2.2695487439632416
CN_CHINESE_ACADEMY_OF_SCIENCES_297a58e2e3,Computational biology,1.03300079703331
CN_CHINESE_ACADEMY_OF_SCIENCES_297a58e2e3,Computer science,1.2299713492393494
CN_CHINESE_ACADEMY_OF_SCIENCES_297a58e2e3,Coronavirus,0.79925537109375
CN_CHINESE_ACADEMY_OF_SCIENCES_297a58e2e3,Coronavirus Infections,0.4849529564380646
CN_CHINESE_ACADEMY_OF_SCIENCES_297a58e2e3,Coronavirus disease 2019 (COVID-19),0.5215342044830322
CN_CHINESE_ACADEMY_OF_SCIENCES_297a58e2e3,DNA,0.2062108814716339
CN_CHINESE_ACADEMY_OF_SCIENCES_297a58e2e3,DNA sequencing,0.5021266937255859
CN_CHINESE_ACADEMY_OF_SCIENCES_297a58e2e3,Data mining,0.3623112440109253
CN_CHINESE_ACADEMY_OF_SCIENCES_297a58e2e3,Data science,0.9816780984401703
CN_CHINESE_ACADEMY_OF_SCIENCES_297a58e2e3,Database,0.15453827381134033
CN_CHINESE_ACADEMY_OF_SCIENCES_297a58e2e3,Demography,0.06448188424110413
CN_CHINESE_ACADEMY_OF_SCIENCES_297a58e2e3,Disease,0.08847114443778992
CN_CHINESE_ACADEMY_OF_SCIENCES_297a58e2e3,Economics,0.0
CN_CHINESE_ACADEMY_OF_SCIENCES_297a58e2e3,Evolutionary biology,0.87722048163414
CN_CHINESE_ACADEMY_OF_SCIENCES_297a58e2e3,Extensibility,0.6170313954353333
CN_CHINESE_ACADEMY_OF_SCIENCES_297a58e2e3,Gene,0.41169488430023193
CN_CHINESE_ACADEMY_OF_SCIENCES_297a58e2e3,Genetic association,0.5103368163108826
CN_CHINESE_ACADEMY_OF_SCIENCES_297a58e2e3,Genetics,1.0692586600780487
CN_CHINESE_ACADEMY_OF_SCIENCES_297a58e2e3,Genome,0.47583794593811035
CN_CHINESE_ACADEMY_OF_SCIENCES_297a58e2e3,Genotype,0.47730299830436707
CN_CHINESE_ACADEMY_OF_SCIENCES_297a58e2e3,Genotyping,0.4928562641143799
CN_CHINESE_ACADEMY_OF_SCIENCES_297a58e2e3,Geodesy,0.0
CN_CHINESE_ACADEMY_OF_SCIENCES_297a58e2e3,Geography,0.4524954557418823
CN_CHINESE_ACADEMY_OF_SCIENCES_297a58e2e3,Haplotype,0.5807740092277527
CN_CHINESE_ACADEMY_OF_SCIENCES_297a58e2e3,Hierarchy,0.5163037180900574
CN_CHINESE_ACADEMY_OF_SCIENCES_297a58e2e3,Highly pathogenic,0.45112624764442444
CN_CHINESE_ACADEMY_OF_SCIENCES_297a58e2e3,Human genome,0.6060408353805542
CN_CHINESE_ACADEMY_OF_SCIENCES_297a58e2e3,Imputation (statistics),0.7386645078659058
CN_CHINESE_ACADEMY_OF_SCIENCES_297a58e2e3,Infectious disease (medical specialty),0.08549267053604126
CN_CHINESE_ACADEMY_OF_SCIENCES_297a58e2e3,Inference,0.45092201232910156
CN_CHINESE_ACADEMY_OF_SCIENCES_297a58e2e3,Influenza A virus subtype H5N1,0.0825398862361908
CN_CHINESE_ACADEMY_OF_SCIENCES_297a58e2e3,International HapMap Project,1.8149189949035645
CN_CHINESE_ACADEMY_OF_SCIENCES_297a58e2e3,Linkage disequilibrium,0.8043128848075867
CN_CHINESE_ACADEMY_OF_SCIENCES_297a58e2e3,Market economy,0.0
CN_CHINESE_ACADEMY_OF_SCIENCES_297a58e2e3,Mathematics,0.06528967618942261
CN_CHINESE_ACADEMY_OF_SCIENCES_297a58e2e3,Medicine,0.07449877262115479
CN_CHINESE_ACADEMY_OF_SCIENCES_297a58e2e3,Microbiome,0.7692012786865234
CN_CHINESE_ACADEMY_OF_SCIENCES_297a58e2e3,Middle East respiratory syndrome,0.663009524345398
CN_CHINESE_ACADEMY_OF_SCIENCES_297a58e2e3,Middle East respiratory syndrome coronavirus,0.8640905618667603
CN_CHINESE_ACADEMY_OF_SCIENCES_297a58e2e3,Missing data,0.13052093982696533
CN_CHINESE_ACADEMY_OF_SCIENCES_297a58e2e3,Outbreak,0.09484606981277466
CN_CHINESE_ACADEMY_OF_SCIENCES_297a58e2e3,Pace,0.4106293320655823
CN_CHINESE_ACADEMY_OF_SCIENCES_297a58e2e3,Pathology,0.0
CN_CHINESE_ACADEMY_OF_SCIENCES_297a58e2e3,Population,0.4696938991546631
CN_CHINESE_ACADEMY_OF_SCIENCES_297a58e2e3,Programming language,0.11720123887062073
CN_CHINESE_ACADEMY_OF_SCIENCES_297a58e2e3,SNP genotyping,0.4331549406051636
CN_CHINESE_ACADEMY_OF_SCIENCES_297a58e2e3,Scalability,0.6612159013748169
CN_CHINESE_ACADEMY_OF_SCIENCES_297a58e2e3,Sequence (biology),0.5314375758171082
CN_CHINESE_ACADEMY_OF_SCIENCES_297a58e2e3,Severe acute respiratory syndrome coronavirus,0.47050637006759644
CN_CHINESE_ACADEMY_OF_SCIENCES_297a58e2e3,Severe acute respiratory syndrome coronavirus 2 (SARS-CoV-2),0.5663467049598694
CN_CHINESE_ACADEMY_OF_SCIENCES_297a58e2e3,Single-nucleotide polymorphism,0.7710405588150024
CN_CHINESE_ACADEMY_OF_SCIENCES_297a58e2e3,Sociology,0.0
CN_CHINESE_ACADEMY_OF_SCIENCES_297a58e2e3,Software,0.6266711950302124
CN_CHINESE_ACADEMY_OF_SCIENCES_297a58e2e3,Software development,0.43283161520957947
CN_CHINESE_ACADEMY_OF_SCIENCES_297a58e2e3,Statistics,0.11003485321998596
CN_CHINESE_ACADEMY_OF_SCIENCES_297a58e2e3,Tag SNP,0.4454082250595093
CN_CHINESE_ACADEMY_OF_SCIENCES_297a58e2e3,Virology,0.6092560291290283
CN_CHINESE_ACADEMY_OF_SCIENCES_297a58e2e3,Virus,0.28478166460990906
CN_FUDAN_UNIVERSITY_3f2c6bc883,Allele,0.28274089097976685
CN_FUDAN_UNIVERSITY_3f2c6bc883,Attributable risk,0.6161518692970276
CN_FUDAN_UNIVERSITY_3f2c6bc883,Biology,0.6789737343788147
CN_FUDAN_UNIVERSITY_3f2c6bc883,Burden of disease,0.7023000121116638
CN_FUDAN_UNIVERSITY_3f2c6bc883,Computer science,0.0
CN_FUDAN_UNIVERSITY_3f2c6bc883,Computer security,0.0
CN_FUDAN_UNIVERSITY_3f2c6bc883,Confidence interval,0.2946649193763733
CN_FUDAN_UNIVERSITY_3f2c6bc883,Demography,0.41096922755241394
CN_FUDAN_UNIVERSITY_3f2c6bc883,Disability-adjusted life year,0.5846619009971619
CN_FUDAN_UNIVERSITY_3f2c6bc883,Disease,0.49889111518859863
CN_FUDAN_UNIVERSITY_3f2c6bc883,Disease burden,0.6051012277603149
CN_FUDAN_UNIVERSITY_3f2c6bc883,Environmental health,0.7141213417053223
CN_FUDAN_UNIVERSITY_3f2c6bc883,Evolutionary biology,0.4355448782444
CN_FUDAN_UNIVERSITY_3f2c6bc883,Gene,0.23789358139038086
CN_FUDAN_UNIVERSITY_3f2c6bc883,Genetic association,0.5103368163108826
CN_FUDAN_UNIVERSITY_3f2c6bc883,Genetics,0.6386149525642395
CN_FUDAN_UNIVERSITY_3f2c6bc883,Genotype,0.1707102656364441
CN_FUDAN_UNIVERSITY_3f2c6bc883,Genotyping,0.4928562641143799
CN_FUDAN_UNIVERSITY_3f2c6bc883,Haplotype,0.5807740092277527
CN_FUDAN_UNIVERSITY_3f2c6bc883,Imputation (statistics),0.7386645078659058
CN_FUDAN_UNIVERSITY_3f2c6bc883,Internal medicine,0.0
CN_FUDAN_UNIVERSITY_3f2c6bc883,International HapMap Project,0.8309030532836914
CN_FUDAN_UNIVERSITY_3f2c6bc883,Life expectancy,0.27504870295524597
CN_FUDAN_UNIVERSITY_3f2c6bc883,Linkage disequilibrium,0.8043128848075867
CN_FUDAN_UNIVERSITY_3f2c6bc883,Mathematics,0.06528967618942261
CN_FUDAN_UNIVERSITY_3f2c6bc883,Medicine,0.7390699982643127
CN_FUDAN_UNIVERSITY_3f2c6bc883,Missing data,0.13052093982696533
CN_FUDAN_UNIVERSITY_3f2c6bc883,Pathology,0.0
CN_FUDAN_UNIVERSITY_3f2c6bc883,Population,0.6338322758674622
CN_FUDAN_UNIVERSITY_3f2c6bc883,Relative risk,0.5610102415084839
CN_FUDAN_UNIVERSITY_3f2c6bc883,Risk assessment,0.5756056904792786
CN_FUDAN_UNIVERSITY_3f2c6bc883,Risk factor,0.5091940760612488
CN_FUDAN_UNIVERSITY_3f2c6bc883,SNP genotyping,0.4331549406051636
CN_FUDAN_UNIVERSITY_3f2c6bc883,Single-nucleotide polymorphism,0.7710405588150024
CN_FUDAN_UNIVERSITY_3f2c6bc883,Sociology,0.0
CN_FUDAN_UNIVERSITY_3f2c6bc883,Statistics,0.11003485321998596
CN_FUDAN_UNIVERSITY_3f2c6bc883,Tag SNP,0.4454082250595093
CN_FUDAN_UNIVERSITY_3f2c6bc883,Years of potential life lost,0.5815194249153137
CN_JIANGSU_UNIVERSITY_848a6fb822,Biochemical engineering,0.40951111912727356
CN_JIANGSU_UNIVERSITY_848a6fb822,Biochemistry,0.0
CN_JIANGSU_UNIVERSITY_848a6fb822,Bioinformatics,0.16434717178344727
CN_JIANGSU_UNIVERSITY_848a6fb822,Biology,0.22502821683883667
CN_JIANGSU_UNIVERSITY_848a6fb822,Biotechnology,0.43968719244003296
CN_JIANGSU_UNIVERSITY_848a6fb822,Business,0.2945111393928528
CN_JIANGSU_UNIVERSITY_848a6fb822,Computer science,0.3724450469017029
CN_JIANGSU_UNIVERSITY_848a6fb822,Data science,0.4231951832771301
CN_JIANGSU_UNIVERSITY_848a6fb822,Drug discovery,0.689194917678833
CN_JIANGSU_UNIVERSITY_848a6fb822,Engineering,0.273059219121933
CN_JIANGSU_UNIVERSITY_848a6fb822,Isolation (microbiology),0.510489821434021
CN_JIANGSU_UNIVERSITY_848a6fb822,Natural (archaeology),0.47912073135375977
CN_JIANGSU_UNIVERSITY_848a6fb822,Natural product,0.476485937833786
CN_JIANGSU_UNIVERSITY_848a6fb822,Paleontology,0.0
CN_JIANGSU_UNIVERSITY_848a6fb822,Pharmaceutical industry,0.4850582182407379
CN_JIANGSU_UNIVERSITY_848a6fb822,Risk analysis (engineering),0.4975621998310089
CN_PEKING_UNIVERSITY_9731cfbd6e,Epilepsy,0.8462277054786682
CN_PEKING_UNIVERSITY_9731cfbd6e,Epilepsy syndromes,0.48666006326675415
CN_PEKING_UNIVERSITY_9731cfbd6e,Etiology,0.5829571485519409
CN_PEKING_UNIVERSITY_9731cfbd6e,Generalized epilepsy,0.4336230754852295
CN_PEKING_UNIVERSITY_9731cfbd6e,Intensive care medicine,0.361179918050766
CN_PEKING_UNIVERSITY_9731cfbd6e,Linguistics,0.0
CN_PEKING_UNIVERSITY_9731cfbd6e,Medicine,0.5225409865379333
CN_PEKING_UNIVERSITY_9731cfbd6e,Pediatrics,0.3892921209335327
CN_PEKING_UNIVERSITY_9731cfbd6e,Philosophy,0.0
CN_PEKING_UNIVERSITY_9731cfbd6e,Psychiatry,0.3205186128616333
CN_PEKING_UNIVERSITY_9731cfbd6e,Terminology,0.7138856649398804
DE_EUROPEAN_MOLECULAR_BIOLOGY_LABORATORY_b836b8875b,1000 Genomes Project,0.6596741080284119
DE_EUROPEAN_MOLECULAR_BIOLOGY_LABORATORY_b836b8875b,Alternative medicine,0.0
DE_EUROPEAN_MOLECULAR_BIOLOGY_LABORATORY_b836b8875b,Bioconductor,0.8498334884643555
DE_EUROPEAN_MOLECULAR_BIOLOGY_LABORATORY_b836b8875b,Biology,2.3770896792411804
DE_EUROPEAN_MOLECULAR_BIOLOGY_LABORATORY_b836b8875b,Business,0.478975772857666
DE_EUROPEAN_MOLECULAR_BIOLOGY_LABORATORY_b836b8875b,Chemistry,0.41590768098831177
DE_EUROPEAN_MOLECULAR_BIOLOGY_LABORATORY_b836b8875b,Chromatography,0.1269339621067047
DE_EUROPEAN_MOLECULAR_BIOLOGY_LABORATORY_b836b8875b,Cluster analysis,0.4722900986671448
DE_EUROPEAN_MOLECULAR_BIOLOGY_LABORATORY_b836b8875b,Computational biology,2.3273912966251373
DE_EUROPEAN_MOLECULAR_BIOLOGY_LABORATORY_b836b8875b,Computational genomics,0.45843157172203064
DE_EUROPEAN_MOLECULAR_BIOLOGY_LABORATORY_b836b8875b,Computational statistics,0.514099657535553
DE_EUROPEAN_MOLECULAR_BIOLOGY_LABORATORY_b836b8875b,Computer science,1.4887312352657318
DE_EUROPEAN_MOLECULAR_BIOLOGY_LABORATORY_b836b8875b,Data curation,0.6775604486465454
DE_EUROPEAN_MOLECULAR_BIOLOGY_LABORATORY_b836b8875b,Data mining,0.9330770373344421
DE_EUROPEAN_MOLECULAR_BIOLOGY_LABORATORY_b836b8875b,Data science,0.4047073423862457
DE_EUROPEAN_MOLECULAR_BIOLOGY_LABORATORY_b836b8875b,Data sharing,0.4613611102104187
DE_EUROPEAN_MOLECULAR_BIOLOGY_LABORATORY_b836b8875b,Database,0.1752554476261139
DE_EUROPEAN_MOLECULAR_BIOLOGY_LABORATORY_b836b8875b,Evolutionary biology,0.32619136571884155
DE_EUROPEAN_MOLECULAR_BIOLOGY_LABORATORY_b836b8875b,Exome,0.4664895534515381
DE_EUROPEAN_MOLECULAR_BIOLOGY_LABORATORY_b836b8875b,Exome sequencing,0.5580496788024902
DE_EUROPEAN_MOLECULAR_BIOLOGY_LABORATORY_b836b8875b,Gene,0.5885239541530609
DE_EUROPEAN_MOLECULAR_BIOLOGY_LABORATORY_b836b8875b,Gene expression,0.0
DE_EUROPEAN_MOLECULAR_BIOLOGY_LABORATORY_b836b8875b,Gene ontology,0.41916584968566895
DE_EUROPEAN_MOLECULAR_BIOLOGY_LABORATORY_b836b8875b,Genetic variation,0.5792258381843567
DE_EUROPEAN_MOLECULAR_BIOLOGY_LABORATORY_b836b8875b,Genetics,1.2201793193817139
DE_EUROPEAN_MOLECULAR_BIOLOGY_LABORATORY_b836b8875b,Genome,1.667300671339035
DE_EUROPEAN_MOLECULAR_BIOLOGY_LABORATORY_b836b8875b,Genome Biology,0.44937777519226074
DE_EUROPEAN_MOLECULAR_BIOLOGY_LABORATORY_b836b8875b,Genome-wide association study,0.41653817892074585
DE_EUROPEAN_MOLECULAR_BIOLOGY_LABORATORY_b836b8875b,Genomics,0.6991724967956543
DE_EUROPEAN_MOLECULAR_BIOLOGY_LABORATORY_b836b8875b,Genotype,0.20878955721855164
DE_EUROPEAN_MOLECULAR_BIOLOGY_LABORATORY_b836b8875b,Genotyping,0.49519363045692444
DE_EUROPEAN_MOLECULAR_BIOLOGY_LABORATORY_b836b8875b,Haplotype,0.5297934412956238
DE_EUROPEAN_MOLECULAR_BIOLOGY_LABORATORY_b836b8875b,Human genetic variation,0.46719881892204285
DE_EUROPEAN_MOLECULAR_BIOLOGY_LABORATORY_b836b8875b,Human genome,0.4877665638923645
DE_EUROPEAN_MOLECULAR_BIOLOGY_LABORATORY_b836b8875b,Indel,0.5285143852233887
DE_EUROPEAN_MOLECULAR_BIOLOGY_LABORATORY_b836b8875b,Interaction network,0.4307992160320282
DE_EUROPEAN_MOLECULAR_BIOLOGY_LABORATORY_b836b8875b,KEGG,0.6750853061676025
DE_EUROPEAN_MOLECULAR_BIOLOGY_LABORATORY_b836b8875b,Machine learning,0.3041023015975952
DE_EUROPEAN_MOLECULAR_BIOLOGY_LABORATORY_b836b8875b,Mass spectrometry,0.4895699918270111
DE_EUROPEAN_MOLECULAR_BIOLOGY_LABORATORY_b836b8875b,Medicine,0.09025657176971436
DE_EUROPEAN_MOLECULAR_BIOLOGY_LABORATORY_b836b8875b,Mutation,0.16898080706596375
DE_EUROPEAN_MOLECULAR_BIOLOGY_LABORATORY_b836b8875b,Natural (archaeology),0.5419458150863647
DE_EUROPEAN_MOLECULAR_BIOLOGY_LABORATORY_b836b8875b,Paleontology,0.0
DE_EUROPEAN_MOLECULAR_BIOLOGY_LABORATORY_b836b8875b,Pathology,0.0
DE_EUROPEAN_MOLECULAR_BIOLOGY_LABORATORY_b836b8875b,Peptide sequence,0.0
DE_EUROPEAN_MOLECULAR_BIOLOGY_LABORATORY_b836b8875b,Physics,0.0
DE_EUROPEAN_MOLECULAR_BIOLOGY_LABORATORY_b836b8875b,Programming language,0.13948655128479004
DE_EUROPEAN_MOLECULAR_BIOLOGY_LABORATORY_b836b8875b,Quantum mechanics,0.0
DE_EUROPEAN_MOLECULAR_BIOLOGY_LABORATORY_b836b8875b,RNA-Seq,0.4489422142505646
DE_EUROPEAN_MOLECULAR_BIOLOGY_LABORATORY_b836b8875b,Reference genome,0.5823532938957214
DE_EUROPEAN_MOLECULAR_BIOLOGY_LABORATORY_b836b8875b,SNP genotyping,0.4226377606391907
DE_EUROPEAN_MOLECULAR_BIOLOGY_LABORATORY_b836b8875b,Scalability,0.6412444114685059
DE_EUROPEAN_MOLECULAR_BIOLOGY_LABORATORY_b836b8875b,Sequence alignment,0.4979557991027832
DE_EUROPEAN_MOLECULAR_BIOLOGY_LABORATORY_b836b8875b,Set (abstract data type),0.4162874221801758
DE_EUROPEAN_MOLECULAR_BIOLOGY_LABORATORY_b836b8875b,Single-nucleotide polymorphism,0.5544956922531128
DE_EUROPEAN_MOLECULAR_BIOLOGY_LABORATORY_b836b8875b,Software,0.5947965383529663
DE_EUROPEAN_MOLECULAR_BIOLOGY_LABORATORY_b836b8875b,String (physics),0.6766728758811951
DE_EUROPEAN_MOLECULAR_BIOLOGY_LABORATORY_b836b8875b,Structural variation,0.5155425071716309
DE_EUROPEAN_MOLECULAR_BIOLOGY_LABORATORY_b836b8875b,Tag SNP,0.4988093376159668
DE_EUROPEAN_MOLECULAR_BIOLOGY_LABORATORY_b836b8875b,Transcriptome,0.20087623596191406
DE_EUROPEAN_MOLECULAR_BIOLOGY_LABORATORY_b836b8875b,Visualization,0.5865323543548584
DE_EUROPEAN_MOLECULAR_BIOLOGY_LABORATORY_b836b8875b,World Wide Web,0.3699272871017456
DK_DK46837428_b6d1fc9584,Bioinformatics,0.2061787247657776
DK_DK46837428_b6d1fc9584,Biology,0.3179319202899933
DK_DK46837428_b6d1fc9584,Computational biology,0.5356760621070862
DK_DK46837428_b6d1fc9584,Computer science,0.581027090549469
DK_DK46837428_b6d1fc9584,Data science,0.3914947807788849
DK_DK46837428_b6d1fc9584,Database,0.15453827381134033
DK_DK46837428_b6d1fc9584,Extensibility,0.6170313954353333
DK_DK46837428_b6d1fc9584,Microbiome,0.7692012786865234
DK_DK46837428_b6d1fc9584,Programming language,0.11720123887062073
DK_DK46837428_b6d1fc9584,Scalability,0.6612159013748169
EG_CAIRO_UNIVERSITY_e3cb217700,Environmental health,0.40299588441848755
EG_CAIRO_UNIVERSITY_e3cb217700,Incidence (geometry),0.6343108415603638
EG_CAIRO_UNIVERSITY_e3cb217700,Medicine,0.7193319797515869
EG_CAIRO_UNIVERSITY_e3cb217700,Optics,0.0
EG_CAIRO_UNIVERSITY_e3cb217700,Pediatrics,0.3614473044872284
EG_CAIRO_UNIVERSITY_e3cb217700,Physics,0.0
ES_ESQ0618001B_33c52096fc,Environmental health,0.40299588441848755
ES_ESQ0618001B_33c52096fc,Incidence (geometry),0.6343108415603638
ES_ESQ0618001B_33c52096fc,Medicine,0.7193319797515869
ES_ESQ0618001B_33c52096fc,Optics,0.0
ES_ESQ0618001B_33c52096fc,Pediatrics,0.3614473044872284
ES_ESQ0618001B_33c52096fc,Physics,0.0
ES_ESQ3318001I_32bfb4bfd2,ATG8,0.5880008339881897
ES_ESQ3318001I_32bfb4bfd2,Apoptosis,0.0
ES_ESQ3318001I_32bfb4bfd2,Autophagosome,0.7631988525390625
ES_ESQ3318001I_32bfb4bfd2,Autophagy,0.9595129489898682
ES_ESQ3318001I_32bfb4bfd2,Biochemistry,0.2146838903427124
ES_ESQ3318001I_32bfb4bfd2,Biogenesis,0.5590387582778931
ES_ESQ3318001I_32bfb4bfd2,Biology,0.7072432041168213
ES_ESQ3318001I_32bfb4bfd2,Cell,0.2458903193473816
ES_ESQ3318001I_32bfb4bfd2,Cell biology,0.6620039939880371
ES_ESQ3318001I_32bfb4bfd2,Cytoplasm,0.1116902232170105
ES_ESQ3318001I_32bfb4bfd2,Gene,0.0
ES_ESQ3318001I_32bfb4bfd2,Intracellular,0.257116436958313
ES_ESQ3318001I_32bfb4bfd2,Multicellular organism,0.5740522146224976
ES_ESQ3318001I_32bfb4bfd2,Phagosome,0.5928187370300293
ES_ESQ3318001I_32bfb4bfd2,Vacuole,0.6125640869140625
ES_ESQ5018001G_174b662ab0,ATG8,0.5880008339881897
ES_ESQ5018001G_174b662ab0,Apoptosis,0.0
ES_ESQ5018001G_174b662ab0,Autophagosome,0.7631988525390625
ES_ESQ5018001G_174b662ab0,Autophagy,0.9595129489898682
ES_ESQ5018001G_174b662ab0,Biochemistry,0.2146838903427124
ES_ESQ5018001G_174b662ab0,Biogenesis,0.5590387582778931
ES_ESQ5018001G_174b662ab0,Biology,0.7072432041168213
ES_ESQ5018001G_174b662ab0,Cell,0.2458903193473816
ES_ESQ5018001G_174b662ab0,Cell biology,0.6620039939880371
ES_ESQ5018001G_174b662ab0,Cytoplasm,0.1116902232170105
ES_ESQ5018001G_174b662ab0,Gene,0.0
ES_ESQ5018001G_174b662ab0,Intracellular,0.257116436958313
ES_ESQ5018001G_174b662ab0,Multicellular organism,0.5740522146224976
ES_ESQ5018001G_174b662ab0,Phagosome,0.5928187370300293
ES_ESQ5018001G_174b662ab0,Vacuole,0.6125640869140625
ET_MEKELLE_UNIVERSITY_cc6e05f32f,Environmental health,0.40299588441848755
ET_MEKELLE_UNIVERSITY_cc6e05f32f,Incidence (geometry),0.6343108415603638
ET_MEKELLE_UNIVERSITY_cc6e05f32f,Medicine,0.7193319797515869
ET_MEKELLE_UNIVERSITY_cc6e05f32f,Optics,0.0
ET_MEKELLE_UNIVERSITY_cc6e05f32f,Pediatrics,0.3614473044872284
ET_MEKELLE_UNIVERSITY_cc6e05f32f,Physics,0.0
FR_FONDATION_FONDAMENTAL_dc2436982a,Biochemistry,0.31925010681152344
FR_FONDATION_FONDAMENTAL_dc2436982a,Biology,0.3684390187263489
FR_FONDATION_FONDAMENTAL_dc2436982a,Chemistry,0.48673394322395325
FR_FONDATION_FONDAMENTAL_dc2436982a,Excretion,0.42913007736206055
FR_FONDATION_FONDAMENTAL_dc2436982a,Internal medicine,0.3265484571456909
FR_FONDATION_FONDAMENTAL_dc2436982a,Medicine,0.18742215633392334
FR_FONDATION_FONDAMENTAL_dc2436982a,Metabolite,0.7409766912460327
FR_FONDATION_FONDAMENTAL_dc2436982a,Pharmacokinetics,0.4374104142189026
FR_FONDATION_FONDAMENTAL_dc2436982a,Pharmacology,0.5306289196014404
FR_FR01263500076_9648587bf8,Aesthetics,0.0
FR_FR01263500076_9648587bf8,Art,0.051440030336380005
FR_FR01263500076_9648587bf8,Biology,0.349374920129776
FR_FR01263500076_9648587bf8,Blood sugar,0.4526788890361786
FR_FR01263500076_9648587bf8,Carbohydrate metabolism,0.49874329566955566
FR_FR01263500076_9648587bf8,Chemistry,0.32783451676368713
FR_FR01263500076_9648587bf8,Consumption (sociology),0.4380101263523102
FR_FR01263500076_9648587bf8,Diabetes mellitus,0.39639055728912354
FR_FR01263500076_9648587bf8,Endocrinology,0.3982633650302887
FR_FR01263500076_9648587bf8,Food science,0.35726198554039
FR_FR01263500076_9648587bf8,Insulin,0.5165402293205261
FR_FR01263500076_9648587bf8,Insulin resistance,0.215687096118927
FR_FR01263500076_9648587bf8,Insulin sensitivity,0.7484523057937622
FR_FR01263500076_9648587bf8,Internal medicine,0.36532115936279297
FR_FR01263500076_9648587bf8,Medicine,0.34066125750541687
FR_FR01263500076_9648587bf8,Metabolism,0.4800609052181244
FR_FR01263500076_9648587bf8,Sugar,0.5783707499504089
FR_FR65775684897_82f8f3d383,ATG8,0.5880008339881897
FR_FR65775684897_82f8f3d383,Apoptosis,0.0
FR_FR65775684897_82f8f3d383,Autophagosome,0.7631988525390625
FR_FR65775684897_82f8f3d383,Autophagy,0.9595129489898682
FR_FR65775684897_82f8f3d383,Biochemistry,0.2146838903427124
FR_FR65775684897_82f8f3d383,Biogenesis,0.5590387582778931
FR_FR65775684897_82f8f3d383,Bioinformatics,0.26249778270721436
FR_FR65775684897_82f8f3d383,Biology,1.124685823917389
FR_FR65775684897_82f8f3d383,Cell,0.2458903193473816
FR_FR65775684897_82f8f3d383,Cell biology,0.6620039939880371
FR_FR65775684897_82f8f3d383,Computational biology,0.3452475666999817
FR_FR65775684897_82f8f3d383,Coronavirus,0.6540268659591675
FR_FR65775684897_82f8f3d383,Coronavirus disease 2019 (COVID-19),0.33621060848236084
FR_FR65775684897_82f8f3d383,Cytoplasm,0.1116902232170105
FR_FR65775684897_82f8f3d383,Disease,0.2564946413040161
FR_FR65775684897_82f8f3d383,Drug,0.5045536756515503
FR_FR65775684897_82f8f3d383,Drug discovery,0.47643929719924927
FR_FR65775684897_82f8f3d383,Drug repositioning,0.746538519859314
FR_FR65775684897_82f8f3d383,Druggability,0.6507171988487244
FR_FR65775684897_82f8f3d383,Ecology,0.0
FR_FR65775684897_82f8f3d383,Gene,0.150552898645401
FR_FR65775684897_82f8f3d383,Genetics,0.10265854001045227
FR_FR65775684897_82f8f3d383,Infectious disease (medical specialty),0.17251139879226685
FR_FR65775684897_82f8f3d383,Intracellular,0.257116436958313
FR_FR65775684897_82f8f3d383,Medicine,0.38827118277549744
FR_FR65775684897_82f8f3d383,Multicellular organism,0.5740522146224976
FR_FR65775684897_82f8f3d383,Pathology,0.0
FR_FR65775684897_82f8f3d383,Phagosome,0.5928187370300293
FR_FR65775684897_82f8f3d383,Pharmacology,0.391005277633667
FR_FR65775684897_82f8f3d383,Repurposing,0.6380376815795898
FR_FR65775684897_82f8f3d383,Severe acute respiratory syndrome coronavirus 2 (SARS-CoV-2),0.44664815068244934
FR_FR65775684897_82f8f3d383,Vacuole,0.6125640869140625
FR_FR65775684897_82f8f3d383,Virology,0.5317579507827759
FR_FR91775741101_c36e058a63,Acquired immune system,0.4240874946117401
FR_FR91775741101_c36e058a63,Allele,0.0
FR_FR91775741101_c36e058a63,Antigen,0.5615984797477722
FR_FR91775741101_c36e058a63,Biochemistry,0.0
FR_FR91775741101_c36e058a63,Bioinformatics,0.3672928810119629
FR_FR91775741101_c36e058a63,Biology,0.9222550690174103
FR_FR91775741101_c36e058a63,Blockade,0.5813555121421814
FR_FR91775741101_c36e058a63,CD8,0.6268021464347839
FR_FR91775741101_c36e058a63,Cancer,0.42249488830566406
FR_FR91775741101_c36e058a63,Cancer research,0.9853962957859039
FR_FR91775741101_c36e058a63,Colorectal cancer,0.6262069940567017
FR_FR91775741101_c36e058a63,Computational biology,0.42050012946128845
FR_FR91775741101_c36e058a63,Cytotoxic T cell,0.4657488763332367
FR_FR91775741101_c36e058a63,Gene,0.26507022976875305
FR_FR91775741101_c36e058a63,Genetics,0.2373599112033844
FR_FR91775741101_c36e058a63,Immune checkpoint,0.4927540123462677
FR_FR91775741101_c36e058a63,Immune system,0.7027936577796936
FR_FR91775741101_c36e058a63,Immunology,0.4242251515388489
FR_FR91775741101_c36e058a63,Immunotherapy,0.4623293876647949
FR_FR91775741101_c36e058a63,In vitro,0.0
FR_FR91775741101_c36e058a63,Internal medicine,0.18885284662246704
FR_FR91775741101_c36e058a63,Medicine,0.6727893948554993
FR_FR91775741101_c36e058a63,Melanoma,0.45941174030303955
FR_FR91775741101_c36e058a63,Microsatellite,0.10076811909675598
FR_FR91775741101_c36e058a63,Microsatellite instability,0.757904589176178
FR_FR91775741101_c36e058a63,PD-L1,0.6390803456306458
FR_FR91775741101_c36e058a63,Pembrolizumab,0.5078549981117249
FR_FR91775741101_c36e058a63,Receptor,0.3067290186882019
FR_FR91775741101_c36e058a63,Stromal cell,0.456010639667511
FR_FR91775741101_c36e058a63,T cell,0.4680615961551666
FR_FR91775741101_c36e058a63,T-cell receptor,0.47009870409965515
FR_FR91775741101_c36e058a63,Wnt signaling pathway,0.5971936583518982
HK_CITY_UNIVERSITY_OF_HONG_KONG_250abbcfe6,Allele,0.0
HK_CITY_UNIVERSITY_OF_HONG_KONG_250abbcfe6,Bioinformatics,0.3672928810119629
HK_CITY_UNIVERSITY_OF_HONG_KONG_250abbcfe6,Biology,0.4896116852760315
HK_CITY_UNIVERSITY_OF_HONG_KONG_250abbcfe6,Cancer,0.42249488830566406
HK_CITY_UNIVERSITY_OF_HONG_KONG_250abbcfe6,Cancer research,0.4528168737888336
HK_CITY_UNIVERSITY_OF_HONG_KONG_250abbcfe6,Colorectal cancer,0.6262069940567017
HK_CITY_UNIVERSITY_OF_HONG_KONG_250abbcfe6,Computational biology,0.42050012946128845
HK_CITY_UNIVERSITY_OF_HONG_KONG_250abbcfe6,Gene,0.26507022976875305
HK_CITY_UNIVERSITY_OF_HONG_KONG_250abbcfe6,Genetics,0.2373599112033844
HK_CITY_UNIVERSITY_OF_HONG_KONG_250abbcfe6,Medicine,0.33396297693252563
HK_CITY_UNIVERSITY_OF_HONG_KONG_250abbcfe6,Microsatellite,0.10076811909675598
HK_CITY_UNIVERSITY_OF_HONG_KONG_250abbcfe6,Microsatellite instability,0.757904589176178
HK_CITY_UNIVERSITY_OF_HONG_KONG_250abbcfe6,Stromal cell,0.456010639667511
HK_CITY_UNIVERSITY_OF_HONG_KONG_250abbcfe6,Wnt signaling pathway,0.5971936583518982
HK_HONG_KONG_BAPTIST_UNIVERSITY_d3d605d78f,Biochemical engineering,0.40951111912727356
HK_HONG_KONG_BAPTIST_UNIVERSITY_d3d605d78f,Biochemistry,0.0
HK_HONG_KONG_BAPTIST_UNIVERSITY_d3d605d78f,Bioinformatics,0.16434717178344727
HK_HONG_KONG_BAPTIST_UNIVERSITY_d3d605d78f,Biology,0.22502821683883667
HK_HONG_KONG_BAPTIST_UNIVERSITY_d3d605d78f,Biotechnology,0.43968719244003296
HK_HONG_KONG_BAPTIST_UNIVERSITY_d3d605d78f,Business,0.2945111393928528
HK_HONG_KONG_BAPTIST_UNIVERSITY_d3d605d78f,Computer science,0.3724450469017029
HK_HONG_KONG_BAPTIST_UNIVERSITY_d3d605d78f,Data science,0.4231951832771301
HK_HONG_KONG_BAPTIST_UNIVERSITY_d3d605d78f,Drug discovery,0.689194917678833
HK_HONG_KONG_BAPTIST_UNIVERSITY_d3d605d78f,Engineering,0.273059219121933
HK_HONG_KONG_BAPTIST_UNIVERSITY_d3d605d78f,Isolation (microbiology),0.510489821434021
HK_HONG_KONG_BAPTIST_UNIVERSITY_d3d605d78f,Natural (archaeology),0.47912073135375977
HK_HONG_KONG_BAPTIST_UNIVERSITY_d3d605d78f,Natural product,0.476485937833786
HK_HONG_KONG_BAPTIST_UNIVERSITY_d3d605d78f,Paleontology,0.0
HK_HONG_KONG_BAPTIST_UNIVERSITY_d3d605d78f,Pharmaceutical industry,0.4850582182407379
HK_HONG_KONG_BAPTIST_UNIVERSITY_d3d605d78f,Risk analysis (engineering),0.4975621998310089
HK_HONG_KONG_UNIVERSITY_OF_SCIENCE_AND_TECHNOLOGY_52ea135e0b,1000 Genomes Project,0.4982619285583496
HK_HONG_KONG_UNIVERSITY_OF_SCIENCE_AND_TECHNOLOGY_52ea135e0b,Allele,0.28274089097976685
HK_HONG_KONG_UNIVERSITY_OF_SCIENCE_AND_TECHNOLOGY_52ea135e0b,Biology,1.1328806281089783
HK_HONG_KONG_UNIVERSITY_OF_SCIENCE_AND_TECHNOLOGY_52ea135e0b,Computational biology,0.49732473492622375
HK_HONG_KONG_UNIVERSITY_OF_SCIENCE_AND_TECHNOLOGY_52ea135e0b,DNA,0.2062108814716339
HK_HONG_KONG_UNIVERSITY_OF_SCIENCE_AND_TECHNOLOGY_52ea135e0b,DNA sequencing,0.5021266937255859
HK_HONG_KONG_UNIVERSITY_OF_SCIENCE_AND_TECHNOLOGY_52ea135e0b,Demography,0.06448188424110413
HK_HONG_KONG_UNIVERSITY_OF_SCIENCE_AND_TECHNOLOGY_52ea135e0b,Evolutionary biology,0.87722048163414
HK_HONG_KONG_UNIVERSITY_OF_SCIENCE_AND_TECHNOLOGY_52ea135e0b,Gene,0.41169488430023193
HK_HONG_KONG_UNIVERSITY_OF_SCIENCE_AND_TECHNOLOGY_52ea135e0b,Genetic association,0.5103368163108826
HK_HONG_KONG_UNIVERSITY_OF_SCIENCE_AND_TECHNOLOGY_52ea135e0b,Genetics,1.0692586600780487
HK_HONG_KONG_UNIVERSITY_OF_SCIENCE_AND_TECHNOLOGY_52ea135e0b,Genome,0.47583794593811035
HK_HONG_KONG_UNIVERSITY_OF_SCIENCE_AND_TECHNOLOGY_52ea135e0b,Genotype,0.47730299830436707
HK_HONG_KONG_UNIVERSITY_OF_SCIENCE_AND_TECHNOLOGY_52ea135e0b,Genotyping,0.4928562641143799
HK_HONG_KONG_UNIVERSITY_OF_SCIENCE_AND_TECHNOLOGY_52ea135e0b,Geography,0.3386346101760864
HK_HONG_KONG_UNIVERSITY_OF_SCIENCE_AND_TECHNOLOGY_52ea135e0b,Haplotype,0.5807740092277527
HK_HONG_KONG_UNIVERSITY_OF_SCIENCE_AND_TECHNOLOGY_52ea135e0b,Human genome,0.6060408353805542
HK_HONG_KONG_UNIVERSITY_OF_SCIENCE_AND_TECHNOLOGY_52ea135e0b,Imputation (statistics),0.7386645078659058
HK_HONG_KONG_UNIVERSITY_OF_SCIENCE_AND_TECHNOLOGY_52ea135e0b,International HapMap Project,1.8149189949035645
HK_HONG_KONG_UNIVERSITY_OF_SCIENCE_AND_TECHNOLOGY_52ea135e0b,Linkage disequilibrium,0.8043128848075867
HK_HONG_KONG_UNIVERSITY_OF_SCIENCE_AND_TECHNOLOGY_52ea135e0b,Mathematics,0.06528967618942261
HK_HONG_KONG_UNIVERSITY_OF_SCIENCE_AND_TECHNOLOGY_52ea135e0b,Missing data,0.13052093982696533
HK_HONG_KONG_UNIVERSITY_OF_SCIENCE_AND_TECHNOLOGY_52ea135e0b,Population,0.4696938991546631
HK_HONG_KONG_UNIVERSITY_OF_SCIENCE_AND_TECHNOLOGY_52ea135e0b,SNP genotyping,0.4331549406051636
HK_HONG_KONG_UNIVERSITY_OF_SCIENCE_AND_TECHNOLOGY_52ea135e0b,Sequence (biology),0.5314375758171082
HK_HONG_KONG_UNIVERSITY_OF_SCIENCE_AND_TECHNOLOGY_52ea135e0b,Single-nucleotide polymorphism,0.7710405588150024
HK_HONG_KONG_UNIVERSITY_OF_SCIENCE_AND_TECHNOLOGY_52ea135e0b,Sociology,0.0
HK_HONG_KONG_UNIVERSITY_OF_SCIENCE_AND_TECHNOLOGY_52ea135e0b,Statistics,0.11003485321998596
HK_HONG_KONG_UNIVERSITY_OF_SCIENCE_AND_TECHNOLOGY_52ea135e0b,Tag SNP,0.4454082250595093
IE_DEPARTMENT_OF_HEALTH_ab37187665,Alternative medicine,0.0
IE_DEPARTMENT_OF_HEALTH_ab37187665,Biology,0.22491663694381714
IE_DEPARTMENT_OF_HEALTH_ab37187665,Business,0.478975772857666
IE_DEPARTMENT_OF_HEALTH_ab37187665,Chemistry,0.41590768098831177
IE_DEPARTMENT_OF_HEALTH_ab37187665,Chromatography,0.1269339621067047
IE_DEPARTMENT_OF_HEALTH_ab37187665,Computational biology,0.41906023025512695
IE_DEPARTMENT_OF_HEALTH_ab37187665,Computer science,0.28377848863601685
IE_DEPARTMENT_OF_HEALTH_ab37187665,Data curation,0.6775604486465454
IE_DEPARTMENT_OF_HEALTH_ab37187665,Data science,0.4047073423862457
IE_DEPARTMENT_OF_HEALTH_ab37187665,Data sharing,0.4613611102104187
IE_DEPARTMENT_OF_HEALTH_ab37187665,Mass spectrometry,0.4895699918270111
IE_DEPARTMENT_OF_HEALTH_ab37187665,Medicine,0.09025657176971436
IE_DEPARTMENT_OF_HEALTH_ab37187665,Natural (archaeology),0.5419458150863647
IE_DEPARTMENT_OF_HEALTH_ab37187665,Paleontology,0.0
IE_DEPARTMENT_OF_HEALTH_ab37187665,Pathology,0.0
IE_DEPARTMENT_OF_HEALTH_ab37187665,World Wide Web,0.3699272871017456
IE_IE6606490B_1116591dd6,Attributable risk,0.6161518692970276
IE_IE6606490B_1116591dd6,Burden of disease,0.7023000121116638
IE_IE6606490B_1116591dd6,Computer science,0.0
IE_IE6606490B_1116591dd6,Computer security,0.0
IE_IE6606490B_1116591dd6,Confidence interval,0.2946649193763733
IE_IE6606490B_1116591dd6,Demography,0.3464873433113098
IE_IE6606490B_1116591dd6,Disability-adjusted life year,0.5846619009971619
IE_IE6606490B_1116591dd6,Disease,0.49889111518859863
IE_IE6606490B_1116591dd6,Disease burden,0.6051012277603149
IE_IE6606490B_1116591dd6,Environmental health,0.7141213417053223
IE_IE6606490B_1116591dd6,Internal medicine,0.0
IE_IE6606490B_1116591dd6,Life expectancy,0.27504870295524597
IE_IE6606490B_1116591dd6,Medicine,0.7390699982643127
IE_IE6606490B_1116591dd6,Pathology,0.0
IE_IE6606490B_1116591dd6,Population,0.16413837671279907
IE_IE6606490B_1116591dd6,Relative risk,0.5610102415084839
IE_IE6606490B_1116591dd6,Risk assessment,0.5756056904792786
IE_IE6606490B_1116591dd6,Risk factor,0.5091940760612488
IE_IE6606490B_1116591dd6,Sociology,0.0
IE_IE6606490B_1116591dd6,Years of potential life lost,0.5815194249153137
IL_IL500701644_4280cc3b89,ATG8,0.5880008339881897
IL_IL500701644_4280cc3b89,Apoptosis,0.0
IL_IL500701644_4280cc3b89,Autophagosome,0.7631988525390625
IL_IL500701644_4280cc3b89,Autophagy,0.9595129489898682
IL_IL500701644_4280cc3b89,Biochemistry,0.2146838903427124
IL_IL500701644_4280cc3b89,Biogenesis,0.5590387582778931
IL_IL500701644_4280cc3b89,Biology,0.7072432041168213
IL_IL500701644_4280cc3b89,Cell,0.2458903193473816
IL_IL500701644_4280cc3b89,Cell biology,0.6620039939880371
IL_IL500701644_4280cc3b89,Cytoplasm,0.1116902232170105
IL_IL500701644_4280cc3b89,Gene,0.0
IL_IL500701644_4280cc3b89,Intracellular,0.257116436958313
IL_IL500701644_4280cc3b89,Multicellular organism,0.5740522146224976
IL_IL500701644_4280cc3b89,Phagosome,0.5928187370300293
IL_IL500701644_4280cc3b89,Vacuole,0.6125640869140625
IL_IL520016858_283f994fa2,ATG8,0.5880008339881897
IL_IL520016858_283f994fa2,Alzheimer's disease,0.5227763056755066
IL_IL520016858_283f994fa2,Apoptosis,0.0
IL_IL520016858_283f994fa2,Autophagosome,0.7631988525390625
IL_IL520016858_283f994fa2,Autophagy,0.9595129489898682
IL_IL520016858_283f994fa2,Biochemical engineering,0.40951111912727356
IL_IL520016858_283f994fa2,Biochemistry,0.2146838903427124
IL_IL520016858_283f994fa2,Biogenesis,0.5590387582778931
IL_IL520016858_283f994fa2,Bioinformatics,0.16434717178344727
IL_IL520016858_283f994fa2,Biology,1.7449596524238586
IL_IL520016858_283f994fa2,Biotechnology,0.43968719244003296
IL_IL520016858_283f994fa2,Business,0.2945111393928528
IL_IL520016858_283f994fa2,Cell,0.657773494720459
IL_IL520016858_283f994fa2,Cell biology,1.0760127305984497
IL_IL520016858_283f994fa2,Cell type,0.5750653743743896
IL_IL520016858_283f994fa2,Computer science,0.3724450469017029
IL_IL520016858_283f994fa2,Cytoplasm,0.1116902232170105
IL_IL520016858_283f994fa2,Data science,0.4231951832771301
IL_IL520016858_283f994fa2,Disease,0.4417915344238281
IL_IL520016858_283f994fa2,Downregulation and upregulation,0.563728392124176
IL_IL520016858_283f994fa2,Drug discovery,0.689194917678833
IL_IL520016858_283f994fa2,Engineering,0.273059219121933
IL_IL520016858_283f994fa2,Gene,0.11412221193313599
IL_IL520016858_283f994fa2,Genetically modified mouse,0.46333611011505127
IL_IL520016858_283f994fa2,Genetics,0.11994817852973938
IL_IL520016858_283f994fa2,Immune system,0.5428611636161804
IL_IL520016858_283f994fa2,Immunology,0.39849263429641724
IL_IL520016858_283f994fa2,Inflammation,0.24170833826065063
IL_IL520016858_283f994fa2,Intracellular,0.6759285032749176
IL_IL520016858_283f994fa2,Isolation (microbiology),0.510489821434021
IL_IL520016858_283f994fa2,Medicine,0.10333186388015747
IL_IL520016858_283f994fa2,Microglia,0.9628153443336487
IL_IL520016858_283f994fa2,Multicellular organism,0.5740522146224976
IL_IL520016858_283f994fa2,Natural (archaeology),0.47912073135375977
IL_IL520016858_283f994fa2,Natural product,0.476485937833786
IL_IL520016858_283f994fa2,Neurodegeneration,0.8356122374534607
IL_IL520016858_283f994fa2,Neuroscience,0.4673400819301605
IL_IL520016858_283f994fa2,Paleontology,0.0
IL_IL520016858_283f994fa2,Pathology,0.155490905046463
IL_IL520016858_283f994fa2,Phagosome,0.5928187370300293
IL_IL520016858_283f994fa2,Pharmaceutical industry,0.4850582182407379
IL_IL520016858_283f994fa2,Receptor,0.4100508391857147
IL_IL520016858_283f994fa2,Risk analysis (engineering),0.4975621998310089
IL_IL520016858_283f994fa2,TREM2,0.9765256643295288
IL_IL520016858_283f994fa2,Transgene,0.3834156095981598
IL_IL520016858_283f994fa2,Vacuole,0.6125640869140625
IL_IL589931187_ac5345756d,ATG8,0.5880008339881897
IL_IL589931187_ac5345756d,Apoptosis,0.0
IL_IL589931187_ac5345756d,Autophagosome,0.7631988525390625
IL_IL589931187_ac5345756d,Autophagy,0.9595129489898682
IL_IL589931187_ac5345756d,Biochemistry,0.2146838903427124
IL_IL589931187_ac5345756d,Biogenesis,0.5590387582778931
IL_IL589931187_ac5345756d,Biology,0.7072432041168213
IL_IL589931187_ac5345756d,Cell,0.2458903193473816
IL_IL589931187_ac5345756d,Cell biology,0.6620039939880371
IL_IL589931187_ac5345756d,Cytoplasm,0.1116902232170105
IL_IL589931187_ac5345756d,Gene,0.0
IL_IL589931187_ac5345756d,Intracellular,0.257116436958313
IL_IL589931187_ac5345756d,Multicellular organism,0.5740522146224976
IL_IL589931187_ac5345756d,Phagosome,0.5928187370300293
IL_IL589931187_ac5345756d,Vacuole,0.6125640869140625
IL_MINISTRY_OF_HEALTH_87a1a6ea6d,Attributable risk,0.6161518692970276
IL_MINISTRY_OF_HEALTH_87a1a6ea6d,Burden of disease,0.7023000121116638
IL_MINISTRY_OF_HEALTH_87a1a6ea6d,Cause of death,0.5558197498321533
IL_MINISTRY_OF_HEALTH_87a1a6ea6d,Computer science,0.0
IL_MINISTRY_OF_HEALTH_87a1a6ea6d,Computer security,0.0
IL_MINISTRY_OF_HEALTH_87a1a6ea6d,Confidence interval,0.2946649193763733
IL_MINISTRY_OF_HEALTH_87a1a6ea6d,Covariate,0.6156277656555176
IL_MINISTRY_OF_HEALTH_87a1a6ea6d,Demography,0.8899788856506348
IL_MINISTRY_OF_HEALTH_87a1a6ea6d,Disability-adjusted life year,0.5846619009971619
IL_MINISTRY_OF_HEALTH_87a1a6ea6d,Disease,0.8987853825092316
IL_MINISTRY_OF_HEALTH_87a1a6ea6d,Disease burden,0.6051012277603149
IL_MINISTRY_OF_HEALTH_87a1a6ea6d,Environmental health,0.7141213417053223
IL_MINISTRY_OF_HEALTH_87a1a6ea6d,Internal medicine,0.0
IL_MINISTRY_OF_HEALTH_87a1a6ea6d,Life expectancy,0.27504870295524597
IL_MINISTRY_OF_HEALTH_87a1a6ea6d,Mathematics,0.15310701727867126
IL_MINISTRY_OF_HEALTH_87a1a6ea6d,Medicine,1.2570818662643433
IL_MINISTRY_OF_HEALTH_87a1a6ea6d,Missing data,0.43697911500930786
IL_MINISTRY_OF_HEALTH_87a1a6ea6d,Pathology,0.0
IL_MINISTRY_OF_HEALTH_87a1a6ea6d,Population,0.16413837671279907
IL_MINISTRY_OF_HEALTH_87a1a6ea6d,Relative risk,0.5610102415084839
IL_MINISTRY_OF_HEALTH_87a1a6ea6d,Risk assessment,0.5756056904792786
IL_MINISTRY_OF_HEALTH_87a1a6ea6d,Risk factor,0.5091940760612488
IL_MINISTRY_OF_HEALTH_87a1a6ea6d,Sociology,0.0
IL_MINISTRY_OF_HEALTH_87a1a6ea6d,Statistics,0.4522966146469116
IL_MINISTRY_OF_HEALTH_87a1a6ea6d,Years of potential life lost,0.5815194249153137
IL_UNIVERSITY_OF_HAIFA_231557c343,Annotation,0.621225893497467
IL_UNIVERSITY_OF_HAIFA_231557c343,Biology,0.6265080571174622
IL_UNIVERSITY_OF_HAIFA_231557c343,Computational biology,0.624434232711792
IL_UNIVERSITY_OF_HAIFA_231557c343,Exome,0.4622931182384491
IL_UNIVERSITY_OF_HAIFA_231557c343,Exome sequencing,0.5792765021324158
IL_UNIVERSITY_OF_HAIFA_231557c343,Function (biology),0.4226640462875366
IL_UNIVERSITY_OF_HAIFA_231557c343,Gene,0.6953994631767273
IL_UNIVERSITY_OF_HAIFA_231557c343,Genetics,0.5423324108123779
IL_UNIVERSITY_OF_HAIFA_231557c343,Genome,0.6605028510093689
IL_UNIVERSITY_OF_HAIFA_231557c343,Human genome,0.5655359029769897
IL_UNIVERSITY_OF_HAIFA_231557c343,Loss function,0.4619614779949188
IL_UNIVERSITY_OF_HAIFA_231557c343,Mutation,0.41175058484077454
IL_UNIVERSITY_OF_HAIFA_231557c343,Phenotype,0.44457441568374634
IR_TEHRAN_UNIVERSITY_OF_MEDICAL_SCIENCES_55cc3b7015,Attributable risk,0.6161518692970276
IR_TEHRAN_UNIVERSITY_OF_MEDICAL_SCIENCES_55cc3b7015,Burden of disease,0.7023000121116638
IR_TEHRAN_UNIVERSITY_OF_MEDICAL_SCIENCES_55cc3b7015,Computer science,0.0
IR_TEHRAN_UNIVERSITY_OF_MEDICAL_SCIENCES_55cc3b7015,Computer security,0.0
IR_TEHRAN_UNIVERSITY_OF_MEDICAL_SCIENCES_55cc3b7015,Confidence interval,0.2946649193763733
IR_TEHRAN_UNIVERSITY_OF_MEDICAL_SCIENCES_55cc3b7015,Demography,0.3464873433113098
IR_TEHRAN_UNIVERSITY_OF_MEDICAL_SCIENCES_55cc3b7015,Disability-adjusted life year,0.5846619009971619
IR_TEHRAN_UNIVERSITY_OF_MEDICAL_SCIENCES_55cc3b7015,Disease,0.49889111518859863
IR_TEHRAN_UNIVERSITY_OF_MEDICAL_SCIENCES_55cc3b7015,Disease burden,0.6051012277603149
IR_TEHRAN_UNIVERSITY_OF_MEDICAL_SCIENCES_55cc3b7015,Environmental health,0.7141213417053223
IR_TEHRAN_UNIVERSITY_OF_MEDICAL_SCIENCES_55cc3b7015,Internal medicine,0.0
IR_TEHRAN_UNIVERSITY_OF_MEDICAL_SCIENCES_55cc3b7015,Life expectancy,0.27504870295524597
IR_TEHRAN_UNIVERSITY_OF_MEDICAL_SCIENCES_55cc3b7015,Medicine,0.7390699982643127
IR_TEHRAN_UNIVERSITY_OF_MEDICAL_SCIENCES_55cc3b7015,Pathology,0.0
IR_TEHRAN_UNIVERSITY_OF_MEDICAL_SCIENCES_55cc3b7015,Population,0.16413837671279907
IR_TEHRAN_UNIVERSITY_OF_MEDICAL_SCIENCES_55cc3b7015,Relative risk,0.5610102415084839
IR_TEHRAN_UNIVERSITY_OF_MEDICAL_SCIENCES_55cc3b7015,Risk assessment,0.5756056904792786
IR_TEHRAN_UNIVERSITY_OF_MEDICAL_SCIENCES_55cc3b7015,Risk factor,0.5091940760612488
IR_TEHRAN_UNIVERSITY_OF_MEDICAL_SCIENCES_55cc3b7015,Sociology,0.0
IR_TEHRAN_UNIVERSITY_OF_MEDICAL_SCIENCES_55cc3b7015,Years of potential life lost,0.5815194249153137
IT_IT00577500101_1fd4e9d2a5,ATG8,0.5880008339881897
IT_IT00577500101_1fd4e9d2a5,Apoptosis,0.0
IT_IT00577500101_1fd4e9d2a5,Autophagosome,0.7631988525390625
IT_IT00577500101_1fd4e9d2a5,Autophagy,0.9595129489898682
IT_IT00577500101_1fd4e9d2a5,Biochemistry,0.2146838903427124
IT_IT00577500101_1fd4e9d2a5,Biogenesis,0.5590387582778931
IT_IT00577500101_1fd4e9d2a5,Biology,0.7072432041168213
IT_IT00577500101_1fd4e9d2a5,Cell,0.2458903193473816
IT_IT00577500101_1fd4e9d2a5,Cell biology,0.6620039939880371
IT_IT00577500101_1fd4e9d2a5,Cytoplasm,0.1116902232170105
IT_IT00577500101_1fd4e9d2a5,Gene,0.0
IT_IT00577500101_1fd4e9d2a5,Intracellular,0.257116436958313
IT_IT00577500101_1fd4e9d2a5,Multicellular organism,0.5740522146224976
IT_IT00577500101_1fd4e9d2a5,Phagosome,0.5928187370300293
IT_IT00577500101_1fd4e9d2a5,Vacuole,0.6125640869140625
IT_IT04724150968_e726511201,Alzheimer's disease,0.5946179032325745
IT_IT04724150968_e726511201,Apolipoprotein E,0.6543006896972656
IT_IT04724150968_e726511201,Biology,0.6411768794059753
IT_IT04724150968_e726511201,Disease,0.6438267230987549
IT_IT04724150968_e726511201,Gene,0.16717469692230225
IT_IT04724150968_e726511201,Genetic association,0.5599405765533447
IT_IT04724150968_e726511201,Genetics,0.5480074286460876
IT_IT04724150968_e726511201,Genome-wide association study,0.8586184978485107
IT_IT04724150968_e726511201,Genotype,0.2509271502494812
IT_IT04724150968_e726511201,Internal medicine,0.1625942885875702
IT_IT04724150968_e726511201,Locus (genetics),0.4755289852619171
IT_IT04724150968_e726511201,Medicine,0.17154410481452942
IT_IT04724150968_e726511201,Meta-analysis,0.5327674746513367
IT_IT04724150968_e726511201,Single-nucleotide polymorphism,0.6837853789329529
IT_IT05692831000_8816e73e48,Alzheimer's disease,0.5946179032325745
IT_IT05692831000_8816e73e48,Apolipoprotein E,0.6543006896972656
IT_IT05692831000_8816e73e48,Biology,0.6411768794059753
IT_IT05692831000_8816e73e48,Disease,0.6438267230987549
IT_IT05692831000_8816e73e48,Gene,0.16717469692230225
IT_IT05692831000_8816e73e48,Genetic association,0.5599405765533447
IT_IT05692831000_8816e73e48,Genetics,0.5480074286460876
IT_IT05692831000_8816e73e48,Genome-wide association study,0.8586184978485107
IT_IT05692831000_8816e73e48,Genotype,0.2509271502494812
IT_IT05692831000_8816e73e48,Internal medicine,0.1625942885875702
IT_IT05692831000_8816e73e48,Locus (genetics),0.4755289852619171
IT_IT05692831000_8816e73e48,Medicine,0.17154410481452942
IT_IT05692831000_8816e73e48,Meta-analysis,0.5327674746513367
IT_IT05692831000_8816e73e48,Single-nucleotide polymorphism,0.6837853789329529
JP_KYOTO_UNIVERSITY_eab5f80be0,1000 Genomes Project,0.4982619285583496
JP_KYOTO_UNIVERSITY_eab5f80be0,ATG8,0.5880008339881897
JP_KYOTO_UNIVERSITY_eab5f80be0,Apoptosis,0.0
JP_KYOTO_UNIVERSITY_eab5f80be0,Autophagosome,0.7631988525390625
JP_KYOTO_UNIVERSITY_eab5f80be0,Autophagy,0.9595129489898682
JP_KYOTO_UNIVERSITY_eab5f80be0,Biochemistry,0.2146838903427124
JP_KYOTO_UNIVERSITY_eab5f80be0,Biogenesis,0.5590387582778931
JP_KYOTO_UNIVERSITY_eab5f80be0,Biology,1.1611500978469849
JP_KYOTO_UNIVERSITY_eab5f80be0,Cell,0.2458903193473816
JP_KYOTO_UNIVERSITY_eab5f80be0,Cell biology,0.6620039939880371
JP_KYOTO_UNIVERSITY_eab5f80be0,Computational biology,0.49732473492622375
JP_KYOTO_UNIVERSITY_eab5f80be0,Cytoplasm,0.1116902232170105
JP_KYOTO_UNIVERSITY_eab5f80be0,DNA,0.2062108814716339
JP_KYOTO_UNIVERSITY_eab5f80be0,DNA sequencing,0.5021266937255859
JP_KYOTO_UNIVERSITY_eab5f80be0,Evolutionary biology,0.44167560338974
JP_KYOTO_UNIVERSITY_eab5f80be0,Gene,0.17380130290985107
JP_KYOTO_UNIVERSITY_eab5f80be0,Genetics,0.4306437075138092
JP_KYOTO_UNIVERSITY_eab5f80be0,Genome,0.47583794593811035
JP_KYOTO_UNIVERSITY_eab5f80be0,Genotype,0.306592732667923
JP_KYOTO_UNIVERSITY_eab5f80be0,Geography,0.3386346101760864
JP_KYOTO_UNIVERSITY_eab5f80be0,Human genome,0.6060408353805542
JP_KYOTO_UNIVERSITY_eab5f80be0,International HapMap Project,0.984015941619873
JP_KYOTO_UNIVERSITY_eab5f80be0,Intracellular,0.257116436958313
JP_KYOTO_UNIVERSITY_eab5f80be0,Multicellular organism,0.5740522146224976
JP_KYOTO_UNIVERSITY_eab5f80be0,Phagosome,0.5928187370300293
JP_KYOTO_UNIVERSITY_eab5f80be0,Sequence (biology),0.5314375758171082
JP_KYOTO_UNIVERSITY_eab5f80be0,Single-nucleotide polymorphism,0.0
JP_KYOTO_UNIVERSITY_eab5f80be0,Vacuole,0.6125640869140625
JP_THE_UNIVERSITY_OF_OSAKA_2c7ba3b674,ATG8,0.5880008339881897
JP_THE_UNIVERSITY_OF_OSAKA_2c7ba3b674,Apoptosis,0.0
JP_THE_UNIVERSITY_OF_OSAKA_2c7ba3b674,Autophagosome,0.7631988525390625
JP_THE_UNIVERSITY_OF_OSAKA_2c7ba3b674,Autophagy,0.9595129489898682
JP_THE_UNIVERSITY_OF_OSAKA_2c7ba3b674,Biochemistry,0.2146838903427124
JP_THE_UNIVERSITY_OF_OSAKA_2c7ba3b674,Biogenesis,0.5590387582778931
JP_THE_UNIVERSITY_OF_OSAKA_2c7ba3b674,Biology,0.7072432041168213
JP_THE_UNIVERSITY_OF_OSAKA_2c7ba3b674,Cell,0.2458903193473816
JP_THE_UNIVERSITY_OF_OSAKA_2c7ba3b674,Cell biology,0.6620039939880371
JP_THE_UNIVERSITY_OF_OSAKA_2c7ba3b674,Cytoplasm,0.1116902232170105
JP_THE_UNIVERSITY_OF_OSAKA_2c7ba3b674,Gene,0.0
JP_THE_UNIVERSITY_OF_OSAKA_2c7ba3b674,Intracellular,0.257116436958313
JP_THE_UNIVERSITY_OF_OSAKA_2c7ba3b674,Multicellular organism,0.5740522146224976
JP_THE_UNIVERSITY_OF_OSAKA_2c7ba3b674,Phagosome,0.5928187370300293
JP_THE_UNIVERSITY_OF_OSAKA_2c7ba3b674,Vacuole,0.6125640869140625
JP_TOKYO_METROPOLITAN_UNIVERSITY_a4dcd7f8ef,Astronomy,0.0
JP_TOKYO_METROPOLITAN_UNIVERSITY_a4dcd7f8ef,Biology,0.7123891115188599
JP_TOKYO_METROPOLITAN_UNIVERSITY_a4dcd7f8ef,Clade,0.07831022143363953
JP_TOKYO_METROPOLITAN_UNIVERSITY_a4dcd7f8ef,Cloud computing,0.15253958106040955
JP_TOKYO_METROPOLITAN_UNIVERSITY_a4dcd7f8ef,Computational biology,0.34846800565719604
JP_TOKYO_METROPOLITAN_UNIVERSITY_a4dcd7f8ef,Computer science,0.39244985580444336
JP_TOKYO_METROPOLITAN_UNIVERSITY_a4dcd7f8ef,Economic growth,0.0
JP_TOKYO_METROPOLITAN_UNIVERSITY_a4dcd7f8ef,Economics,0.0
JP_TOKYO_METROPOLITAN_UNIVERSITY_a4dcd7f8ef,Emulation,0.7341845035552979
JP_TOKYO_METROPOLITAN_UNIVERSITY_a4dcd7f8ef,Gene,0.0
JP_TOKYO_METROPOLITAN_UNIVERSITY_a4dcd7f8ef,Genetics,0.18265393376350403
JP_TOKYO_METROPOLITAN_UNIVERSITY_a4dcd7f8ef,Mega-,0.954684853553772
JP_TOKYO_METROPOLITAN_UNIVERSITY_a4dcd7f8ef,OS X,0.41936415433883667
JP_TOKYO_METROPOLITAN_UNIVERSITY_a4dcd7f8ef,Operating system,0.45067527890205383
JP_TOKYO_METROPOLITAN_UNIVERSITY_a4dcd7f8ef,Phylogenetic tree,0.27822941541671753
JP_TOKYO_METROPOLITAN_UNIVERSITY_a4dcd7f8ef,Phylogenomics,0.5189033150672913
JP_TOKYO_METROPOLITAN_UNIVERSITY_a4dcd7f8ef,Physics,0.0
JP_TOKYO_METROPOLITAN_UNIVERSITY_a4dcd7f8ef,Software,0.6246368288993835
JP_TOKYO_METROPOLITAN_UNIVERSITY_a4dcd7f8ef,Virtualization,0.5699940919876099
JP_UNIVERSITY_OF_TOYAMA_1eb9493a23,ATG8,0.5880008339881897
JP_UNIVERSITY_OF_TOYAMA_1eb9493a23,Apoptosis,0.0
JP_UNIVERSITY_OF_TOYAMA_1eb9493a23,Autophagosome,0.7631988525390625
JP_UNIVERSITY_OF_TOYAMA_1eb9493a23,Autophagy,0.9595129489898682
JP_UNIVERSITY_OF_TOYAMA_1eb9493a23,Biochemistry,0.2146838903427124
JP_UNIVERSITY_OF_TOYAMA_1eb9493a23,Biogenesis,0.5590387582778931
JP_UNIVERSITY_OF_TOYAMA_1eb9493a23,Biology,0.7072432041168213
JP_UNIVERSITY_OF_TOYAMA_1eb9493a23,Cell,0.2458903193473816
JP_UNIVERSITY_OF_TOYAMA_1eb9493a23,Cell biology,0.6620039939880371
JP_UNIVERSITY_OF_TOYAMA_1eb9493a23,Cytoplasm,0.1116902232170105
JP_UNIVERSITY_OF_TOYAMA_1eb9493a23,Gene,0.0
JP_UNIVERSITY_OF_TOYAMA_1eb9493a23,Intracellular,0.257116436958313
JP_UNIVERSITY_OF_TOYAMA_1eb9493a23,Multicellular organism,0.5740522146224976
JP_UNIVERSITY_OF_TOYAMA_1eb9493a23,Phagosome,0.5928187370300293
JP_UNIVERSITY_OF_TOYAMA_1eb9493a23,Vacuole,0.6125640869140625
JP_UNIVERSITY_OF_TSUKUBA_a2341373cb,1000 Genomes Project,0.4982619285583496
JP_UNIVERSITY_OF_TSUKUBA_a2341373cb,Biology,0.4539068937301636
JP_UNIVERSITY_OF_TSUKUBA_a2341373cb,Computational biology,0.49732473492622375
JP_UNIVERSITY_OF_TSUKUBA_a2341373cb,DNA,0.2062108814716339
JP_UNIVERSITY_OF_TSUKUBA_a2341373cb,DNA sequencing,0.5021266937255859
JP_UNIVERSITY_OF_TSUKUBA_a2341373cb,Evolutionary biology,0.44167560338974
JP_UNIVERSITY_OF_TSUKUBA_a2341373cb,Gene,0.17380130290985107
JP_UNIVERSITY_OF_TSUKUBA_a2341373cb,Genetics,0.4306437075138092
JP_UNIVERSITY_OF_TSUKUBA_a2341373cb,Genome,0.47583794593811035
JP_UNIVERSITY_OF_TSUKUBA_a2341373cb,Genotype,0.306592732667923
JP_UNIVERSITY_OF_TSUKUBA_a2341373cb,Geography,0.3386346101760864
JP_UNIVERSITY_OF_TSUKUBA_a2341373cb,Human genome,0.6060408353805542
JP_UNIVERSITY_OF_TSUKUBA_a2341373cb,International HapMap Project,0.984015941619873
JP_UNIVERSITY_OF_TSUKUBA_a2341373cb,Sequence (biology),0.5314375758171082
JP_UNIVERSITY_OF_TSUKUBA_a2341373cb,Single-nucleotide polymorphism,0.0
KR_KOREA_UNIVERSITY_8226f83ead,Artificial intelligence,0.752568244934082
KR_KOREA_UNIVERSITY_8226f83ead,Computer science,0.7282938957214355
KR_KOREA_UNIVERSITY_8226f83ead,Computer security,0.0
KR_KOREA_UNIVERSITY_8226f83ead,Deep learning,0.8102121353149414
KR_KOREA_UNIVERSITY_8226f83ead,Domain (mathematical analysis),0.5046623945236206
KR_KOREA_UNIVERSITY_8226f83ead,Exploit,0.6413166522979736
KR_KOREA_UNIVERSITY_8226f83ead,Feature (linguistics),0.5099118947982788
KR_KOREA_UNIVERSITY_8226f83ead,Field (mathematics),0.5389417409896851
KR_KOREA_UNIVERSITY_8226f83ead,Linguistics,0.0
KR_KOREA_UNIVERSITY_8226f83ead,Machine learning,0.4671235680580139
KR_KOREA_UNIVERSITY_8226f83ead,Mathematical analysis,0.0
KR_KOREA_UNIVERSITY_8226f83ead,Mathematics,0.0
KR_KOREA_UNIVERSITY_8226f83ead,Medical imaging,0.5550596117973328
KR_KOREA_UNIVERSITY_8226f83ead,Pattern recognition (psychology),0.35771629214286804
KR_KOREA_UNIVERSITY_8226f83ead,Philosophy,0.0
KR_KOREA_UNIVERSITY_8226f83ead,Pure mathematics,0.0
KR_KOREA_UNIVERSITY_8226f83ead,Segmentation,0.5512755513191223
KR_KR1108201016_34d0d07c5a,1000 Genomes Project,0.6596741080284119
KR_KR1108201016_34d0d07c5a,Biology,0.5870188474655151
KR_KR1108201016_34d0d07c5a,Computational biology,0.46890130639076233
KR_KR1108201016_34d0d07c5a,Exome,0.4664895534515381
KR_KR1108201016_34d0d07c5a,Exome sequencing,0.5580496788024902
KR_KR1108201016_34d0d07c5a,Gene,0.15067875385284424
KR_KR1108201016_34d0d07c5a,Genetic variation,0.5792258381843567
KR_KR1108201016_34d0d07c5a,Genetics,0.5537416934967041
KR_KR1108201016_34d0d07c5a,Genome,0.5927777886390686
KR_KR1108201016_34d0d07c5a,Genome-wide association study,0.41653817892074585
KR_KR1108201016_34d0d07c5a,Genotype,0.20878955721855164
KR_KR1108201016_34d0d07c5a,Genotyping,0.49519363045692444
KR_KR1108201016_34d0d07c5a,Haplotype,0.5297934412956238
KR_KR1108201016_34d0d07c5a,Human genetic variation,0.46719881892204285
KR_KR1108201016_34d0d07c5a,Human genome,0.4877665638923645
KR_KR1108201016_34d0d07c5a,Indel,0.5285143852233887
KR_KR1108201016_34d0d07c5a,Mutation,0.16898080706596375
KR_KR1108201016_34d0d07c5a,Reference genome,0.5823532938957214
KR_KR1108201016_34d0d07c5a,SNP genotyping,0.4226377606391907
KR_KR1108201016_34d0d07c5a,Single-nucleotide polymorphism,0.5544956922531128
KR_KR1108201016_34d0d07c5a,Structural variation,0.5155425071716309
KR_KR1108201016_34d0d07c5a,Tag SNP,0.4988093376159668
KR_KYUNGPOOK_NATIONAL_UNIVERSITY_9b16b6bb0c,ATG8,0.5880008339881897
KR_KYUNGPOOK_NATIONAL_UNIVERSITY_9b16b6bb0c,Apoptosis,0.0
KR_KYUNGPOOK_NATIONAL_UNIVERSITY_9b16b6bb0c,Autophagosome,0.7631988525390625
KR_KYUNGPOOK_NATIONAL_UNIVERSITY_9b16b6bb0c,Autophagy,0.9595129489898682
KR_KYUNGPOOK_NATIONAL_UNIVERSITY_9b16b6bb0c,Biochemistry,0.2146838903427124
KR_KYUNGPOOK_NATIONAL_UNIVERSITY_9b16b6bb0c,Biogenesis,0.5590387582778931
KR_KYUNGPOOK_NATIONAL_UNIVERSITY_9b16b6bb0c,Biology,0.7072432041168213
KR_KYUNGPOOK_NATIONAL_UNIVERSITY_9b16b6bb0c,Cell,0.2458903193473816
KR_KYUNGPOOK_NATIONAL_UNIVERSITY_9b16b6bb0c,Cell biology,0.6620039939880371
KR_KYUNGPOOK_NATIONAL_UNIVERSITY_9b16b6bb0c,Cytoplasm,0.1116902232170105
KR_KYUNGPOOK_NATIONAL_UNIVERSITY_9b16b6bb0c,Gene,0.0
KR_KYUNGPOOK_NATIONAL_UNIVERSITY_9b16b6bb0c,Intracellular,0.257116436958313
KR_KYUNGPOOK_NATIONAL_UNIVERSITY_9b16b6bb0c,Multicellular organism,0.5740522146224976
KR_KYUNGPOOK_NATIONAL_UNIVERSITY_9b16b6bb0c,Phagosome,0.5928187370300293
KR_KYUNGPOOK_NATIONAL_UNIVERSITY_9b16b6bb0c,Vacuole,0.6125640869140625
KR_SEOUL_NATIONAL_UNIVERSITY_a961f4a17c,Biochemical engineering,0.40951111912727356
KR_SEOUL_NATIONAL_UNIVERSITY_a961f4a17c,Biochemistry,0.1390623152256012
KR_SEOUL_NATIONAL_UNIVERSITY_a961f4a17c,Bioinformatics,0.49880096316337585
KR_SEOUL_NATIONAL_UNIVERSITY_a961f4a17c,Biology,0.4095595180988312
KR_SEOUL_NATIONAL_UNIVERSITY_a961f4a17c,Biotechnology,0.43968719244003296
KR_SEOUL_NATIONAL_UNIVERSITY_a961f4a17c,Business,0.2945111393928528
KR_SEOUL_NATIONAL_UNIVERSITY_a961f4a17c,Chemistry,0.26076430082321167
KR_SEOUL_NATIONAL_UNIVERSITY_a961f4a17c,Computational biology,0.4144282639026642
KR_SEOUL_NATIONAL_UNIVERSITY_a961f4a17c,Computational science,0.3966148793697357
KR_SEOUL_NATIONAL_UNIVERSITY_a961f4a17c,Computer graphics,0.39377516508102417
KR_SEOUL_NATIONAL_UNIVERSITY_a961f4a17c,Computer graphics (images),0.3354361057281494
KR_SEOUL_NATIONAL_UNIVERSITY_a961f4a17c,Computer science,1.0509403347969055
KR_SEOUL_NATIONAL_UNIVERSITY_a961f4a17c,Data science,0.4231951832771301
KR_SEOUL_NATIONAL_UNIVERSITY_a961f4a17c,Drug discovery,0.689194917678833
KR_SEOUL_NATIONAL_UNIVERSITY_a961f4a17c,Electrical engineering,0.0
KR_SEOUL_NATIONAL_UNIVERSITY_a961f4a17c,Engineering,0.36828744411468506
KR_SEOUL_NATIONAL_UNIVERSITY_a961f4a17c,Folding (DSP implementation),0.5742753744125366
KR_SEOUL_NATIONAL_UNIVERSITY_a961f4a17c,Graphics,0.4159841239452362
KR_SEOUL_NATIONAL_UNIVERSITY_a961f4a17c,Graphics processing unit,0.48440271615982056
KR_SEOUL_NATIONAL_UNIVERSITY_a961f4a17c,Isolation (microbiology),0.510489821434021
KR_SEOUL_NATIONAL_UNIVERSITY_a961f4a17c,Molecular graphics,0.4432174861431122
KR_SEOUL_NATIONAL_UNIVERSITY_a961f4a17c,Natural (archaeology),0.47912073135375977
KR_SEOUL_NATIONAL_UNIVERSITY_a961f4a17c,Natural product,0.476485937833786
KR_SEOUL_NATIONAL_UNIVERSITY_a961f4a17c,Open source software,0.42502227425575256
KR_SEOUL_NATIONAL_UNIVERSITY_a961f4a17c,Operating system,0.1889657974243164
KR_SEOUL_NATIONAL_UNIVERSITY_a961f4a17c,Paleontology,0.0
KR_SEOUL_NATIONAL_UNIVERSITY_a961f4a17c,Pharmaceutical industry,0.4850582182407379
KR_SEOUL_NATIONAL_UNIVERSITY_a961f4a17c,Programming language,0.2266131043434143
KR_SEOUL_NATIONAL_UNIVERSITY_a961f4a17c,Protein folding,0.5938770174980164
KR_SEOUL_NATIONAL_UNIVERSITY_a961f4a17c,Protein structure,0.411533921957016
KR_SEOUL_NATIONAL_UNIVERSITY_a961f4a17c,Risk analysis (engineering),0.4975621998310089
KR_SEOUL_NATIONAL_UNIVERSITY_a961f4a17c,Software,0.5202585458755493
KR_UNIVERSITY_OF_ULSAN_16addb6409,Adenocarcinoma,0.4801872968673706
KR_UNIVERSITY_OF_ULSAN_16addb6409,Allele,0.0
KR_UNIVERSITY_OF_ULSAN_16addb6409,Attributable risk,0.6161518692970276
KR_UNIVERSITY_OF_ULSAN_16addb6409,Biology,0.6076099872589111
KR_UNIVERSITY_OF_ULSAN_16addb6409,Burden of disease,0.7023000121116638
KR_UNIVERSITY_OF_ULSAN_16addb6409,Cancer,0.514197587966919
KR_UNIVERSITY_OF_ULSAN_16addb6409,Cancer research,0.6468095183372498
KR_UNIVERSITY_OF_ULSAN_16addb6409,Chromosome,0.17771437764167786
KR_UNIVERSITY_OF_ULSAN_16addb6409,Chromosome instability,0.618460476398468
KR_UNIVERSITY_OF_ULSAN_16addb6409,Computer science,0.0
KR_UNIVERSITY_OF_ULSAN_16addb6409,Computer security,0.0
KR_UNIVERSITY_OF_ULSAN_16addb6409,Confidence interval,0.2946649193763733
KR_UNIVERSITY_OF_ULSAN_16addb6409,Demography,0.3464873433113098
KR_UNIVERSITY_OF_ULSAN_16addb6409,Disability-adjusted life year,0.5846619009971619
KR_UNIVERSITY_OF_ULSAN_16addb6409,Disease,0.49889111518859863
KR_UNIVERSITY_OF_ULSAN_16addb6409,Disease burden,0.6051012277603149
KR_UNIVERSITY_OF_ULSAN_16addb6409,Environmental health,0.7141213417053223
KR_UNIVERSITY_OF_ULSAN_16addb6409,Gene,0.4135400652885437
KR_UNIVERSITY_OF_ULSAN_16addb6409,Genetics,0.33942723274230957
KR_UNIVERSITY_OF_ULSAN_16addb6409,Internal medicine,0.0
KR_UNIVERSITY_OF_ULSAN_16addb6409,Life expectancy,0.27504870295524597
KR_UNIVERSITY_OF_ULSAN_16addb6409,Medicine,0.7390699982643127
KR_UNIVERSITY_OF_ULSAN_16addb6409,Microsatellite,0.1457110047340393
KR_UNIVERSITY_OF_ULSAN_16addb6409,Microsatellite instability,0.6885784268379211
KR_UNIVERSITY_OF_ULSAN_16addb6409,Mutation,0.4132061302661896
KR_UNIVERSITY_OF_ULSAN_16addb6409,Pathology,0.0
KR_UNIVERSITY_OF_ULSAN_16addb6409,Population,0.16413837671279907
KR_UNIVERSITY_OF_ULSAN_16addb6409,RHOA,0.47057148814201355
KR_UNIVERSITY_OF_ULSAN_16addb6409,Relative risk,0.5610102415084839
KR_UNIVERSITY_OF_ULSAN_16addb6409,Risk assessment,0.5756056904792786
KR_UNIVERSITY_OF_ULSAN_16addb6409,Risk factor,0.5091940760612488
KR_UNIVERSITY_OF_ULSAN_16addb6409,Signal transduction,0.15478515625
KR_UNIVERSITY_OF_ULSAN_16addb6409,Sociology,0.0
KR_UNIVERSITY_OF_ULSAN_16addb6409,Targeted therapy,0.4959612786769867
KR_UNIVERSITY_OF_ULSAN_16addb6409,Years of potential life lost,0.5815194249153137
KR_YONSEI_UNIVERSITY_75fcc98c80,ATG8,0.5880008339881897
KR_YONSEI_UNIVERSITY_75fcc98c80,Apoptosis,0.0
KR_YONSEI_UNIVERSITY_75fcc98c80,Autophagosome,0.7631988525390625
KR_YONSEI_UNIVERSITY_75fcc98c80,Autophagy,0.9595129489898682
KR_YONSEI_UNIVERSITY_75fcc98c80,Biochemistry,0.2146838903427124
KR_YONSEI_UNIVERSITY_75fcc98c80,Biogenesis,0.5590387582778931
KR_YONSEI_UNIVERSITY_75fcc98c80,Biology,1.0893547236919403
KR_YONSEI_UNIVERSITY_75fcc98c80,Cell,0.2458903193473816
KR_YONSEI_UNIVERSITY_75fcc98c80,Cell biology,0.6620039939880371
KR_YONSEI_UNIVERSITY_75fcc98c80,Computational biology,0.4293396472930908
KR_YONSEI_UNIVERSITY_75fcc98c80,Computer science,0.48190218210220337
KR_YONSEI_UNIVERSITY_75fcc98c80,Cytoplasm,0.1116902232170105
KR_YONSEI_UNIVERSITY_75fcc98c80,Gene,0.48513349890708923
KR_YONSEI_UNIVERSITY_75fcc98c80,Genetics,0.2848176062107086
KR_YONSEI_UNIVERSITY_75fcc98c80,Intracellular,0.257116436958313
KR_YONSEI_UNIVERSITY_75fcc98c80,Multicellular organism,0.5740522146224976
KR_YONSEI_UNIVERSITY_75fcc98c80,Phagosome,0.5928187370300293
KR_YONSEI_UNIVERSITY_75fcc98c80,Programming language,0.22635313868522644
KR_YONSEI_UNIVERSITY_75fcc98c80,Set (abstract data type),0.6475940942764282
KR_YONSEI_UNIVERSITY_75fcc98c80,Vacuole,0.6125640869140625
LA_MINISTRY_OF_HEALTH_91fde1fa89,Attributable risk,0.6161518692970276
LA_MINISTRY_OF_HEALTH_91fde1fa89,Burden of disease,0.7023000121116638
LA_MINISTRY_OF_HEALTH_91fde1fa89,Cause of death,0.5558197498321533
LA_MINISTRY_OF_HEALTH_91fde1fa89,Computer science,0.0
LA_MINISTRY_OF_HEALTH_91fde1fa89,Computer security,0.0
LA_MINISTRY_OF_HEALTH_91fde1fa89,Confidence interval,0.2946649193763733
LA_MINISTRY_OF_HEALTH_91fde1fa89,Covariate,0.6156277656555176
LA_MINISTRY_OF_HEALTH_91fde1fa89,Demography,0.8899788856506348
LA_MINISTRY_OF_HEALTH_91fde1fa89,Disability-adjusted life year,0.5846619009971619
LA_MINISTRY_OF_HEALTH_91fde1fa89,Disease,0.8987853825092316
LA_MINISTRY_OF_HEALTH_91fde1fa89,Disease burden,0.6051012277603149
LA_MINISTRY_OF_HEALTH_91fde1fa89,Environmental health,0.7141213417053223
LA_MINISTRY_OF_HEALTH_91fde1fa89,Internal medicine,0.0
LA_MINISTRY_OF_HEALTH_91fde1fa89,Life expectancy,0.27504870295524597
LA_MINISTRY_OF_HEALTH_91fde1fa89,Mathematics,0.15310701727867126
LA_MINISTRY_OF_HEALTH_91fde1fa89,Medicine,1.2570818662643433
LA_MINISTRY_OF_HEALTH_91fde1fa89,Missing data,0.43697911500930786
LA_MINISTRY_OF_HEALTH_91fde1fa89,Pathology,0.0
LA_MINISTRY_OF_HEALTH_91fde1fa89,Population,0.16413837671279907
LA_MINISTRY_OF_HEALTH_91fde1fa89,Relative risk,0.5610102415084839
LA_MINISTRY_OF_HEALTH_91fde1fa89,Risk assessment,0.5756056904792786
LA_MINISTRY_OF_HEALTH_91fde1fa89,Risk factor,0.5091940760612488
LA_MINISTRY_OF_HEALTH_91fde1fa89,Sociology,0.0
LA_MINISTRY_OF_HEALTH_91fde1fa89,Statistics,0.4522966146469116
LA_MINISTRY_OF_HEALTH_91fde1fa89,Years of potential life lost,0.5815194249153137
LB_AMERICAN_UNIVERSITY_OF_BEIRUT_9e4a8efc8d,Checklist,2.691228985786438
LB_AMERICAN_UNIVERSITY_OF_BEIRUT_9e4a8efc8d,Cognitive psychology,0.0
LB_AMERICAN_UNIVERSITY_OF_BEIRUT_9e4a8efc8d,Computer science,0.3789686858654022
LB_AMERICAN_UNIVERSITY_OF_BEIRUT_9e4a8efc8d,Engineering,0.24265170097351074
LB_AMERICAN_UNIVERSITY_OF_BEIRUT_9e4a8efc8d,Guideline,2.0692089796066284
LB_AMERICAN_UNIVERSITY_OF_BEIRUT_9e4a8efc8d,Law,0.0
LB_AMERICAN_UNIVERSITY_OF_BEIRUT_9e4a8efc8d,Linguistics,0.0
LB_AMERICAN_UNIVERSITY_OF_BEIRUT_9e4a8efc8d,MEDLINE,1.3568264544010162
LB_AMERICAN_UNIVERSITY_OF_BEIRUT_9e4a8efc8d,Management science,1.0363386869430542
LB_AMERICAN_UNIVERSITY_OF_BEIRUT_9e4a8efc8d,Medical education,0.34172967076301575
LB_AMERICAN_UNIVERSITY_OF_BEIRUT_9e4a8efc8d,Medical physics,0.32605868577957153
LB_AMERICAN_UNIVERSITY_OF_BEIRUT_9e4a8efc8d,Medicine,1.6745046079158783
LB_AMERICAN_UNIVERSITY_OF_BEIRUT_9e4a8efc8d,Pathology,0.33951711654663086
LB_AMERICAN_UNIVERSITY_OF_BEIRUT_9e4a8efc8d,Philosophy,0.0
LB_AMERICAN_UNIVERSITY_OF_BEIRUT_9e4a8efc8d,Political science,0.11159858107566833
LB_AMERICAN_UNIVERSITY_OF_BEIRUT_9e4a8efc8d,Presentation (obstetrics),1.5154308378696442
LB_AMERICAN_UNIVERSITY_OF_BEIRUT_9e4a8efc8d,Psychology,0.602461963891983
LB_AMERICAN_UNIVERSITY_OF_BEIRUT_9e4a8efc8d,Radiology,0.0
LB_AMERICAN_UNIVERSITY_OF_BEIRUT_9e4a8efc8d,Statement (logic),1.819906771183014
LB_AMERICAN_UNIVERSITY_OF_BEIRUT_9e4a8efc8d,Surgery,0.0615411102771759
LB_AMERICAN_UNIVERSITY_OF_BEIRUT_9e4a8efc8d,Systematic review,2.545403838157654
LB_AMERICAN_UNIVERSITY_OF_BEIRUT_9e4a8efc8d,Terminology,1.7844640612602234
NA_SWISS_TROPICAL_AND_PUBLIC_HEALTH_INSTITUTE_9c95be1929,Environmental health,0.40299588441848755
NA_SWISS_TROPICAL_AND_PUBLIC_HEALTH_INSTITUTE_9c95be1929,Incidence (geometry),0.6343108415603638
NA_SWISS_TROPICAL_AND_PUBLIC_HEALTH_INSTITUTE_9c95be1929,Medicine,0.7193319797515869
NA_SWISS_TROPICAL_AND_PUBLIC_HEALTH_INSTITUTE_9c95be1929,Optics,0.0
NA_SWISS_TROPICAL_AND_PUBLIC_HEALTH_INSTITUTE_9c95be1929,Pediatrics,0.3614473044872284
NA_SWISS_TROPICAL_AND_PUBLIC_HEALTH_INSTITUTE_9c95be1929,Physics,0.0
NA_UNIVERSITY_COLLEGE_LONDON_b48273dff7,ATG8,0.5880008339881897
NA_UNIVERSITY_COLLEGE_LONDON_b48273dff7,Alzheimer's disease,1.0937469601631165
NA_UNIVERSITY_COLLEGE_LONDON_b48273dff7,Amyloid (mycology),0.595681369304657
NA_UNIVERSITY_COLLEGE_LONDON_b48273dff7,Apathy,0.6638215184211731
NA_UNIVERSITY_COLLEGE_LONDON_b48273dff7,Aphasia,0.4350741505622864
NA_UNIVERSITY_COLLEGE_LONDON_b48273dff7,Apolipoprotein E,0.6543006896972656
NA_UNIVERSITY_COLLEGE_LONDON_b48273dff7,Apoptosis,0.0
NA_UNIVERSITY_COLLEGE_LONDON_b48273dff7,Autophagosome,0.7631988525390625
NA_UNIVERSITY_COLLEGE_LONDON_b48273dff7,Autophagy,0.9595129489898682
NA_UNIVERSITY_COLLEGE_LONDON_b48273dff7,Biochemical engineering,0.40951111912727356
NA_UNIVERSITY_COLLEGE_LONDON_b48273dff7,Biochemistry,0.2146838903427124
NA_UNIVERSITY_COLLEGE_LONDON_b48273dff7,Biogenesis,0.5590387582778931
NA_UNIVERSITY_COLLEGE_LONDON_b48273dff7,Bioinformatics,0.16434717178344727
NA_UNIVERSITY_COLLEGE_LONDON_b48273dff7,Biology,1.8376557230949402
NA_UNIVERSITY_COLLEGE_LONDON_b48273dff7,Biotechnology,0.43968719244003296
NA_UNIVERSITY_COLLEGE_LONDON_b48273dff7,Business,0.2945111393928528
NA_UNIVERSITY_COLLEGE_LONDON_b48273dff7,Cause of death,0.5558197498321533
NA_UNIVERSITY_COLLEGE_LONDON_b48273dff7,Cell,0.2458903193473816
NA_UNIVERSITY_COLLEGE_LONDON_b48273dff7,Cell biology,0.6620039939880371
NA_UNIVERSITY_COLLEGE_LONDON_b48273dff7,Checklist,2.691228985786438
NA_UNIVERSITY_COLLEGE_LONDON_b48273dff7,Chronic disease,0.41377392411231995
NA_UNIVERSITY_COLLEGE_LONDON_b48273dff7,Clinical trial,0.42311277985572815
NA_UNIVERSITY_COLLEGE_LONDON_b48273dff7,Cognition,0.10720241069793701
NA_UNIVERSITY_COLLEGE_LONDON_b48273dff7,Cognitive psychology,0.0
NA_UNIVERSITY_COLLEGE_LONDON_b48273dff7,Computer science,1.143914520740509
NA_UNIVERSITY_COLLEGE_LONDON_b48273dff7,Covariate,0.6156277656555176
NA_UNIVERSITY_COLLEGE_LONDON_b48273dff7,Cytoplasm,0.1116902232170105
NA_UNIVERSITY_COLLEGE_LONDON_b48273dff7,Data science,0.4231951832771301
NA_UNIVERSITY_COLLEGE_LONDON_b48273dff7,Dementia,0.6343274116516113
NA_UNIVERSITY_COLLEGE_LONDON_b48273dff7,Demography,0.543491542339325
NA_UNIVERSITY_COLLEGE_LONDON_b48273dff7,Disease,2.4129107892513275
NA_UNIVERSITY_COLLEGE_LONDON_b48273dff7,Drug discovery,0.689194917678833
NA_UNIVERSITY_COLLEGE_LONDON_b48273dff7,Engineering,0.5157109200954437
NA_UNIVERSITY_COLLEGE_LONDON_b48273dff7,Environmental health,0.40299588441848755
NA_UNIVERSITY_COLLEGE_LONDON_b48273dff7,Epidemiology,0.4713418185710907
NA_UNIVERSITY_COLLEGE_LONDON_b48273dff7,Etiology,0.7635751962661743
NA_UNIVERSITY_COLLEGE_LONDON_b48273dff7,Frontotemporal dementia,0.938435435295105
NA_UNIVERSITY_COLLEGE_LONDON_b48273dff7,Frontotemporal lobar degeneration,0.849124014377594
NA_UNIVERSITY_COLLEGE_LONDON_b48273dff7,Gene,0.16717469692230225
NA_UNIVERSITY_COLLEGE_LONDON_b48273dff7,Genetic association,0.5599405765533447
NA_UNIVERSITY_COLLEGE_LONDON_b48273dff7,Genetics,0.5480074286460876
NA_UNIVERSITY_COLLEGE_LONDON_b48273dff7,Genome-wide association study,0.8586184978485107
NA_UNIVERSITY_COLLEGE_LONDON_b48273dff7,Genotype,0.2509271502494812
NA_UNIVERSITY_COLLEGE_LONDON_b48273dff7,Gerontology,0.30212199687957764
NA_UNIVERSITY_COLLEGE_LONDON_b48273dff7,Guideline,2.0692089796066284
NA_UNIVERSITY_COLLEGE_LONDON_b48273dff7,Harm,0.5276176929473877
NA_UNIVERSITY_COLLEGE_LONDON_b48273dff7,Immunology,0.6634631752967834
NA_UNIVERSITY_COLLEGE_LONDON_b48273dff7,Incidence (geometry),0.6343108415603638
NA_UNIVERSITY_COLLEGE_LONDON_b48273dff7,Inflammation,0.6809349656105042
NA_UNIVERSITY_COLLEGE_LONDON_b48273dff7,Intensive care medicine,1.02936589717865
NA_UNIVERSITY_COLLEGE_LONDON_b48273dff7,Internal medicine,0.6715691089630127
NA_UNIVERSITY_COLLEGE_LONDON_b48273dff7,Intracellular,0.257116436958313
NA_UNIVERSITY_COLLEGE_LONDON_b48273dff7,Isolation (microbiology),0.510489821434021
NA_UNIVERSITY_COLLEGE_LONDON_b48273dff7,Law,0.0
NA_UNIVERSITY_COLLEGE_LONDON_b48273dff7,Life span,0.5941201448440552
NA_UNIVERSITY_COLLEGE_LONDON_b48273dff7,Linguistics,0.0
NA_UNIVERSITY_COLLEGE_LONDON_b48273dff7,Locus (genetics),0.4755289852619171
NA_UNIVERSITY_COLLEGE_LONDON_b48273dff7,MEDLINE,2.218163251876831
NA_UNIVERSITY_COLLEGE_LONDON_b48273dff7,Management science,1.0363386869430542
NA_UNIVERSITY_COLLEGE_LONDON_b48273dff7,Mathematics,0.15310701727867126
NA_UNIVERSITY_COLLEGE_LONDON_b48273dff7,Medical education,0.34172967076301575
NA_UNIVERSITY_COLLEGE_LONDON_b48273dff7,Medical physics,0.6983343362808228
NA_UNIVERSITY_COLLEGE_LONDON_b48273dff7,Medicine,6.304434180259705
NA_UNIVERSITY_COLLEGE_LONDON_b48273dff7,Meta-analysis,1.3968572616577148
NA_UNIVERSITY_COLLEGE_LONDON_b48273dff7,Missing data,0.43697911500930786
NA_UNIVERSITY_COLLEGE_LONDON_b48273dff7,Multicellular organism,0.5740522146224976
NA_UNIVERSITY_COLLEGE_LONDON_b48273dff7,Natural (archaeology),0.47912073135375977
NA_UNIVERSITY_COLLEGE_LONDON_b48273dff7,Natural product,0.476485937833786
NA_UNIVERSITY_COLLEGE_LONDON_b48273dff7,Neuroscience,0.4085502624511719
NA_UNIVERSITY_COLLEGE_LONDON_b48273dff7,Nursing,0.12202504277229309
NA_UNIVERSITY_COLLEGE_LONDON_b48273dff7,Optics,0.0
NA_UNIVERSITY_COLLEGE_LONDON_b48273dff7,Organ dysfunction,0.665127694606781
NA_UNIVERSITY_COLLEGE_LONDON_b48273dff7,Paleontology,0.0
NA_UNIVERSITY_COLLEGE_LONDON_b48273dff7,Pathology,0.9936549961566925
NA_UNIVERSITY_COLLEGE_LONDON_b48273dff7,Pediatrics,0.3614473044872284
NA_UNIVERSITY_COLLEGE_LONDON_b48273dff7,Phagosome,0.5928187370300293
NA_UNIVERSITY_COLLEGE_LONDON_b48273dff7,Pharmaceutical industry,0.4850582182407379
NA_UNIVERSITY_COLLEGE_LONDON_b48273dff7,Philosophy,0.0
NA_UNIVERSITY_COLLEGE_LONDON_b48273dff7,Physics,0.0
NA_UNIVERSITY_COLLEGE_LONDON_b48273dff7,Political science,0.11159858107566833
NA_UNIVERSITY_COLLEGE_LONDON_b48273dff7,Presentation (obstetrics),1.5154308378696442
NA_UNIVERSITY_COLLEGE_LONDON_b48273dff7,Primary progressive aphasia,0.42235177755355835
NA_UNIVERSITY_COLLEGE_LONDON_b48273dff7,Psychiatry,0.4257115423679352
NA_UNIVERSITY_COLLEGE_LONDON_b48273dff7,Psychological intervention,0.8379109501838684
NA_UNIVERSITY_COLLEGE_LONDON_b48273dff7,Psychology,1.4924521148204803
NA_UNIVERSITY_COLLEGE_LONDON_b48273dff7,Publication bias,0.4742540419101715
NA_UNIVERSITY_COLLEGE_LONDON_b48273dff7,Radiology,0.0
NA_UNIVERSITY_COLLEGE_LONDON_b48273dff7,Randomized controlled trial,0.5045734643936157
NA_UNIVERSITY_COLLEGE_LONDON_b48273dff7,Risk analysis (engineering),0.4975621998310089
NA_UNIVERSITY_COLLEGE_LONDON_b48273dff7,SOFA score,0.5207162499427795
NA_UNIVERSITY_COLLEGE_LONDON_b48273dff7,Semantic dementia,0.4749177396297455
NA_UNIVERSITY_COLLEGE_LONDON_b48273dff7,Sepsis,0.8699451088905334
NA_UNIVERSITY_COLLEGE_LONDON_b48273dff7,Septic shock,0.8011101484298706
NA_UNIVERSITY_COLLEGE_LONDON_b48273dff7,Shock (circulatory),0.44265931844711304
NA_UNIVERSITY_COLLEGE_LONDON_b48273dff7,Single-nucleotide polymorphism,0.6837853789329529
NA_UNIVERSITY_COLLEGE_LONDON_b48273dff7,Social psychology,0.07648447155952454
NA_UNIVERSITY_COLLEGE_LONDON_b48273dff7,Sociology,0.0
NA_UNIVERSITY_COLLEGE_LONDON_b48273dff7,Statement (logic),1.819906771183014
NA_UNIVERSITY_COLLEGE_LONDON_b48273dff7,Statistics,0.4522966146469116
NA_UNIVERSITY_COLLEGE_LONDON_b48273dff7,Strengths and weaknesses,0.5695809721946716
NA_UNIVERSITY_COLLEGE_LONDON_b48273dff7,Surgery,0.0615411102771759
NA_UNIVERSITY_COLLEGE_LONDON_b48273dff7,Systematic review,3.6310582160949707
NA_UNIVERSITY_COLLEGE_LONDON_b48273dff7,Systemic inflammatory response syndrome,0.5821648836135864
NA_UNIVERSITY_COLLEGE_LONDON_b48273dff7,Terminology,1.7844640612602234
NA_UNIVERSITY_COLLEGE_LONDON_b48273dff7,Vacuole,0.6125640869140625
NA_UNIVERSITY_OF_CHINESE_ACADEMY_OF_SCIENCES_7216d41f5a,Bioinformatics,0.2061787247657776
NA_UNIVERSITY_OF_CHINESE_ACADEMY_OF_SCIENCES_7216d41f5a,Biology,0.3179319202899933
NA_UNIVERSITY_OF_CHINESE_ACADEMY_OF_SCIENCES_7216d41f5a,Computational biology,0.5356760621070862
NA_UNIVERSITY_OF_CHINESE_ACADEMY_OF_SCIENCES_7216d41f5a,Computer science,0.581027090549469
NA_UNIVERSITY_OF_CHINESE_ACADEMY_OF_SCIENCES_7216d41f5a,Data science,0.3914947807788849
NA_UNIVERSITY_OF_CHINESE_ACADEMY_OF_SCIENCES_7216d41f5a,Database,0.15453827381134033
NA_UNIVERSITY_OF_CHINESE_ACADEMY_OF_SCIENCES_7216d41f5a,Extensibility,0.6170313954353333
NA_UNIVERSITY_OF_CHINESE_ACADEMY_OF_SCIENCES_7216d41f5a,Microbiome,0.7692012786865234
NA_UNIVERSITY_OF_CHINESE_ACADEMY_OF_SCIENCES_7216d41f5a,Programming language,0.11720123887062073
NA_UNIVERSITY_OF_CHINESE_ACADEMY_OF_SCIENCES_7216d41f5a,Scalability,0.6612159013748169
NA_UNIVERSITY_OF_HELSINKI_83b398f56a,Annotation,0.621225893497467
NA_UNIVERSITY_OF_HELSINKI_83b398f56a,Biology,0.6265080571174622
NA_UNIVERSITY_OF_HELSINKI_83b398f56a,Computational biology,0.624434232711792
NA_UNIVERSITY_OF_HELSINKI_83b398f56a,Exome,0.4622931182384491
NA_UNIVERSITY_OF_HELSINKI_83b398f56a,Exome sequencing,0.5792765021324158
NA_UNIVERSITY_OF_HELSINKI_83b398f56a,Function (biology),0.4226640462875366
NA_UNIVERSITY_OF_HELSINKI_83b398f56a,Gene,0.6953994631767273
NA_UNIVERSITY_OF_HELSINKI_83b398f56a,Genetics,0.5423324108123779
NA_UNIVERSITY_OF_HELSINKI_83b398f56a,Genome,0.6605028510093689
NA_UNIVERSITY_OF_HELSINKI_83b398f56a,Human genome,0.5655359029769897
NA_UNIVERSITY_OF_HELSINKI_83b398f56a,Loss function,0.4619614779949188
NA_UNIVERSITY_OF_HELSINKI_83b398f56a,Mutation,0.41175058484077454
NA_UNIVERSITY_OF_HELSINKI_83b398f56a,Phenotype,0.44457441568374634
NA_UNIVERSITY_OF_ZAGREB_18ae2073e1,Biology,0.6096755266189575
NA_UNIVERSITY_OF_ZAGREB_18ae2073e1,Chromatin,0.4478265047073364
NA_UNIVERSITY_OF_ZAGREB_18ae2073e1,Computational biology,0.6194148659706116
NA_UNIVERSITY_OF_ZAGREB_18ae2073e1,DNA methylation,0.6325619220733643
NA_UNIVERSITY_OF_ZAGREB_18ae2073e1,Epigenome,0.4755149483680725
NA_UNIVERSITY_OF_ZAGREB_18ae2073e1,Epigenomics,0.955129861831665
NA_UNIVERSITY_OF_ZAGREB_18ae2073e1,Gene,0.32215747237205505
NA_UNIVERSITY_OF_ZAGREB_18ae2073e1,Gene expression,0.1975480020046234
NA_UNIVERSITY_OF_ZAGREB_18ae2073e1,Genetics,0.5011212825775146
NA_UNIVERSITY_OF_ZAGREB_18ae2073e1,Genome,0.3564508259296417
NA_UNIVERSITY_OF_ZAGREB_18ae2073e1,Human genome,0.531373918056488
NG_NG015260250001_22ff1eb8e3,1000 Genomes Project,0.4982619285583496
NG_NG015260250001_22ff1eb8e3,Biology,0.4539068937301636
NG_NG015260250001_22ff1eb8e3,Burden of disease,0.6250711679458618
NG_NG015260250001_22ff1eb8e3,Case fatality rate,0.4428708553314209
NG_NG015260250001_22ff1eb8e3,Cause of death,0.44510552287101746
NG_NG015260250001_22ff1eb8e3,Computational biology,0.49732473492622375
NG_NG015260250001_22ff1eb8e3,DNA,0.2062108814716339
NG_NG015260250001_22ff1eb8e3,DNA sequencing,0.5021266937255859
NG_NG015260250001_22ff1eb8e3,Demography,0.5074257254600525
NG_NG015260250001_22ff1eb8e3,Disability-adjusted life year,0.4536948502063751
NG_NG015260250001_22ff1eb8e3,Disease,0.3741859793663025
NG_NG015260250001_22ff1eb8e3,Disease burden,0.537912905216217
NG_NG015260250001_22ff1eb8e3,Environmental health,0.49474141001701355
NG_NG015260250001_22ff1eb8e3,Evolutionary biology,0.44167560338974
NG_NG015260250001_22ff1eb8e3,Gene,0.17380130290985107
NG_NG015260250001_22ff1eb8e3,Genetics,0.4306437075138092
NG_NG015260250001_22ff1eb8e3,Genome,0.47583794593811035
NG_NG015260250001_22ff1eb8e3,Genotype,0.306592732667923
NG_NG015260250001_22ff1eb8e3,Geography,0.3386346101760864
NG_NG015260250001_22ff1eb8e3,Global health,0.4490731358528137
NG_NG015260250001_22ff1eb8e3,Human genome,0.6060408353805542
NG_NG015260250001_22ff1eb8e3,Incidence (geometry),0.46606212854385376
NG_NG015260250001_22ff1eb8e3,International HapMap Project,0.984015941619873
NG_NG015260250001_22ff1eb8e3,Life expectancy,0.38459542393684387
NG_NG015260250001_22ff1eb8e3,Medicine,0.8957659006118774
NG_NG015260250001_22ff1eb8e3,Nursing,0.0
NG_NG015260250001_22ff1eb8e3,Optics,0.0
NG_NG015260250001_22ff1eb8e3,Pathology,0.0
NG_NG015260250001_22ff1eb8e3,Physics,0.0
NG_NG015260250001_22ff1eb8e3,Population,0.571294367313385
NG_NG015260250001_22ff1eb8e3,Public health,0.38423794507980347
NG_NG015260250001_22ff1eb8e3,Sequence (biology),0.5314375758171082
NG_NG015260250001_22ff1eb8e3,Single-nucleotide polymorphism,0.0
NG_NG015260250001_22ff1eb8e3,Sociology,0.0
NG_NG015260250001_22ff1eb8e3,Years of potential life lost,0.5155167579650879
NG_NG015824440001_013f18aef0,Attributable risk,0.6161518692970276
NG_NG015824440001_013f18aef0,Burden of disease,0.7023000121116638
NG_NG015824440001_013f18aef0,Computer science,0.0
NG_NG015824440001_013f18aef0,Computer security,0.0
NG_NG015824440001_013f18aef0,Confidence interval,0.2946649193763733
NG_NG015824440001_013f18aef0,Demography,0.3464873433113098
NG_NG015824440001_013f18aef0,Disability-adjusted life year,0.5846619009971619
NG_NG015824440001_013f18aef0,Disease,0.49889111518859863
NG_NG015824440001_013f18aef0,Disease burden,0.6051012277603149
NG_NG015824440001_013f18aef0,Environmental health,0.7141213417053223
NG_NG015824440001_013f18aef0,Internal medicine,0.0
NG_NG015824440001_013f18aef0,Life expectancy,0.27504870295524597
NG_NG015824440001_013f18aef0,Medicine,0.7390699982643127
NG_NG015824440001_013f18aef0,Pathology,0.0
NG_NG015824440001_013f18aef0,Population,0.16413837671279907
NG_NG015824440001_013f18aef0,Relative risk,0.5610102415084839
NG_NG015824440001_013f18aef0,Risk assessment,0.5756056904792786
NG_NG015824440001_013f18aef0,Risk factor,0.5091940760612488
NG_NG015824440001_013f18aef0,Sociology,0.0
NG_NG015824440001_013f18aef0,Years of potential life lost,0.5815194249153137
NZ_MASSEY_UNIVERSITY_9226a270c9,Bubble,0.0
NZ_MASSEY_UNIVERSITY_9226a270c9,Computer science,0.8184604644775391
NZ_MASSEY_UNIVERSITY_9226a270c9,File format,0.41577956080436707
NZ_MASSEY_UNIVERSITY_9226a270c9,Interface (matter),0.5009348392486572
NZ_MASSEY_UNIVERSITY_9226a270c9,Maximum bubble pressure method,0.0
NZ_MASSEY_UNIVERSITY_9226a270c9,Operating system,0.3077061176300049
NZ_MASSEY_UNIVERSITY_9226a270c9,Programming language,0.3609614372253418
NZ_MASSEY_UNIVERSITY_9226a270c9,Software,0.6152347922325134
NZ_MASSEY_UNIVERSITY_9226a270c9,Software construction,0.27517005801200867
NZ_MASSEY_UNIVERSITY_9226a270c9,Software engineering,0.41768360137939453
NZ_MASSEY_UNIVERSITY_9226a270c9,Software evolution,0.41285306215286255
NZ_MASSEY_UNIVERSITY_9226a270c9,Software system,0.39058366417884827
NZ_MASSEY_UNIVERSITY_9226a270c9,XML,0.5531467795372009
NZ_NZ011659071_b1b6ba7f82,Burden of disease,1.3772929310798645
NZ_NZ011659071_b1b6ba7f82,Cause of death,0.5558197498321533
NZ_NZ011659071_b1b6ba7f82,Covariate,0.6156277656555176
NZ_NZ011659071_b1b6ba7f82,Demography,0.543491542339325
NZ_NZ011659071_b1b6ba7f82,Disease,1.441061109304428
NZ_NZ011659071_b1b6ba7f82,Disease burden,0.8760402500629425
NZ_NZ011659071_b1b6ba7f82,Engineering,0.08624285459518433
NZ_NZ011659071_b1b6ba7f82,Environmental health,0.7497584521770477
NZ_NZ011659071_b1b6ba7f82,Internal medicine,0.14394435286521912
NZ_NZ011659071_b1b6ba7f82,Mathematics,0.15310701727867126
NZ_NZ011659071_b1b6ba7f82,Mechanical engineering,0.0
NZ_NZ011659071_b1b6ba7f82,Medicine,1.5297929346561432
NZ_NZ011659071_b1b6ba7f82,Missing data,0.43697911500930786
NZ_NZ011659071_b1b6ba7f82,Pathology,0.11744838953018188
NZ_NZ011659071_b1b6ba7f82,Sociology,0.0
NZ_NZ011659071_b1b6ba7f82,Statistics,0.4522966146469116
NZ_NZ011659071_b1b6ba7f82,Stroke (engine),0.6343256235122681
NZ_UNIVERSITY_OF_OTAGO_6b875a5938,Artificial intelligence,0.2990652024745941
NZ_UNIVERSITY_OF_OTAGO_6b875a5938,Attributable risk,0.6161518692970276
NZ_UNIVERSITY_OF_OTAGO_6b875a5938,Bayesian probability,0.4909992516040802
NZ_UNIVERSITY_OF_OTAGO_6b875a5938,Biology,0.3964592218399048
NZ_UNIVERSITY_OF_OTAGO_6b875a5938,Burden of disease,0.7023000121116638
NZ_UNIVERSITY_OF_OTAGO_6b875a5938,Computer science,0.6489442586898804
NZ_UNIVERSITY_OF_OTAGO_6b875a5938,Computer security,0.0
NZ_UNIVERSITY_OF_OTAGO_6b875a5938,Confidence interval,0.2946649193763733
NZ_UNIVERSITY_OF_OTAGO_6b875a5938,Data mining,0.3623112440109253
NZ_UNIVERSITY_OF_OTAGO_6b875a5938,Data science,0.5901833176612854
NZ_UNIVERSITY_OF_OTAGO_6b875a5938,Demography,0.3464873433113098
NZ_UNIVERSITY_OF_OTAGO_6b875a5938,Disability-adjusted life year,0.5846619009971619
NZ_UNIVERSITY_OF_OTAGO_6b875a5938,Disease,1.0170051455497742
NZ_UNIVERSITY_OF_OTAGO_6b875a5938,Disease burden,0.6051012277603149
NZ_UNIVERSITY_OF_OTAGO_6b875a5938,Economics,0.0
NZ_UNIVERSITY_OF_OTAGO_6b875a5938,Environmental health,0.7141213417053223
NZ_UNIVERSITY_OF_OTAGO_6b875a5938,Gene,0.10809144377708435
NZ_UNIVERSITY_OF_OTAGO_6b875a5938,Genetic architecture,0.43001317977905273
NZ_UNIVERSITY_OF_OTAGO_6b875a5938,Genetics,0.22789227962493896
NZ_UNIVERSITY_OF_OTAGO_6b875a5938,Geodesy,0.0
NZ_UNIVERSITY_OF_OTAGO_6b875a5938,Geography,0.1138608455657959
NZ_UNIVERSITY_OF_OTAGO_6b875a5938,Hierarchy,0.5163037180900574
NZ_UNIVERSITY_OF_OTAGO_6b875a5938,Host (biology),0.7231769561767578
NZ_UNIVERSITY_OF_OTAGO_6b875a5938,Inference,0.45092201232910156
NZ_UNIVERSITY_OF_OTAGO_6b875a5938,Inflammatory Bowel Diseases,0.5069501399993896
NZ_UNIVERSITY_OF_OTAGO_6b875a5938,Inflammatory bowel disease,0.8482241630554199
NZ_UNIVERSITY_OF_OTAGO_6b875a5938,Internal medicine,0.0
NZ_UNIVERSITY_OF_OTAGO_6b875a5938,Life expectancy,0.27504870295524597
NZ_UNIVERSITY_OF_OTAGO_6b875a5938,Market economy,0.0
NZ_UNIVERSITY_OF_OTAGO_6b875a5938,Medicine,1.0718185603618622
NZ_UNIVERSITY_OF_OTAGO_6b875a5938,Pace,0.4106293320655823
NZ_UNIVERSITY_OF_OTAGO_6b875a5938,Pathology,0.15053018927574158
NZ_UNIVERSITY_OF_OTAGO_6b875a5938,Phenotype,0.08114805817604065
NZ_UNIVERSITY_OF_OTAGO_6b875a5938,Population,0.16413837671279907
NZ_UNIVERSITY_OF_OTAGO_6b875a5938,Programming language,0.0
NZ_UNIVERSITY_OF_OTAGO_6b875a5938,Relative risk,0.5610102415084839
NZ_UNIVERSITY_OF_OTAGO_6b875a5938,Risk assessment,0.5756056904792786
NZ_UNIVERSITY_OF_OTAGO_6b875a5938,Risk factor,0.5091940760612488
NZ_UNIVERSITY_OF_OTAGO_6b875a5938,Sociology,0.0
NZ_UNIVERSITY_OF_OTAGO_6b875a5938,Software,0.6266711950302124
NZ_UNIVERSITY_OF_OTAGO_6b875a5938,Software development,0.43283161520957947
NZ_UNIVERSITY_OF_OTAGO_6b875a5938,Years of potential life lost,0.5815194249153137
PT_PT501413197_f8025fc498,Biochemical engineering,0.40951111912727356
PT_PT501413197_f8025fc498,Biochemistry,0.0
PT_PT501413197_f8025fc498,Bioinformatics,0.16434717178344727
PT_PT501413197_f8025fc498,Biology,0.654180496931076
PT_PT501413197_f8025fc498,Biotechnology,0.43968719244003296
PT_PT501413197_f8025fc498,Business,0.2945111393928528
PT_PT501413197_f8025fc498,Cancer,0.24420154094696045
PT_PT501413197_f8025fc498,Cancer research,0.5340418219566345
PT_PT501413197_f8025fc498,Cell,0.26885277032852173
PT_PT501413197_f8025fc498,Cell biology,0.3516688942909241
PT_PT501413197_f8025fc498,Computer science,0.3724450469017029
PT_PT501413197_f8025fc498,Data science,0.4231951832771301
PT_PT501413197_f8025fc498,Drug discovery,0.689194917678833
PT_PT501413197_f8025fc498,Engineering,0.273059219121933
PT_PT501413197_f8025fc498,Exosome,0.8363630771636963
PT_PT501413197_f8025fc498,Gene,0.08832293748855591
PT_PT501413197_f8025fc498,Genetics,0.0
PT_PT501413197_f8025fc498,Integrin,0.7431454062461853
PT_PT501413197_f8025fc498,Internal medicine,0.1323973834514618
PT_PT501413197_f8025fc498,Isolation (microbiology),0.510489821434021
PT_PT501413197_f8025fc498,Medicine,0.3820856213569641
PT_PT501413197_f8025fc498,Metastasis,0.728230357170105
PT_PT501413197_f8025fc498,Microvesicles,0.8350601196289062
PT_PT501413197_f8025fc498,Natural (archaeology),0.47912073135375977
PT_PT501413197_f8025fc498,Natural product,0.476485937833786
PT_PT501413197_f8025fc498,Paleontology,0.0
PT_PT501413197_f8025fc498,Pathology,0.45279961824417114
PT_PT501413197_f8025fc498,Pharmaceutical industry,0.4850582182407379
PT_PT501413197_f8025fc498,Risk analysis (engineering),0.4975621998310089
PT_PT501413197_f8025fc498,microRNA,0.1620558798313141
QA_SIDRA_MEDICAL_AND_RESEARCH_CENTER_d8345cec64,ATG8,0.5880008339881897
QA_SIDRA_MEDICAL_AND_RESEARCH_CENTER_d8345cec64,Apoptosis,0.0
QA_SIDRA_MEDICAL_AND_RESEARCH_CENTER_d8345cec64,Autophagosome,0.7631988525390625
QA_SIDRA_MEDICAL_AND_RESEARCH_CENTER_d8345cec64,Autophagy,0.9595129489898682
QA_SIDRA_MEDICAL_AND_RESEARCH_CENTER_d8345cec64,Biochemistry,0.2146838903427124
QA_SIDRA_MEDICAL_AND_RESEARCH_CENTER_d8345cec64,Biogenesis,0.5590387582778931
QA_SIDRA_MEDICAL_AND_RESEARCH_CENTER_d8345cec64,Biology,0.7072432041168213
QA_SIDRA_MEDICAL_AND_RESEARCH_CENTER_d8345cec64,Cell,0.2458903193473816
QA_SIDRA_MEDICAL_AND_RESEARCH_CENTER_d8345cec64,Cell biology,0.6620039939880371
QA_SIDRA_MEDICAL_AND_RESEARCH_CENTER_d8345cec64,Cytoplasm,0.1116902232170105
QA_SIDRA_MEDICAL_AND_RESEARCH_CENTER_d8345cec64,Gene,0.0
QA_SIDRA_MEDICAL_AND_RESEARCH_CENTER_d8345cec64,Intracellular,0.257116436958313
QA_SIDRA_MEDICAL_AND_RESEARCH_CENTER_d8345cec64,Multicellular organism,0.5740522146224976
QA_SIDRA_MEDICAL_AND_RESEARCH_CENTER_d8345cec64,Phagosome,0.5928187370300293
QA_SIDRA_MEDICAL_AND_RESEARCH_CENTER_d8345cec64,Vacuole,0.6125640869140625
SE_SE202100297301_fc14f4ad52,Alzheimer's disease,0.5946179032325745
SE_SE202100297301_fc14f4ad52,Apolipoprotein E,0.6543006896972656
SE_SE202100297301_fc14f4ad52,Artificial intelligence,0.12959298491477966
SE_SE202100297301_fc14f4ad52,Biochemistry,0.0
SE_SE202100297301_fc14f4ad52,Biology,1.4667883813381195
SE_SE202100297301_fc14f4ad52,Cancer,0.24420154094696045
SE_SE202100297301_fc14f4ad52,Cancer research,0.5340418219566345
SE_SE202100297301_fc14f4ad52,Cell,0.26885277032852173
SE_SE202100297301_fc14f4ad52,Cell biology,0.3516688942909241
SE_SE202100297301_fc14f4ad52,Chemistry,0.34791433811187744
SE_SE202100297301_fc14f4ad52,Computational chemistry,0.30381348729133606
SE_SE202100297301_fc14f4ad52,Computer science,0.5774146318435669
SE_SE202100297301_fc14f4ad52,Disease,1.1619407534599304
SE_SE202100297301_fc14f4ad52,Epilepsy,0.8462277054786682
SE_SE202100297301_fc14f4ad52,Epilepsy syndromes,0.48666006326675415
SE_SE202100297301_fc14f4ad52,Etiology,0.5829571485519409
SE_SE202100297301_fc14f4ad52,Exosome,0.8363630771636963
SE_SE202100297301_fc14f4ad52,Force field (fiction),0.4670464098453522
SE_SE202100297301_fc14f4ad52,Gene,0.3635890781879425
SE_SE202100297301_fc14f4ad52,Generalized epilepsy,0.4336230754852295
SE_SE202100297301_fc14f4ad52,Genetic architecture,0.43001317977905273
SE_SE202100297301_fc14f4ad52,Genetic association,0.5599405765533447
SE_SE202100297301_fc14f4ad52,Genetics,0.7758997082710266
SE_SE202100297301_fc14f4ad52,Genome-wide association study,0.8586184978485107
SE_SE202100297301_fc14f4ad52,Genotype,0.2509271502494812
SE_SE202100297301_fc14f4ad52,Host (biology),0.7231769561767578
SE_SE202100297301_fc14f4ad52,Inflammatory Bowel Diseases,0.5069501399993896
SE_SE202100297301_fc14f4ad52,Inflammatory bowel disease,0.8482241630554199
SE_SE202100297301_fc14f4ad52,Integrin,0.7431454062461853
SE_SE202100297301_fc14f4ad52,Intensive care medicine,0.361179918050766
SE_SE202100297301_fc14f4ad52,Internal medicine,0.294991672039032
SE_SE202100297301_fc14f4ad52,Linguistics,0.0
SE_SE202100297301_fc14f4ad52,Locus (genetics),0.4755289852619171
SE_SE202100297301_fc14f4ad52,Medicine,1.4089192748069763
SE_SE202100297301_fc14f4ad52,Meta-analysis,0.5327674746513367
SE_SE202100297301_fc14f4ad52,Metastasis,0.728230357170105
SE_SE202100297301_fc14f4ad52,Microvesicles,0.8350601196289062
SE_SE202100297301_fc14f4ad52,Molecular dynamics,0.6600039601325989
SE_SE202100297301_fc14f4ad52,Molecule,0.2984474301338196
SE_SE202100297301_fc14f4ad52,Organic chemistry,0.0
SE_SE202100297301_fc14f4ad52,Pathology,0.6033298075199127
SE_SE202100297301_fc14f4ad52,Pediatrics,0.3892921209335327
SE_SE202100297301_fc14f4ad52,Phenotype,0.08114805817604065
SE_SE202100297301_fc14f4ad52,Philosophy,0.0
SE_SE202100297301_fc14f4ad52,Physics,0.16533973813056946
SE_SE202100297301_fc14f4ad52,Psychiatry,0.3205186128616333
SE_SE202100297301_fc14f4ad52,Single-nucleotide polymorphism,0.6837853789329529
SE_SE202100297301_fc14f4ad52,Solvation,0.15759626030921936
SE_SE202100297301_fc14f4ad52,Solvent models,0.4664105176925659
SE_SE202100297301_fc14f4ad52,Statistical physics,0.3348895311355591
SE_SE202100297301_fc14f4ad52,Terminology,0.7138856649398804
SE_SE202100297301_fc14f4ad52,microRNA,0.1620558798313141
SG_INSTITUTE_FOR_INFOCOMM_RESEARCH_eddcacef5b,Computer science,0.3794401288032532
SG_INSTITUTE_FOR_INFOCOMM_RESEARCH_eddcacef5b,Coursework,0.6061415076255798
SG_INSTITUTE_FOR_INFOCOMM_RESEARCH_eddcacef5b,Database,0.523958683013916
SG_INSTITUTE_FOR_INFOCOMM_RESEARCH_eddcacef5b,Emergency medicine,0.26222458481788635
SG_INSTITUTE_FOR_INFOCOMM_RESEARCH_eddcacef5b,Intensive care,0.4870879650115967
SG_INSTITUTE_FOR_INFOCOMM_RESEARCH_eddcacef5b,Intensive care medicine,0.2441503405570984
SG_INSTITUTE_FOR_INFOCOMM_RESEARCH_eddcacef5b,Law,0.0
SG_INSTITUTE_FOR_INFOCOMM_RESEARCH_eddcacef5b,MEDLINE,0.4340297281742096
SG_INSTITUTE_FOR_INFOCOMM_RESEARCH_eddcacef5b,Medical education,0.20742347836494446
SG_INSTITUTE_FOR_INFOCOMM_RESEARCH_eddcacef5b,Medical emergency,0.4364357888698578
SG_INSTITUTE_FOR_INFOCOMM_RESEARCH_eddcacef5b,Medicine,0.43125200271606445
SG_INSTITUTE_FOR_INFOCOMM_RESEARCH_eddcacef5b,Nursing,0.16084712743759155
SG_INSTITUTE_FOR_INFOCOMM_RESEARCH_eddcacef5b,Patient care,0.4106844961643219
SG_INSTITUTE_FOR_INFOCOMM_RESEARCH_eddcacef5b,Political science,0.08223527669906616
SG_INSTITUTE_FOR_INFOCOMM_RESEARCH_eddcacef5b,Tertiary care,0.47602134943008423
TW_NATIONAL_TAIWAN_UNIVERSITY_a338e8b865,Artificial intelligence,0.21132206916809082
TW_NATIONAL_TAIWAN_UNIVERSITY_a338e8b865,Biology,0.2549324333667755
TW_NATIONAL_TAIWAN_UNIVERSITY_a338e8b865,Cell,0.44591498374938965
TW_NATIONAL_TAIWAN_UNIVERSITY_a338e8b865,Computational biology,0.4771522879600525
TW_NATIONAL_TAIWAN_UNIVERSITY_a338e8b865,Computer science,0.5621187686920166
TW_NATIONAL_TAIWAN_UNIVERSITY_a338e8b865,Genetics,0.16001883149147034
TW_NATIONAL_TAIWAN_UNIVERSITY_a338e8b865,Inference,0.5233917832374573
UG_MINISTRY_OF_HEALTH_aff94ca32c,Attributable risk,0.6161518692970276
UG_MINISTRY_OF_HEALTH_aff94ca32c,Burden of disease,0.7023000121116638
UG_MINISTRY_OF_HEALTH_aff94ca32c,Cause of death,0.5558197498321533
UG_MINISTRY_OF_HEALTH_aff94ca32c,Computer science,0.0
UG_MINISTRY_OF_HEALTH_aff94ca32c,Computer security,0.0
UG_MINISTRY_OF_HEALTH_aff94ca32c,Confidence interval,0.2946649193763733
UG_MINISTRY_OF_HEALTH_aff94ca32c,Covariate,0.6156277656555176
UG_MINISTRY_OF_HEALTH_aff94ca32c,Demography,0.8899788856506348
UG_MINISTRY_OF_HEALTH_aff94ca32c,Disability-adjusted life year,0.5846619009971619
UG_MINISTRY_OF_HEALTH_aff94ca32c,Disease,0.8987853825092316
UG_MINISTRY_OF_HEALTH_aff94ca32c,Disease burden,0.6051012277603149
UG_MINISTRY_OF_HEALTH_aff94ca32c,Environmental health,0.7141213417053223
UG_MINISTRY_OF_HEALTH_aff94ca32c,Internal medicine,0.0
UG_MINISTRY_OF_HEALTH_aff94ca32c,Life expectancy,0.27504870295524597
UG_MINISTRY_OF_HEALTH_aff94ca32c,Mathematics,0.15310701727867126
UG_MINISTRY_OF_HEALTH_aff94ca32c,Medicine,1.2570818662643433
UG_MINISTRY_OF_HEALTH_aff94ca32c,Missing data,0.43697911500930786
UG_MINISTRY_OF_HEALTH_aff94ca32c,Pathology,0.0
UG_MINISTRY_OF_HEALTH_aff94ca32c,Population,0.16413837671279907
UG_MINISTRY_OF_HEALTH_aff94ca32c,Relative risk,0.5610102415084839
UG_MINISTRY_OF_HEALTH_aff94ca32c,Risk assessment,0.5756056904792786
UG_MINISTRY_OF_HEALTH_aff94ca32c,Risk factor,0.5091940760612488
UG_MINISTRY_OF_HEALTH_aff94ca32c,Sociology,0.0
UG_MINISTRY_OF_HEALTH_aff94ca32c,Statistics,0.4522966146469116
UG_MINISTRY_OF_HEALTH_aff94ca32c,Years of potential life lost,0.5815194249153137
UK_GB100108005_ec987727ff,Biology,0.7706215977668762
UK_GB100108005_ec987727ff,Computational biology,0.41553473472595215
UK_GB100108005_ec987727ff,Gene,0.6479794383049011
UK_GB100108005_ec987727ff,Genetics,0.6788218021392822
UK_GB100108005_ec987727ff,Genome,0.6651559472084045
UK_GB100108005_ec987727ff,Human genome,0.5462318658828735
UK_GB100108005_ec987727ff,Model organism,0.5554519295692444
UK_GB100108005_ec987727ff,Pseudogene,0.691056489944458
UK_GB100108005_ec987727ff,Reference genome,0.45520973205566406
UK_GB100108005_ec987727ff,Zebrafish,0.9221906661987305
UK_GB248837911_e578a3c28b,Annotation,0.621225893497467
UK_GB248837911_e578a3c28b,Biology,0.6265080571174622
UK_GB248837911_e578a3c28b,Burden of disease,0.6250711679458618
UK_GB248837911_e578a3c28b,Case fatality rate,0.4428708553314209
UK_GB248837911_e578a3c28b,Cause of death,0.44510552287101746
UK_GB248837911_e578a3c28b,Clinical trial,0.42311277985572815
UK_GB248837911_e578a3c28b,Computational biology,0.624434232711792
UK_GB248837911_e578a3c28b,Computer science,0.39250078797340393
UK_GB248837911_e578a3c28b,Demography,0.5074257254600525
UK_GB248837911_e578a3c28b,Disability-adjusted life year,0.4536948502063751
UK_GB248837911_e578a3c28b,Disease,0.3741859793663025
UK_GB248837911_e578a3c28b,Disease burden,0.537912905216217
UK_GB248837911_e578a3c28b,Environmental health,0.49474141001701355
UK_GB248837911_e578a3c28b,Exome,0.4622931182384491
UK_GB248837911_e578a3c28b,Exome sequencing,0.5792765021324158
UK_GB248837911_e578a3c28b,Function (biology),0.4226640462875366
UK_GB248837911_e578a3c28b,Gene,0.6953994631767273
UK_GB248837911_e578a3c28b,Genetics,0.5423324108123779
UK_GB248837911_e578a3c28b,Genome,0.6605028510093689
UK_GB248837911_e578a3c28b,Global health,0.4490731358528137
UK_GB248837911_e578a3c28b,Human genome,0.5655359029769897
UK_GB248837911_e578a3c28b,Incidence (geometry),0.46606212854385376
UK_GB248837911_e578a3c28b,Internal medicine,0.13073280453681946
UK_GB248837911_e578a3c28b,Law,0.0
UK_GB248837911_e578a3c28b,Life expectancy,0.38459542393684387
UK_GB248837911_e578a3c28b,Loss function,0.4619614779949188
UK_GB248837911_e578a3c28b,MEDLINE,0.4072604179382324
UK_GB248837911_e578a3c28b,Medical physics,0.3722756505012512
UK_GB248837911_e578a3c28b,Medicine,1.4134215712547302
UK_GB248837911_e578a3c28b,Meta-analysis,0.3769868016242981
UK_GB248837911_e578a3c28b,Mutation,0.41175058484077454
UK_GB248837911_e578a3c28b,Nursing,0.0
UK_GB248837911_e578a3c28b,Optics,0.0
UK_GB248837911_e578a3c28b,Pathology,0.0
UK_GB248837911_e578a3c28b,Phenotype,0.44457441568374634
UK_GB248837911_e578a3c28b,Physics,0.0
UK_GB248837911_e578a3c28b,Political science,0.0
UK_GB248837911_e578a3c28b,Population,0.571294367313385
UK_GB248837911_e578a3c28b,Public health,0.38423794507980347
UK_GB248837911_e578a3c28b,Publication bias,0.4742540419101715
UK_GB248837911_e578a3c28b,Randomized controlled trial,0.5045734643936157
UK_GB248837911_e578a3c28b,Sociology,0.0
UK_GB248837911_e578a3c28b,Systematic review,0.533315122127533
UK_GB248837911_e578a3c28b,Years of potential life lost,0.5155167579650879
UK_GB270939731_2e8dc42f03,Biochemical engineering,0.40951111912727356
UK_GB270939731_2e8dc42f03,Biochemistry,0.0
UK_GB270939731_2e8dc42f03,Bioinformatics,0.16434717178344727
UK_GB270939731_2e8dc42f03,Biology,0.22502821683883667
UK_GB270939731_2e8dc42f03,Biotechnology,0.43968719244003296
UK_GB270939731_2e8dc42f03,Business,0.2945111393928528
UK_GB270939731_2e8dc42f03,Computer science,0.3724450469017029
UK_GB270939731_2e8dc42f03,Data science,0.4231951832771301
UK_GB270939731_2e8dc42f03,Drug discovery,0.689194917678833
UK_GB270939731_2e8dc42f03,Engineering,0.273059219121933
UK_GB270939731_2e8dc42f03,Isolation (microbiology),0.510489821434021
UK_GB270939731_2e8dc42f03,Natural (archaeology),0.47912073135375977
UK_GB270939731_2e8dc42f03,Natural product,0.476485937833786
UK_GB270939731_2e8dc42f03,Paleontology,0.0
UK_GB270939731_2e8dc42f03,Pharmaceutical industry,0.4850582182407379
UK_GB270939731_2e8dc42f03,Risk analysis (engineering),0.4975621998310089
UK_GB310498083_9bd73e9585,Astrophysics,0.0
UK_GB310498083_9bd73e9585,Biology,0.4486907124519348
UK_GB310498083_9bd73e9585,Evolutionary biology,0.4798135757446289
UK_GB310498083_9bd73e9585,Gene,0.10705849528312683
UK_GB310498083_9bd73e9585,Genetic variation,0.5421806573867798
UK_GB310498083_9bd73e9585,Genetics,0.3823968172073364
UK_GB310498083_9bd73e9585,Genome,0.5278382301330566
UK_GB310498083_9bd73e9585,Human genetic variation,0.6672757863998413
UK_GB310498083_9bd73e9585,Human genome,0.5729089975357056
UK_GB310498083_9bd73e9585,Physics,0.0
UK_GB310498083_9bd73e9585,Variation (astronomy),0.6842190623283386
UK_GB524371168_eaa3f3b4f2,ATG8,0.5880008339881897
UK_GB524371168_eaa3f3b4f2,Alzheimer's disease,1.0937469601631165
UK_GB524371168_eaa3f3b4f2,Amyloid (mycology),0.595681369304657
UK_GB524371168_eaa3f3b4f2,Apathy,0.6638215184211731
UK_GB524371168_eaa3f3b4f2,Aphasia,0.4350741505622864
UK_GB524371168_eaa3f3b4f2,Apolipoprotein E,0.6543006896972656
UK_GB524371168_eaa3f3b4f2,Apoptosis,0.0
UK_GB524371168_eaa3f3b4f2,Autophagosome,0.7631988525390625
UK_GB524371168_eaa3f3b4f2,Autophagy,0.9595129489898682
UK_GB524371168_eaa3f3b4f2,Biochemical engineering,0.40951111912727356
UK_GB524371168_eaa3f3b4f2,Biochemistry,0.2146838903427124
UK_GB524371168_eaa3f3b4f2,Biogenesis,0.5590387582778931
UK_GB524371168_eaa3f3b4f2,Bioinformatics,0.16434717178344727
UK_GB524371168_eaa3f3b4f2,Biology,1.8376557230949402
UK_GB524371168_eaa3f3b4f2,Biotechnology,0.43968719244003296
UK_GB524371168_eaa3f3b4f2,Business,0.2945111393928528
UK_GB524371168_eaa3f3b4f2,Cause of death,0.5558197498321533
UK_GB524371168_eaa3f3b4f2,Cell,0.2458903193473816
UK_GB524371168_eaa3f3b4f2,Cell biology,0.6620039939880371
UK_GB524371168_eaa3f3b4f2,Checklist,2.691228985786438
UK_GB524371168_eaa3f3b4f2,Chronic disease,0.41377392411231995
UK_GB524371168_eaa3f3b4f2,Clinical trial,0.42311277985572815
UK_GB524371168_eaa3f3b4f2,Cognition,0.10720241069793701
UK_GB524371168_eaa3f3b4f2,Cognitive psychology,0.0
UK_GB524371168_eaa3f3b4f2,Computer science,1.143914520740509
UK_GB524371168_eaa3f3b4f2,Covariate,0.6156277656555176
UK_GB524371168_eaa3f3b4f2,Cytoplasm,0.1116902232170105
UK_GB524371168_eaa3f3b4f2,Data science,0.4231951832771301
UK_GB524371168_eaa3f3b4f2,Dementia,0.6343274116516113
UK_GB524371168_eaa3f3b4f2,Demography,0.543491542339325
UK_GB524371168_eaa3f3b4f2,Disease,2.4129107892513275
UK_GB524371168_eaa3f3b4f2,Drug discovery,0.689194917678833
UK_GB524371168_eaa3f3b4f2,Engineering,0.5157109200954437
UK_GB524371168_eaa3f3b4f2,Environmental health,0.40299588441848755
UK_GB524371168_eaa3f3b4f2,Epidemiology,0.4713418185710907
UK_GB524371168_eaa3f3b4f2,Etiology,0.7635751962661743
UK_GB524371168_eaa3f3b4f2,Frontotemporal dementia,0.938435435295105
UK_GB524371168_eaa3f3b4f2,Frontotemporal lobar degeneration,0.849124014377594
UK_GB524371168_eaa3f3b4f2,Gene,0.16717469692230225
UK_GB524371168_eaa3f3b4f2,Genetic association,0.5599405765533447
UK_GB524371168_eaa3f3b4f2,Genetics,0.5480074286460876
UK_GB524371168_eaa3f3b4f2,Genome-wide association study,0.8586184978485107
UK_GB524371168_eaa3f3b4f2,Genotype,0.2509271502494812
UK_GB524371168_eaa3f3b4f2,Gerontology,0.30212199687957764
UK_GB524371168_eaa3f3b4f2,Guideline,2.0692089796066284
UK_GB524371168_eaa3f3b4f2,Harm,0.5276176929473877
UK_GB524371168_eaa3f3b4f2,Immunology,0.6634631752967834
UK_GB524371168_eaa3f3b4f2,Incidence (geometry),0.6343108415603638
UK_GB524371168_eaa3f3b4f2,Inflammation,0.6809349656105042
UK_GB524371168_eaa3f3b4f2,Intensive care medicine,1.02936589717865
UK_GB524371168_eaa3f3b4f2,Internal medicine,0.6715691089630127
UK_GB524371168_eaa3f3b4f2,Intracellular,0.257116436958313
UK_GB524371168_eaa3f3b4f2,Isolation (microbiology),0.510489821434021
UK_GB524371168_eaa3f3b4f2,Law,0.0
UK_GB524371168_eaa3f3b4f2,Life span,0.5941201448440552
UK_GB524371168_eaa3f3b4f2,Linguistics,0.0
UK_GB524371168_eaa3f3b4f2,Locus (genetics),0.4755289852619171
UK_GB524371168_eaa3f3b4f2,MEDLINE,2.218163251876831
UK_GB524371168_eaa3f3b4f2,Management science,1.0363386869430542
UK_GB524371168_eaa3f3b4f2,Mathematics,0.15310701727867126
UK_GB524371168_eaa3f3b4f2,Medical education,0.34172967076301575
UK_GB524371168_eaa3f3b4f2,Medical physics,0.6983343362808228
UK_GB524371168_eaa3f3b4f2,Medicine,6.304434180259705
UK_GB524371168_eaa3f3b4f2,Meta-analysis,1.3968572616577148
UK_GB524371168_eaa3f3b4f2,Missing data,0.43697911500930786
UK_GB524371168_eaa3f3b4f2,Multicellular organism,0.5740522146224976
UK_GB524371168_eaa3f3b4f2,Natural (archaeology),0.47912073135375977
UK_GB524371168_eaa3f3b4f2,Natural product,0.476485937833786
UK_GB524371168_eaa3f3b4f2,Neuroscience,0.4085502624511719
UK_GB524371168_eaa3f3b4f2,Nursing,0.12202504277229309
UK_GB524371168_eaa3f3b4f2,Optics,0.0
UK_GB524371168_eaa3f3b4f2,Organ dysfunction,0.665127694606781
UK_GB524371168_eaa3f3b4f2,Paleontology,0.0
UK_GB524371168_eaa3f3b4f2,Pathology,0.9936549961566925
UK_GB524371168_eaa3f3b4f2,Pediatrics,0.3614473044872284
UK_GB524371168_eaa3f3b4f2,Phagosome,0.5928187370300293
UK_GB524371168_eaa3f3b4f2,Pharmaceutical industry,0.4850582182407379
UK_GB524371168_eaa3f3b4f2,Philosophy,0.0
UK_GB524371168_eaa3f3b4f2,Physics,0.0
UK_GB524371168_eaa3f3b4f2,Political science,0.11159858107566833
UK_GB524371168_eaa3f3b4f2,Presentation (obstetrics),1.5154308378696442
UK_GB524371168_eaa3f3b4f2,Primary progressive aphasia,0.42235177755355835
UK_GB524371168_eaa3f3b4f2,Psychiatry,0.4257115423679352
UK_GB524371168_eaa3f3b4f2,Psychological intervention,0.8379109501838684
UK_GB524371168_eaa3f3b4f2,Psychology,1.4924521148204803
UK_GB524371168_eaa3f3b4f2,Publication bias,0.4742540419101715
UK_GB524371168_eaa3f3b4f2,Radiology,0.0
UK_GB524371168_eaa3f3b4f2,Randomized controlled trial,0.5045734643936157
UK_GB524371168_eaa3f3b4f2,Risk analysis (engineering),0.4975621998310089
UK_GB524371168_eaa3f3b4f2,SOFA score,0.5207162499427795
UK_GB524371168_eaa3f3b4f2,Semantic dementia,0.4749177396297455
UK_GB524371168_eaa3f3b4f2,Sepsis,0.8699451088905334
UK_GB524371168_eaa3f3b4f2,Septic shock,0.8011101484298706
UK_GB524371168_eaa3f3b4f2,Shock (circulatory),0.44265931844711304
UK_GB524371168_eaa3f3b4f2,Single-nucleotide polymorphism,0.6837853789329529
UK_GB524371168_eaa3f3b4f2,Social psychology,0.07648447155952454
UK_GB524371168_eaa3f3b4f2,Sociology,0.0
UK_GB524371168_eaa3f3b4f2,Statement (logic),1.819906771183014
UK_GB524371168_eaa3f3b4f2,Statistics,0.4522966146469116
UK_GB524371168_eaa3f3b4f2,Strengths and weaknesses,0.5695809721946716
UK_GB524371168_eaa3f3b4f2,Surgery,0.0615411102771759
UK_GB524371168_eaa3f3b4f2,Systematic review,3.6310582160949707
UK_GB524371168_eaa3f3b4f2,Systemic inflammatory response syndrome,0.5821648836135864
UK_GB524371168_eaa3f3b4f2,Terminology,1.7844640612602234
UK_GB524371168_eaa3f3b4f2,Vacuole,0.6125640869140625
UK_GB568630414_f4fc849734,Apathy,0.6638215184211731
UK_GB568630414_f4fc849734,Aphasia,0.4350741505622864
UK_GB568630414_f4fc849734,Biochemical engineering,0.40951111912727356
UK_GB568630414_f4fc849734,Biochemistry,0.0
UK_GB568630414_f4fc849734,Bioinformatics,0.16434717178344727
UK_GB568630414_f4fc849734,Biology,0.22502821683883667
UK_GB568630414_f4fc849734,Biotechnology,0.43968719244003296
UK_GB568630414_f4fc849734,Business,0.2945111393928528
UK_GB568630414_f4fc849734,Cognition,0.10720241069793701
UK_GB568630414_f4fc849734,Computer science,0.3724450469017029
UK_GB568630414_f4fc849734,Data science,0.4231951832771301
UK_GB568630414_f4fc849734,Dementia,0.6343274116516113
UK_GB568630414_f4fc849734,Disease,0.218031644821167
UK_GB568630414_f4fc849734,Drug discovery,0.689194917678833
UK_GB568630414_f4fc849734,Engineering,0.273059219121933
UK_GB568630414_f4fc849734,Frontotemporal dementia,0.938435435295105
UK_GB568630414_f4fc849734,Frontotemporal lobar degeneration,0.849124014377594
UK_GB568630414_f4fc849734,Isolation (microbiology),0.510489821434021
UK_GB568630414_f4fc849734,Medicine,0.2983468174934387
UK_GB568630414_f4fc849734,Natural (archaeology),0.47912073135375977
UK_GB568630414_f4fc849734,Natural product,0.476485937833786
UK_GB568630414_f4fc849734,Paleontology,0.0
UK_GB568630414_f4fc849734,Pathology,0.3125283718109131
UK_GB568630414_f4fc849734,Pharmaceutical industry,0.4850582182407379
UK_GB568630414_f4fc849734,Primary progressive aphasia,0.42235177755355835
UK_GB568630414_f4fc849734,Psychiatry,0.4257115423679352
UK_GB568630414_f4fc849734,Psychology,0.6326439380645752
UK_GB568630414_f4fc849734,Risk analysis (engineering),0.4975621998310089
UK_GB568630414_f4fc849734,Semantic dementia,0.4749177396297455
UK_GB595183505_581ffbb3ee,Harm,0.5276176929473877
UK_GB595183505_581ffbb3ee,Law,0.0
UK_GB595183505_581ffbb3ee,MEDLINE,0.4540763795375824
UK_GB595183505_581ffbb3ee,Medicine,0.5872930288314819
UK_GB595183505_581ffbb3ee,Meta-analysis,0.4871029853820801
UK_GB595183505_581ffbb3ee,Nursing,0.12202504277229309
UK_GB595183505_581ffbb3ee,Pathology,0.0836808979511261
UK_GB595183505_581ffbb3ee,Political science,0.0
UK_GB595183505_581ffbb3ee,Psychological intervention,0.8379109501838684
UK_GB595183505_581ffbb3ee,Psychology,0.2573462128639221
UK_GB595183505_581ffbb3ee,Social psychology,0.07648447155952454
UK_GB595183505_581ffbb3ee,Strengths and weaknesses,0.5695809721946716
UK_GB595183505_581ffbb3ee,Systematic review,0.5523392558097839
UK_GB615860927_59376e822e,Alzheimer's disease,0.5946179032325745
UK_GB615860927_59376e822e,Apolipoprotein E,0.6543006896972656
UK_GB615860927_59376e822e,Biology,0.6411768794059753
UK_GB615860927_59376e822e,Disease,0.6438267230987549
UK_GB615860927_59376e822e,Gene,0.16717469692230225
UK_GB615860927_59376e822e,Genetic association,0.5599405765533447
UK_GB615860927_59376e822e,Genetics,0.5480074286460876
UK_GB615860927_59376e822e,Genome-wide association study,0.8586184978485107
UK_GB615860927_59376e822e,Genotype,0.2509271502494812
UK_GB615860927_59376e822e,Internal medicine,0.1625942885875702
UK_GB615860927_59376e822e,Locus (genetics),0.4755289852619171
UK_GB615860927_59376e822e,Medicine,0.17154410481452942
UK_GB615860927_59376e822e,Meta-analysis,0.5327674746513367
UK_GB615860927_59376e822e,Single-nucleotide polymorphism,0.6837853789329529
UK_GB627403551_0eb3d8756c,Alzheimer's disease,0.5946179032325745
UK_GB627403551_0eb3d8756c,Apolipoprotein E,0.6543006896972656
UK_GB627403551_0eb3d8756c,Biology,2.2431353330612183
UK_GB627403551_0eb3d8756c,Breast cancer,0.5785163044929504
UK_GB627403551_0eb3d8756c,Cancer,0.35805290937423706
UK_GB627403551_0eb3d8756c,Cause of death,0.5558197498321533
UK_GB627403551_0eb3d8756c,Comparative genomic hybridization,0.4796053171157837
UK_GB627403551_0eb3d8756c,Computational biology,0.8610188663005829
UK_GB627403551_0eb3d8756c,Copy number analysis,0.4787958562374115
UK_GB627403551_0eb3d8756c,Copy-number variation,0.5621121525764465
UK_GB627403551_0eb3d8756c,Covariate,0.6156277656555176
UK_GB627403551_0eb3d8756c,Demography,0.543491542339325
UK_GB627403551_0eb3d8756c,Disease,2.0783566534519196
UK_GB627403551_0eb3d8756c,Environmental health,0.0
UK_GB627403551_0eb3d8756c,Expert opinion,0.6715271472930908
UK_GB627403551_0eb3d8756c,Family medicine,0.3640426993370056
UK_GB627403551_0eb3d8756c,Gene,1.3363342583179474
UK_GB627403551_0eb3d8756c,Gene expression,0.7828330099582672
UK_GB627403551_0eb3d8756c,Gene expression profiling,0.4295917749404907
UK_GB627403551_0eb3d8756c,Genetic architecture,0.43001317977905273
UK_GB627403551_0eb3d8756c,Genetic association,0.5599405765533447
UK_GB627403551_0eb3d8756c,Genetic testing,0.5166433453559875
UK_GB627403551_0eb3d8756c,Genetic variation,0.4773193299770355
UK_GB627403551_0eb3d8756c,Genetics,1.7217110097408295
UK_GB627403551_0eb3d8756c,Genome,0.5833898782730103
UK_GB627403551_0eb3d8756c,Genome-wide association study,0.8586184978485107
UK_GB627403551_0eb3d8756c,Genotype,0.2509271502494812
UK_GB627403551_0eb3d8756c,Host (biology),0.7231769561767578
UK_GB627403551_0eb3d8756c,Human genetic variation,0.44915100932121277
UK_GB627403551_0eb3d8756c,Human genome,0.19069254398345947
UK_GB627403551_0eb3d8756c,Inflammatory Bowel Diseases,0.5069501399993896
UK_GB627403551_0eb3d8756c,Inflammatory bowel disease,0.8482241630554199
UK_GB627403551_0eb3d8756c,Intensive care medicine,0.451002299785614
UK_GB627403551_0eb3d8756c,Internal medicine,0.4537440240383148
UK_GB627403551_0eb3d8756c,Leukemia,0.2953142523765564
UK_GB627403551_0eb3d8756c,Locus (genetics),0.4755289852619171
UK_GB627403551_0eb3d8756c,Mathematics,0.15310701727867126
UK_GB627403551_0eb3d8756c,Medicine,2.0423135459423065
UK_GB627403551_0eb3d8756c,Meta-analysis,0.5327674746513367
UK_GB627403551_0eb3d8756c,Minimal residual disease,0.562143862247467
UK_GB627403551_0eb3d8756c,Missing data,0.43697911500930786
UK_GB627403551_0eb3d8756c,Myeloid leukemia,0.4520180821418762
UK_GB627403551_0eb3d8756c,Oncology,0.4002456068992615
UK_GB627403551_0eb3d8756c,Pathology,0.15053018927574158
UK_GB627403551_0eb3d8756c,Phenotype,0.08114805817604065
UK_GB627403551_0eb3d8756c,Population,0.4289896488189697
UK_GB627403551_0eb3d8756c,RNA,0.10360822081565857
UK_GB627403551_0eb3d8756c,RNA splicing,0.47879061102867126
UK_GB627403551_0eb3d8756c,Regulation of gene expression,0.4422377347946167
UK_GB627403551_0eb3d8756c,Single-nucleotide polymorphism,0.6837853789329529
UK_GB627403551_0eb3d8756c,Sociology,0.0
UK_GB627403551_0eb3d8756c,Statistics,0.4522966146469116
UK_GB627403551_0eb3d8756c,Transcriptome,0.6470482349395752
UK_GB637150940_08067467fd,Attributable risk,0.6161518692970276
UK_GB637150940_08067467fd,Burden of disease,0.7023000121116638
UK_GB637150940_08067467fd,Computer science,0.0
UK_GB637150940_08067467fd,Computer security,0.0
UK_GB637150940_08067467fd,Confidence interval,0.2946649193763733
UK_GB637150940_08067467fd,Demography,0.3464873433113098
UK_GB637150940_08067467fd,Disability-adjusted life year,0.5846619009971619
UK_GB637150940_08067467fd,Disease,0.49889111518859863
UK_GB637150940_08067467fd,Disease burden,0.6051012277603149
UK_GB637150940_08067467fd,Environmental health,0.7141213417053223
UK_GB637150940_08067467fd,Internal medicine,0.0
UK_GB637150940_08067467fd,Life expectancy,0.27504870295524597
UK_GB637150940_08067467fd,Medicine,0.7390699982643127
UK_GB637150940_08067467fd,Pathology,0.0
UK_GB637150940_08067467fd,Population,0.16413837671279907
UK_GB637150940_08067467fd,Relative risk,0.5610102415084839
UK_GB637150940_08067467fd,Risk assessment,0.5756056904792786
UK_GB637150940_08067467fd,Risk factor,0.5091940760612488
UK_GB637150940_08067467fd,Sociology,0.0
UK_GB637150940_08067467fd,Years of potential life lost,0.5815194249153137
UK_GB647205541_5de947cfbc,Checklist,2.691228985786438
UK_GB647205541_5de947cfbc,Clinical trial,0.42311277985572815
UK_GB647205541_5de947cfbc,Cognitive psychology,0.0
UK_GB647205541_5de947cfbc,Computer science,0.7714694738388062
UK_GB647205541_5de947cfbc,Engineering,0.24265170097351074
UK_GB647205541_5de947cfbc,Guideline,2.0692089796066284
UK_GB647205541_5de947cfbc,Harm,0.5276176929473877
UK_GB647205541_5de947cfbc,Internal medicine,0.13073280453681946
UK_GB647205541_5de947cfbc,Law,0.0
UK_GB647205541_5de947cfbc,Linguistics,0.0
UK_GB647205541_5de947cfbc,MEDLINE,2.218163251876831
UK_GB647205541_5de947cfbc,Management science,1.0363386869430542
UK_GB647205541_5de947cfbc,Medical education,0.34172967076301575
UK_GB647205541_5de947cfbc,Medical physics,0.6983343362808228
UK_GB647205541_5de947cfbc,Medicine,2.779453307390213
UK_GB647205541_5de947cfbc,Meta-analysis,0.8640897870063782
UK_GB647205541_5de947cfbc,Nursing,0.12202504277229309
UK_GB647205541_5de947cfbc,Pathology,0.42319801449775696
UK_GB647205541_5de947cfbc,Philosophy,0.0
UK_GB647205541_5de947cfbc,Political science,0.11159858107566833
UK_GB647205541_5de947cfbc,Presentation (obstetrics),1.5154308378696442
UK_GB647205541_5de947cfbc,Psychological intervention,0.8379109501838684
UK_GB647205541_5de947cfbc,Psychology,0.8598081767559052
UK_GB647205541_5de947cfbc,Publication bias,0.4742540419101715
UK_GB647205541_5de947cfbc,Radiology,0.0
UK_GB647205541_5de947cfbc,Randomized controlled trial,0.5045734643936157
UK_GB647205541_5de947cfbc,Social psychology,0.07648447155952454
UK_GB647205541_5de947cfbc,Statement (logic),1.819906771183014
UK_GB647205541_5de947cfbc,Strengths and weaknesses,0.5695809721946716
UK_GB647205541_5de947cfbc,Surgery,0.0615411102771759
UK_GB647205541_5de947cfbc,Systematic review,3.6310582160949707
UK_GB647205541_5de947cfbc,Terminology,1.7844640612602234
UK_GB654400165_f2b6913055,Biology,0.902424693107605
UK_GB654400165_f2b6913055,Coronavirus disease 2019 (COVID-19),0.5664474368095398
UK_GB654400165_f2b6913055,Disease,0.25346726179122925
UK_GB654400165_f2b6913055,Economics,0.0
UK_GB654400165_f2b6913055,Immunology,0.3647923767566681
UK_GB654400165_f2b6913055,Infectious disease (medical specialty),0.0
UK_GB654400165_f2b6913055,Infectivity,0.7726397514343262
UK_GB654400165_f2b6913055,Internal medicine,0.19016161561012268
UK_GB654400165_f2b6913055,Management,0.0
UK_GB654400165_f2b6913055,Medicine,0.0
UK_GB654400165_f2b6913055,Pandemic,0.5658608675003052
UK_GB654400165_f2b6913055,Severe acute respiratory syndrome coronavirus 2 (SARS-CoV-2),0.47365817427635193
UK_GB654400165_f2b6913055,Spike (software development),0.6949908137321472
UK_GB654400165_f2b6913055,Titer,0.5744068622589111
UK_GB654400165_f2b6913055,Viral load,0.44490957260131836
UK_GB654400165_f2b6913055,Virology,0.6059787273406982
UK_GB654400165_f2b6913055,Virus,0.6249645948410034
UK_GB654910528_11a0144aa6,Biology,0.6923749446868896
UK_GB654910528_11a0144aa6,Breast cancer,0.5785163044929504
UK_GB654910528_11a0144aa6,Cancer,0.35805290937423706
UK_GB654910528_11a0144aa6,Comparative genomic hybridization,0.4796053171157837
UK_GB654910528_11a0144aa6,Computational biology,0.454962819814682
UK_GB654910528_11a0144aa6,Copy number analysis,0.4787958562374115
UK_GB654910528_11a0144aa6,Copy-number variation,0.5621121525764465
UK_GB654910528_11a0144aa6,Environmental health,0.0
UK_GB654910528_11a0144aa6,Gene,0.5700441002845764
UK_GB654910528_11a0144aa6,Gene expression,0.3514614701271057
UK_GB654910528_11a0144aa6,Gene expression profiling,0.4295917749404907
UK_GB654910528_11a0144aa6,Genetics,0.5350630879402161
UK_GB654910528_11a0144aa6,Genome,0.45921042561531067
UK_GB654910528_11a0144aa6,Medicine,0.16451236605644226
UK_GB654910528_11a0144aa6,Population,0.4289896488189697
UK_GB654910528_11a0144aa6,Transcriptome,0.6470482349395752
UK_GB671798093_63d7006437,Epilepsy,0.8462277054786682
UK_GB671798093_63d7006437,Epilepsy syndromes,0.48666006326675415
UK_GB671798093_63d7006437,Etiology,0.5829571485519409
UK_GB671798093_63d7006437,Generalized epilepsy,0.4336230754852295
UK_GB671798093_63d7006437,Intensive care medicine,0.361179918050766
UK_GB671798093_63d7006437,Linguistics,0.0
UK_GB671798093_63d7006437,Medicine,0.5225409865379333
UK_GB671798093_63d7006437,Pediatrics,0.3892921209335327
UK_GB671798093_63d7006437,Philosophy,0.0
UK_GB671798093_63d7006437,Psychiatry,0.3205186128616333
UK_GB671798093_63d7006437,Terminology,0.7138856649398804
UK_GB888815064_35652bba5b,Alternative medicine,0.0
UK_GB888815064_35652bba5b,Biology,0.22491663694381714
UK_GB888815064_35652bba5b,Business,0.478975772857666
UK_GB888815064_35652bba5b,Chemistry,0.41590768098831177
UK_GB888815064_35652bba5b,Chromatography,0.1269339621067047
UK_GB888815064_35652bba5b,Computational biology,0.41906023025512695
UK_GB888815064_35652bba5b,Computer science,0.28377848863601685
UK_GB888815064_35652bba5b,Data curation,0.6775604486465454
UK_GB888815064_35652bba5b,Data science,0.4047073423862457
UK_GB888815064_35652bba5b,Data sharing,0.4613611102104187
UK_GB888815064_35652bba5b,Mass spectrometry,0.4895699918270111
UK_GB888815064_35652bba5b,Medicine,0.09025657176971436
UK_GB888815064_35652bba5b,Natural (archaeology),0.5419458150863647
UK_GB888815064_35652bba5b,Paleontology,0.0
UK_GB888815064_35652bba5b,Pathology,0.0
UK_GB888815064_35652bba5b,World Wide Web,0.3699272871017456
UK_GB916583894_ae7ea88be1,ATG8,0.5880008339881897
UK_GB916583894_ae7ea88be1,Annotation,0.621225893497467
UK_GB916583894_ae7ea88be1,Apoptosis,0.0
UK_GB916583894_ae7ea88be1,Autophagosome,0.7631988525390625
UK_GB916583894_ae7ea88be1,Autophagy,0.9595129489898682
UK_GB916583894_ae7ea88be1,Biochemistry,0.2146838903427124
UK_GB916583894_ae7ea88be1,Biogenesis,0.5590387582778931
UK_GB916583894_ae7ea88be1,Biology,1.3337512612342834
UK_GB916583894_ae7ea88be1,Cell,0.2458903193473816
UK_GB916583894_ae7ea88be1,Cell biology,0.6620039939880371
UK_GB916583894_ae7ea88be1,Computational biology,0.624434232711792
UK_GB916583894_ae7ea88be1,Cytoplasm,0.1116902232170105
UK_GB916583894_ae7ea88be1,Exome,0.4622931182384491
UK_GB916583894_ae7ea88be1,Exome sequencing,0.5792765021324158
UK_GB916583894_ae7ea88be1,Function (biology),0.4226640462875366
UK_GB916583894_ae7ea88be1,Gene,0.6953994631767273
UK_GB916583894_ae7ea88be1,Genetics,0.5423324108123779
UK_GB916583894_ae7ea88be1,Genome,0.6605028510093689
UK_GB916583894_ae7ea88be1,Human genome,0.5655359029769897
UK_GB916583894_ae7ea88be1,Intracellular,0.257116436958313
UK_GB916583894_ae7ea88be1,Loss function,0.4619614779949188
UK_GB916583894_ae7ea88be1,Multicellular organism,0.5740522146224976
UK_GB916583894_ae7ea88be1,Mutation,0.41175058484077454
UK_GB916583894_ae7ea88be1,Phagosome,0.5928187370300293
UK_GB916583894_ae7ea88be1,Phenotype,0.44457441568374634
UK_GB916583894_ae7ea88be1,Vacuole,0.6125640869140625
UK_GB991261800_b59b7ba284,Alzheimer's disease,0.5946179032325745
UK_GB991261800_b59b7ba284,Apolipoprotein E,0.6543006896972656
UK_GB991261800_b59b7ba284,Attributable risk,0.6161518692970276
UK_GB991261800_b59b7ba284,Biology,0.6411768794059753
UK_GB991261800_b59b7ba284,Burden of disease,0.7023000121116638
UK_GB991261800_b59b7ba284,Checklist,2.691228985786438
UK_GB991261800_b59b7ba284,Clinical trial,0.42311277985572815
UK_GB991261800_b59b7ba284,Cognitive psychology,0.0
UK_GB991261800_b59b7ba284,Computer science,0.7714694738388062
UK_GB991261800_b59b7ba284,Computer security,0.0
UK_GB991261800_b59b7ba284,Confidence interval,0.2946649193763733
UK_GB991261800_b59b7ba284,Demography,0.3464873433113098
UK_GB991261800_b59b7ba284,Disability-adjusted life year,0.5846619009971619
UK_GB991261800_b59b7ba284,Disease,1.1427178382873535
UK_GB991261800_b59b7ba284,Disease burden,0.6051012277603149
UK_GB991261800_b59b7ba284,Engineering,0.24265170097351074
UK_GB991261800_b59b7ba284,Environmental health,0.7141213417053223
UK_GB991261800_b59b7ba284,Gene,0.16717469692230225
UK_GB991261800_b59b7ba284,Genetic association,0.5599405765533447
UK_GB991261800_b59b7ba284,Genetics,0.5480074286460876
UK_GB991261800_b59b7ba284,Genome-wide association study,0.8586184978485107
UK_GB991261800_b59b7ba284,Genotype,0.2509271502494812
UK_GB991261800_b59b7ba284,Guideline,2.0692089796066284
UK_GB991261800_b59b7ba284,Harm,0.5276176929473877
UK_GB991261800_b59b7ba284,Internal medicine,0.29332709312438965
UK_GB991261800_b59b7ba284,Law,0.0
UK_GB991261800_b59b7ba284,Life expectancy,0.27504870295524597
UK_GB991261800_b59b7ba284,Linguistics,0.0
UK_GB991261800_b59b7ba284,Locus (genetics),0.4755289852619171
UK_GB991261800_b59b7ba284,MEDLINE,2.218163251876831
UK_GB991261800_b59b7ba284,Management science,1.0363386869430542
UK_GB991261800_b59b7ba284,Medical education,0.34172967076301575
UK_GB991261800_b59b7ba284,Medical physics,0.6983343362808228
UK_GB991261800_b59b7ba284,Medicine,3.690067410469055
UK_GB991261800_b59b7ba284,Meta-analysis,1.3968572616577148
UK_GB991261800_b59b7ba284,Nursing,0.12202504277229309
UK_GB991261800_b59b7ba284,Pathology,0.42319801449775696
UK_GB991261800_b59b7ba284,Philosophy,0.0
UK_GB991261800_b59b7ba284,Political science,0.11159858107566833
UK_GB991261800_b59b7ba284,Population,0.16413837671279907
UK_GB991261800_b59b7ba284,Presentation (obstetrics),1.5154308378696442
UK_GB991261800_b59b7ba284,Psychological intervention,0.8379109501838684
UK_GB991261800_b59b7ba284,Psychology,0.8598081767559052
UK_GB991261800_b59b7ba284,Publication bias,0.4742540419101715
UK_GB991261800_b59b7ba284,Radiology,0.0
UK_GB991261800_b59b7ba284,Randomized controlled trial,0.5045734643936157
UK_GB991261800_b59b7ba284,Relative risk,0.5610102415084839
UK_GB991261800_b59b7ba284,Risk assessment,0.5756056904792786
UK_GB991261800_b59b7ba284,Risk factor,0.5091940760612488
UK_GB991261800_b59b7ba284,Single-nucleotide polymorphism,0.6837853789329529
UK_GB991261800_b59b7ba284,Social psychology,0.07648447155952454
UK_GB991261800_b59b7ba284,Sociology,0.0
UK_GB991261800_b59b7ba284,Statement (logic),1.819906771183014
UK_GB991261800_b59b7ba284,Strengths and weaknesses,0.5695809721946716
UK_GB991261800_b59b7ba284,Surgery,0.0615411102771759
UK_GB991261800_b59b7ba284,Systematic review,3.6310582160949707
UK_GB991261800_b59b7ba284,Terminology,1.7844640612602234
UK_GB991261800_b59b7ba284,Years of potential life lost,0.5815194249153137
UK_UNIVERSITY_OF_ABERDEEN_bf095031f9,Harm,0.5276176929473877
UK_UNIVERSITY_OF_ABERDEEN_bf095031f9,Law,0.0
UK_UNIVERSITY_OF_ABERDEEN_bf095031f9,MEDLINE,0.4540763795375824
UK_UNIVERSITY_OF_ABERDEEN_bf095031f9,Medicine,0.5872930288314819
UK_UNIVERSITY_OF_ABERDEEN_bf095031f9,Meta-analysis,0.4871029853820801
UK_UNIVERSITY_OF_ABERDEEN_bf095031f9,Nursing,0.12202504277229309
UK_UNIVERSITY_OF_ABERDEEN_bf095031f9,Pathology,0.0836808979511261
UK_UNIVERSITY_OF_ABERDEEN_bf095031f9,Political science,0.0
UK_UNIVERSITY_OF_ABERDEEN_bf095031f9,Psychological intervention,0.8379109501838684
UK_UNIVERSITY_OF_ABERDEEN_bf095031f9,Psychology,0.2573462128639221
UK_UNIVERSITY_OF_ABERDEEN_bf095031f9,Social psychology,0.07648447155952454
UK_UNIVERSITY_OF_ABERDEEN_bf095031f9,Strengths and weaknesses,0.5695809721946716
UK_UNIVERSITY_OF_ABERDEEN_bf095031f9,Systematic review,0.5523392558097839
UK_UNIVERSITY_OF_SUNDERLAND_e49ef3775a,ATG8,0.5880008339881897
UK_UNIVERSITY_OF_SUNDERLAND_e49ef3775a,Apoptosis,0.0
UK_UNIVERSITY_OF_SUNDERLAND_e49ef3775a,Autophagosome,0.7631988525390625
UK_UNIVERSITY_OF_SUNDERLAND_e49ef3775a,Autophagy,0.9595129489898682
UK_UNIVERSITY_OF_SUNDERLAND_e49ef3775a,Biochemistry,0.2146838903427124
UK_UNIVERSITY_OF_SUNDERLAND_e49ef3775a,Biogenesis,0.5590387582778931
UK_UNIVERSITY_OF_SUNDERLAND_e49ef3775a,Biology,0.7072432041168213
UK_UNIVERSITY_OF_SUNDERLAND_e49ef3775a,Cell,0.2458903193473816
UK_UNIVERSITY_OF_SUNDERLAND_e49ef3775a,Cell biology,0.6620039939880371
UK_UNIVERSITY_OF_SUNDERLAND_e49ef3775a,Cytoplasm,0.1116902232170105
UK_UNIVERSITY_OF_SUNDERLAND_e49ef3775a,Gene,0.0
UK_UNIVERSITY_OF_SUNDERLAND_e49ef3775a,Intracellular,0.257116436958313
UK_UNIVERSITY_OF_SUNDERLAND_e49ef3775a,Multicellular organism,0.5740522146224976
UK_UNIVERSITY_OF_SUNDERLAND_e49ef3775a,Phagosome,0.5928187370300293
UK_UNIVERSITY_OF_SUNDERLAND_e49ef3775a,Vacuole,0.6125640869140625
US_ALLEN_INSTITUTE_c9a130f27c,Apoptosis,0.11815375089645386
US_ALLEN_INSTITUTE_c9a130f27c,Autophagy,0.8394724726676941
US_ALLEN_INSTITUTE_c9a130f27c,Bioinformatics,0.363537460565567
US_ALLEN_INSTITUTE_c9a130f27c,Biology,0.8342705965042114
US_ALLEN_INSTITUTE_c9a130f27c,Cell,0.3031357526779175
US_ALLEN_INSTITUTE_c9a130f27c,Cell biology,0.4783356189727783
US_ALLEN_INSTITUTE_c9a130f27c,Cell growth,0.4224741458892822
US_ALLEN_INSTITUTE_c9a130f27c,Cell metabolism,0.4333476722240448
US_ALLEN_INSTITUTE_c9a130f27c,Function (biology),0.4365387558937073
US_ALLEN_INSTITUTE_c9a130f27c,Genetics,0.18551665544509888
US_ALLEN_INSTITUTE_c9a130f27c,Mechanistic target of rapamycin,0.6092548966407776
US_ALLEN_INSTITUTE_c9a130f27c,PI3K/AKT/mTOR pathway,0.920688271522522
US_ALLEN_INSTITUTE_c9a130f27c,RPTOR,0.5575804114341736
US_ALLEN_INSTITUTE_c9a130f27c,Signal transduction,0.49552977085113525
US_ALLEN_INSTITUTE_c9a130f27c,TOR signaling,0.46782344579696655
US_ALLEN_INSTITUTE_c9a130f27c,mTORC1,0.4059187173843384
US_ALLEN_INSTITUTE_c9a130f27c,mTORC2,0.6302507519721985
US_BAYLOR_COLLEGE_OF_MEDICINE_1177e2b50f,1000 Genomes Project,1.1579360365867615
US_BAYLOR_COLLEGE_OF_MEDICINE_1177e2b50f,Adenocarcinoma,0.6261692643165588
US_BAYLOR_COLLEGE_OF_MEDICINE_1177e2b50f,Allele,0.28274089097976685
US_BAYLOR_COLLEGE_OF_MEDICINE_1177e2b50f,Alternative splicing,0.5351083874702454
US_BAYLOR_COLLEGE_OF_MEDICINE_1177e2b50f,Automation,0.4413680136203766
US_BAYLOR_COLLEGE_OF_MEDICINE_1177e2b50f,Bacteria,0.09365224838256836
US_BAYLOR_COLLEGE_OF_MEDICINE_1177e2b50f,Biochemistry,0.0
US_BAYLOR_COLLEGE_OF_MEDICINE_1177e2b50f,Biology,4.44462114572525
US_BAYLOR_COLLEGE_OF_MEDICINE_1177e2b50f,Cancer,0.6723080277442932
US_BAYLOR_COLLEGE_OF_MEDICINE_1177e2b50f,Cancer research,1.0354432463645935
US_BAYLOR_COLLEGE_OF_MEDICINE_1177e2b50f,Cause of death,0.5558197498321533
US_BAYLOR_COLLEGE_OF_MEDICINE_1177e2b50f,Cell cycle,0.10425186157226562
US_BAYLOR_COLLEGE_OF_MEDICINE_1177e2b50f,Chromatin,0.4478265047073364
US_BAYLOR_COLLEGE_OF_MEDICINE_1177e2b50f,Community,0.5060710310935974
US_BAYLOR_COLLEGE_OF_MEDICINE_1177e2b50f,Computational biology,1.5856409072875977
US_BAYLOR_COLLEGE_OF_MEDICINE_1177e2b50f,Computational science,0.39257901906967163
US_BAYLOR_COLLEGE_OF_MEDICINE_1177e2b50f,Computer science,0.6069087386131287
US_BAYLOR_COLLEGE_OF_MEDICINE_1177e2b50f,Covariate,0.6156277656555176
US_BAYLOR_COLLEGE_OF_MEDICINE_1177e2b50f,DNA,0.2062108814716339
US_BAYLOR_COLLEGE_OF_MEDICINE_1177e2b50f,DNA methylation,1.1915115714073181
US_BAYLOR_COLLEGE_OF_MEDICINE_1177e2b50f,DNA sequencing,0.5021266937255859
US_BAYLOR_COLLEGE_OF_MEDICINE_1177e2b50f,Database,0.08961111307144165
US_BAYLOR_COLLEGE_OF_MEDICINE_1177e2b50f,Demography,0.6079734265804291
US_BAYLOR_COLLEGE_OF_MEDICINE_1177e2b50f,Disease,0.39989426732063293
US_BAYLOR_COLLEGE_OF_MEDICINE_1177e2b50f,Ecology,0.6547218561172485
US_BAYLOR_COLLEGE_OF_MEDICINE_1177e2b50f,Engineering,0.16794955730438232
US_BAYLOR_COLLEGE_OF_MEDICINE_1177e2b50f,Environmental health,0.11622247099876404
US_BAYLOR_COLLEGE_OF_MEDICINE_1177e2b50f,Epigenetics,0.4278194308280945
US_BAYLOR_COLLEGE_OF_MEDICINE_1177e2b50f,Epigenome,0.4755149483680725
US_BAYLOR_COLLEGE_OF_MEDICINE_1177e2b50f,Epigenomics,0.955129861831665
US_BAYLOR_COLLEGE_OF_MEDICINE_1177e2b50f,Evolutionary biology,1.2246931493282318
US_BAYLOR_COLLEGE_OF_MEDICINE_1177e2b50f,Exome,0.4664895534515381
US_BAYLOR_COLLEGE_OF_MEDICINE_1177e2b50f,Exome sequencing,0.5580496788024902
US_BAYLOR_COLLEGE_OF_MEDICINE_1177e2b50f,Exon,1.2353384494781494
US_BAYLOR_COLLEGE_OF_MEDICINE_1177e2b50f,Gene,1.960637778043747
US_BAYLOR_COLLEGE_OF_MEDICINE_1177e2b50f,Gene expression,0.4276348352432251
US_BAYLOR_COLLEGE_OF_MEDICINE_1177e2b50f,Genetic association,0.5103368163108826
US_BAYLOR_COLLEGE_OF_MEDICINE_1177e2b50f,Genetic variation,0.5792258381843567
US_BAYLOR_COLLEGE_OF_MEDICINE_1177e2b50f,Genetics,3.070168435573578
US_BAYLOR_COLLEGE_OF_MEDICINE_1177e2b50f,Genome,1.4250665605068207
US_BAYLOR_COLLEGE_OF_MEDICINE_1177e2b50f,Genome-wide association study,0.41653817892074585
US_BAYLOR_COLLEGE_OF_MEDICINE_1177e2b50f,Genotype,0.6860925555229187
US_BAYLOR_COLLEGE_OF_MEDICINE_1177e2b50f,Genotyping,0.9880498945713043
US_BAYLOR_COLLEGE_OF_MEDICINE_1177e2b50f,Geography,0.3386346101760864
US_BAYLOR_COLLEGE_OF_MEDICINE_1177e2b50f,Germline mutation,0.4517962634563446
US_BAYLOR_COLLEGE_OF_MEDICINE_1177e2b50f,Graphical user interface,0.4605914354324341
US_BAYLOR_COLLEGE_OF_MEDICINE_1177e2b50f,Habitat,0.4501504898071289
US_BAYLOR_COLLEGE_OF_MEDICINE_1177e2b50f,Haplotype,1.1105674505233765
US_BAYLOR_COLLEGE_OF_MEDICINE_1177e2b50f,Human Microbiome Project,0.5840378999710083
US_BAYLOR_COLLEGE_OF_MEDICINE_1177e2b50f,Human genetic variation,0.46719881892204285
US_BAYLOR_COLLEGE_OF_MEDICINE_1177e2b50f,Human genome,1.6251813173294067
US_BAYLOR_COLLEGE_OF_MEDICINE_1177e2b50f,Human microbiome,0.5101380944252014
US_BAYLOR_COLLEGE_OF_MEDICINE_1177e2b50f,Imputation (statistics),0.7386645078659058
US_BAYLOR_COLLEGE_OF_MEDICINE_1177e2b50f,Indel,0.5285143852233887
US_BAYLOR_COLLEGE_OF_MEDICINE_1177e2b50f,International HapMap Project,1.8149189949035645
US_BAYLOR_COLLEGE_OF_MEDICINE_1177e2b50f,KRAS,0.5107920169830322
US_BAYLOR_COLLEGE_OF_MEDICINE_1177e2b50f,Linkage disequilibrium,0.8043128848075867
US_BAYLOR_COLLEGE_OF_MEDICINE_1177e2b50f,Lung cancer,0.5350998640060425
US_BAYLOR_COLLEGE_OF_MEDICINE_1177e2b50f,Mathematics,0.21839669346809387
US_BAYLOR_COLLEGE_OF_MEDICINE_1177e2b50f,Mechanical engineering,0.13220864534378052
US_BAYLOR_COLLEGE_OF_MEDICINE_1177e2b50f,Medicine,0.7787658274173737
US_BAYLOR_COLLEGE_OF_MEDICINE_1177e2b50f,Messenger RNA,0.44699254631996155
US_BAYLOR_COLLEGE_OF_MEDICINE_1177e2b50f,Metagenomics,0.7584229111671448
US_BAYLOR_COLLEGE_OF_MEDICINE_1177e2b50f,Methylation,0.4146692156791687
US_BAYLOR_COLLEGE_OF_MEDICINE_1177e2b50f,Microbial ecology,0.4453139901161194
US_BAYLOR_COLLEGE_OF_MEDICINE_1177e2b50f,Microbiome,0.8278478384017944
US_BAYLOR_COLLEGE_OF_MEDICINE_1177e2b50f,Missing data,0.5675000548362732
US_BAYLOR_COLLEGE_OF_MEDICINE_1177e2b50f,Molecular biology,0.41395875811576843
US_BAYLOR_COLLEGE_OF_MEDICINE_1177e2b50f,Mutation,0.5914056301116943
US_BAYLOR_COLLEGE_OF_MEDICINE_1177e2b50f,Neutron,0.5877265930175781
US_BAYLOR_COLLEGE_OF_MEDICINE_1177e2b50f,Niche,0.5147614479064941
US_BAYLOR_COLLEGE_OF_MEDICINE_1177e2b50f,Nuclear physics,0.1790231466293335
US_BAYLOR_COLLEGE_OF_MEDICINE_1177e2b50f,Oncogene,0.42384809255599976
US_BAYLOR_COLLEGE_OF_MEDICINE_1177e2b50f,Ovarian cancer,0.7307871580123901
US_BAYLOR_COLLEGE_OF_MEDICINE_1177e2b50f,Ovarian carcinoma,0.4806888997554779
US_BAYLOR_COLLEGE_OF_MEDICINE_1177e2b50f,Pathology,0.1253456175327301
US_BAYLOR_COLLEGE_OF_MEDICINE_1177e2b50f,Physics,0.2069079875946045
US_BAYLOR_COLLEGE_OF_MEDICINE_1177e2b50f,Population,0.9554093480110168
US_BAYLOR_COLLEGE_OF_MEDICINE_1177e2b50f,Programming language,0.0
US_BAYLOR_COLLEGE_OF_MEDICINE_1177e2b50f,RNA,0.22446078062057495
US_BAYLOR_COLLEGE_OF_MEDICINE_1177e2b50f,RNA splicing,0.5069925785064697
US_BAYLOR_COLLEGE_OF_MEDICINE_1177e2b50f,Reference genome,0.5823532938957214
US_BAYLOR_COLLEGE_OF_MEDICINE_1177e2b50f,SNP genotyping,0.8557927012443542
US_BAYLOR_COLLEGE_OF_MEDICINE_1177e2b50f,Sequence (biology),0.5314375758171082
US_BAYLOR_COLLEGE_OF_MEDICINE_1177e2b50f,Serous fluid,0.5272344946861267
US_BAYLOR_COLLEGE_OF_MEDICINE_1177e2b50f,Single-nucleotide polymorphism,1.3255362510681152
US_BAYLOR_COLLEGE_OF_MEDICINE_1177e2b50f,Sociology,0.0
US_BAYLOR_COLLEGE_OF_MEDICINE_1177e2b50f,Software,0.6315949559211731
US_BAYLOR_COLLEGE_OF_MEDICINE_1177e2b50f,Somatic cell,1.0190019309520721
US_BAYLOR_COLLEGE_OF_MEDICINE_1177e2b50f,Statistics,0.5623314678668976
US_BAYLOR_COLLEGE_OF_MEDICINE_1177e2b50f,Structural variation,0.5155425071716309
US_BAYLOR_COLLEGE_OF_MEDICINE_1177e2b50f,Tag SNP,0.9442175626754761
US_BAYLOR_COLLEGE_OF_MEDICINE_1177e2b50f,Workflow,0.6259680986404419
US_BAYLOR_COLLEGE_OF_MEDICINE_1177e2b50f,microRNA,0.5933352708816528
US_BOSTON_COLLEGE_86e13a9239,Astrophysics,0.0
US_BOSTON_COLLEGE_86e13a9239,Biology,0.4486907124519348
US_BOSTON_COLLEGE_86e13a9239,Evolutionary biology,0.4798135757446289
US_BOSTON_COLLEGE_86e13a9239,Gene,0.10705849528312683
US_BOSTON_COLLEGE_86e13a9239,Genetic variation,0.5421806573867798
US_BOSTON_COLLEGE_86e13a9239,Genetics,0.3823968172073364
US_BOSTON_COLLEGE_86e13a9239,Genome,0.5278382301330566
US_BOSTON_COLLEGE_86e13a9239,Human genetic variation,0.6672757863998413
US_BOSTON_COLLEGE_86e13a9239,Human genome,0.5729089975357056
US_BOSTON_COLLEGE_86e13a9239,Physics,0.0
US_BOSTON_COLLEGE_86e13a9239,Variation (astronomy),0.6842190623283386
US_BRANDEIS_UNIVERSITY_acc3895c61,Cause of death,0.5558197498321533
US_BRANDEIS_UNIVERSITY_acc3895c61,Covariate,0.6156277656555176
US_BRANDEIS_UNIVERSITY_acc3895c61,Demography,0.543491542339325
US_BRANDEIS_UNIVERSITY_acc3895c61,Disease,0.39989426732063293
US_BRANDEIS_UNIVERSITY_acc3895c61,Mathematics,0.15310701727867126
US_BRANDEIS_UNIVERSITY_acc3895c61,Medicine,0.5180118680000305
US_BRANDEIS_UNIVERSITY_acc3895c61,Missing data,0.43697911500930786
US_BRANDEIS_UNIVERSITY_acc3895c61,Pathology,0.0
US_BRANDEIS_UNIVERSITY_acc3895c61,Sociology,0.0
US_BRANDEIS_UNIVERSITY_acc3895c61,Statistics,0.4522966146469116
US_BROWN_UNIVERSITY_c940eda81f,Adenocarcinoma,0.4801872968673706
US_BROWN_UNIVERSITY_c940eda81f,Allele,0.0
US_BROWN_UNIVERSITY_c940eda81f,Biochemistry,0.0
US_BROWN_UNIVERSITY_c940eda81f,Biology,1.62429541349411
US_BROWN_UNIVERSITY_c940eda81f,Cancer,0.8897725343704224
US_BROWN_UNIVERSITY_c940eda81f,Cancer research,1.1892794370651245
US_BROWN_UNIVERSITY_c940eda81f,Chromosome,0.17771437764167786
US_BROWN_UNIVERSITY_c940eda81f,Chromosome instability,0.618460476398468
US_BROWN_UNIVERSITY_c940eda81f,Computational biology,0.34788039326667786
US_BROWN_UNIVERSITY_c940eda81f,DNA methylation,0.5589496493339539
US_BROWN_UNIVERSITY_c940eda81f,Epidemiology,0.4713418185710907
US_BROWN_UNIVERSITY_c940eda81f,Epigenetics,0.4278194308280945
US_BROWN_UNIVERSITY_c940eda81f,Exon,0.5527382493019104
US_BROWN_UNIVERSITY_c940eda81f,Gene,0.9647200703620911
US_BROWN_UNIVERSITY_c940eda81f,Gene expression,0.23008683323860168
US_BROWN_UNIVERSITY_c940eda81f,Genetics,0.6871486306190491
US_BROWN_UNIVERSITY_c940eda81f,Immunology,0.31963467597961426
US_BROWN_UNIVERSITY_c940eda81f,Intensive care medicine,0.7006258368492126
US_BROWN_UNIVERSITY_c940eda81f,Internal medicine,0.18833184242248535
US_BROWN_UNIVERSITY_c940eda81f,Medicine,0.8337922096252441
US_BROWN_UNIVERSITY_c940eda81f,Methylation,0.4146692156791687
US_BROWN_UNIVERSITY_c940eda81f,Microsatellite,0.1457110047340393
US_BROWN_UNIVERSITY_c940eda81f,Microsatellite instability,0.6885784268379211
US_BROWN_UNIVERSITY_c940eda81f,Mutation,0.4132061302661896
US_BROWN_UNIVERSITY_c940eda81f,Organ dysfunction,0.665127694606781
US_BROWN_UNIVERSITY_c940eda81f,Ovarian cancer,0.7307871580123901
US_BROWN_UNIVERSITY_c940eda81f,Ovarian carcinoma,0.4806888997554779
US_BROWN_UNIVERSITY_c940eda81f,RHOA,0.47057148814201355
US_BROWN_UNIVERSITY_c940eda81f,SOFA score,0.5207162499427795
US_BROWN_UNIVERSITY_c940eda81f,Sepsis,0.8699451088905334
US_BROWN_UNIVERSITY_c940eda81f,Septic shock,0.8011101484298706
US_BROWN_UNIVERSITY_c940eda81f,Serous fluid,0.5272344946861267
US_BROWN_UNIVERSITY_c940eda81f,Shock (circulatory),0.44265931844711304
US_BROWN_UNIVERSITY_c940eda81f,Signal transduction,0.15478515625
US_BROWN_UNIVERSITY_c940eda81f,Somatic cell,0.42389652132987976
US_BROWN_UNIVERSITY_c940eda81f,Systemic inflammatory response syndrome,0.5821648836135864
US_BROWN_UNIVERSITY_c940eda81f,Targeted therapy,0.4959612786769867
US_BROWN_UNIVERSITY_c940eda81f,Virology,0.32899200916290283
US_BROWN_UNIVERSITY_c940eda81f,microRNA,0.5933352708816528
US_CARNEGIE_MELLON_UNIVERSITY_3036a86bca,Attributable risk,0.6161518692970276
US_CARNEGIE_MELLON_UNIVERSITY_3036a86bca,Burden of disease,0.7023000121116638
US_CARNEGIE_MELLON_UNIVERSITY_3036a86bca,Computer science,0.0
US_CARNEGIE_MELLON_UNIVERSITY_3036a86bca,Computer security,0.0
US_CARNEGIE_MELLON_UNIVERSITY_3036a86bca,Confidence interval,0.2946649193763733
US_CARNEGIE_MELLON_UNIVERSITY_3036a86bca,Demography,0.3464873433113098
US_CARNEGIE_MELLON_UNIVERSITY_3036a86bca,Disability-adjusted life year,0.5846619009971619
US_CARNEGIE_MELLON_UNIVERSITY_3036a86bca,Disease,0.49889111518859863
US_CARNEGIE_MELLON_UNIVERSITY_3036a86bca,Disease burden,0.6051012277603149
US_CARNEGIE_MELLON_UNIVERSITY_3036a86bca,Environmental health,0.7141213417053223
US_CARNEGIE_MELLON_UNIVERSITY_3036a86bca,Internal medicine,0.0
US_CARNEGIE_MELLON_UNIVERSITY_3036a86bca,Life expectancy,0.27504870295524597
US_CARNEGIE_MELLON_UNIVERSITY_3036a86bca,Medicine,0.7390699982643127
US_CARNEGIE_MELLON_UNIVERSITY_3036a86bca,Pathology,0.0
US_CARNEGIE_MELLON_UNIVERSITY_3036a86bca,Population,0.16413837671279907
US_CARNEGIE_MELLON_UNIVERSITY_3036a86bca,Relative risk,0.5610102415084839
US_CARNEGIE_MELLON_UNIVERSITY_3036a86bca,Risk assessment,0.5756056904792786
US_CARNEGIE_MELLON_UNIVERSITY_3036a86bca,Risk factor,0.5091940760612488
US_CARNEGIE_MELLON_UNIVERSITY_3036a86bca,Sociology,0.0
US_CARNEGIE_MELLON_UNIVERSITY_3036a86bca,Years of potential life lost,0.5815194249153137
US_CEDARS_SINAI_MEDICAL_CENTER_6f7c666783,Biochemistry,0.0
US_CEDARS_SINAI_MEDICAL_CENTER_6f7c666783,Biology,1.1084004640579224
US_CEDARS_SINAI_MEDICAL_CENTER_6f7c666783,Cancer,0.3755749464035034
US_CEDARS_SINAI_MEDICAL_CENTER_6f7c666783,Cancer research,0.5424699187278748
US_CEDARS_SINAI_MEDICAL_CENTER_6f7c666783,Cause of death,0.5558197498321533
US_CEDARS_SINAI_MEDICAL_CENTER_6f7c666783,Covariate,0.6156277656555176
US_CEDARS_SINAI_MEDICAL_CENTER_6f7c666783,DNA methylation,0.5589496493339539
US_CEDARS_SINAI_MEDICAL_CENTER_6f7c666783,Demography,0.543491542339325
US_CEDARS_SINAI_MEDICAL_CENTER_6f7c666783,Disease,0.9180082976818085
US_CEDARS_SINAI_MEDICAL_CENTER_6f7c666783,Epigenetics,0.4278194308280945
US_CEDARS_SINAI_MEDICAL_CENTER_6f7c666783,Exon,0.5527382493019104
US_CEDARS_SINAI_MEDICAL_CENTER_6f7c666783,Gene,0.6592714488506317
US_CEDARS_SINAI_MEDICAL_CENTER_6f7c666783,Gene expression,0.23008683323860168
US_CEDARS_SINAI_MEDICAL_CENTER_6f7c666783,Genetic architecture,0.43001317977905273
US_CEDARS_SINAI_MEDICAL_CENTER_6f7c666783,Genetics,0.5756136775016785
US_CEDARS_SINAI_MEDICAL_CENTER_6f7c666783,Host (biology),0.7231769561767578
US_CEDARS_SINAI_MEDICAL_CENTER_6f7c666783,Inflammatory Bowel Diseases,0.5069501399993896
US_CEDARS_SINAI_MEDICAL_CENTER_6f7c666783,Inflammatory bowel disease,0.8482241630554199
US_CEDARS_SINAI_MEDICAL_CENTER_6f7c666783,Mathematics,0.15310701727867126
US_CEDARS_SINAI_MEDICAL_CENTER_6f7c666783,Medicine,0.85076043009758
US_CEDARS_SINAI_MEDICAL_CENTER_6f7c666783,Methylation,0.4146692156791687
US_CEDARS_SINAI_MEDICAL_CENTER_6f7c666783,Missing data,0.43697911500930786
US_CEDARS_SINAI_MEDICAL_CENTER_6f7c666783,Ovarian cancer,0.7307871580123901
US_CEDARS_SINAI_MEDICAL_CENTER_6f7c666783,Ovarian carcinoma,0.4806888997554779
US_CEDARS_SINAI_MEDICAL_CENTER_6f7c666783,Pathology,0.15053018927574158
US_CEDARS_SINAI_MEDICAL_CENTER_6f7c666783,Phenotype,0.08114805817604065
US_CEDARS_SINAI_MEDICAL_CENTER_6f7c666783,Serous fluid,0.5272344946861267
US_CEDARS_SINAI_MEDICAL_CENTER_6f7c666783,Sociology,0.0
US_CEDARS_SINAI_MEDICAL_CENTER_6f7c666783,Somatic cell,0.42389652132987976
US_CEDARS_SINAI_MEDICAL_CENTER_6f7c666783,Statistics,0.4522966146469116
US_CEDARS_SINAI_MEDICAL_CENTER_6f7c666783,microRNA,0.5933352708816528
US_COLD_SPRING_HARBOR_LABORATORY_f35e644f22,Allele,0.28274089097976685
US_COLD_SPRING_HARBOR_LABORATORY_f35e644f22,Bioinformatics,0.3315771818161011
US_COLD_SPRING_HARBOR_LABORATORY_f35e644f22,Biology,1.8426157236099243
US_COLD_SPRING_HARBOR_LABORATORY_f35e644f22,Bubble,0.0
US_COLD_SPRING_HARBOR_LABORATORY_f35e644f22,Chromatin,0.4478265047073364
US_COLD_SPRING_HARBOR_LABORATORY_f35e644f22,Computational biology,1.1132594347000122
US_COLD_SPRING_HARBOR_LABORATORY_f35e644f22,Computer science,0.5581905841827393
US_COLD_SPRING_HARBOR_LABORATORY_f35e644f22,DNA methylation,0.6325619220733643
US_COLD_SPRING_HARBOR_LABORATORY_f35e644f22,Data mining,0.3599255084991455
US_COLD_SPRING_HARBOR_LABORATORY_f35e644f22,Data visualization,0.5003595352172852
US_COLD_SPRING_HARBOR_LABORATORY_f35e644f22,Demography,0.06448188424110413
US_COLD_SPRING_HARBOR_LABORATORY_f35e644f22,Epigenome,0.4755149483680725
US_COLD_SPRING_HARBOR_LABORATORY_f35e644f22,Epigenomics,0.955129861831665
US_COLD_SPRING_HARBOR_LABORATORY_f35e644f22,Evolutionary biology,0.4355448782444
US_COLD_SPRING_HARBOR_LABORATORY_f35e644f22,Gene,0.5600510537624359
US_COLD_SPRING_HARBOR_LABORATORY_f35e644f22,Gene expression,0.1975480020046234
US_COLD_SPRING_HARBOR_LABORATORY_f35e644f22,Genetic association,0.5103368163108826
US_COLD_SPRING_HARBOR_LABORATORY_f35e644f22,Genetics,1.1397362351417542
US_COLD_SPRING_HARBOR_LABORATORY_f35e644f22,Genome,0.3564508259296417
US_COLD_SPRING_HARBOR_LABORATORY_f35e644f22,Genotype,0.1707102656364441
US_COLD_SPRING_HARBOR_LABORATORY_f35e644f22,Genotyping,0.4928562641143799
US_COLD_SPRING_HARBOR_LABORATORY_f35e644f22,Graph drawing,0.47189176082611084
US_COLD_SPRING_HARBOR_LABORATORY_f35e644f22,Haplotype,0.5807740092277527
US_COLD_SPRING_HARBOR_LABORATORY_f35e644f22,Human genome,0.531373918056488
US_COLD_SPRING_HARBOR_LABORATORY_f35e644f22,Human–computer interaction,0.1566638946533203
US_COLD_SPRING_HARBOR_LABORATORY_f35e644f22,Imputation (statistics),0.7386645078659058
US_COLD_SPRING_HARBOR_LABORATORY_f35e644f22,Information retrieval,0.37488457560539246
US_COLD_SPRING_HARBOR_LABORATORY_f35e644f22,Interface (matter),0.6469070911407471
US_COLD_SPRING_HARBOR_LABORATORY_f35e644f22,International HapMap Project,0.8309030532836914
US_COLD_SPRING_HARBOR_LABORATORY_f35e644f22,Lens (geology),0.0
US_COLD_SPRING_HARBOR_LABORATORY_f35e644f22,Linkage disequilibrium,0.8043128848075867
US_COLD_SPRING_HARBOR_LABORATORY_f35e644f22,Mathematics,0.06528967618942261
US_COLD_SPRING_HARBOR_LABORATORY_f35e644f22,Maximum bubble pressure method,0.0
US_COLD_SPRING_HARBOR_LABORATORY_f35e644f22,Missing data,0.13052093982696533
US_COLD_SPRING_HARBOR_LABORATORY_f35e644f22,Paleontology,0.0
US_COLD_SPRING_HARBOR_LABORATORY_f35e644f22,Parallel computing,0.0
US_COLD_SPRING_HARBOR_LABORATORY_f35e644f22,Population,0.4696938991546631
US_COLD_SPRING_HARBOR_LABORATORY_f35e644f22,Programming language,0.1519957184791565
US_COLD_SPRING_HARBOR_LABORATORY_f35e644f22,SNP genotyping,0.4331549406051636
US_COLD_SPRING_HARBOR_LABORATORY_f35e644f22,Single-nucleotide polymorphism,0.7710405588150024
US_COLD_SPRING_HARBOR_LABORATORY_f35e644f22,Sociology,0.0
US_COLD_SPRING_HARBOR_LABORATORY_f35e644f22,Statistics,0.11003485321998596
US_COLD_SPRING_HARBOR_LABORATORY_f35e644f22,Tag SNP,0.4454082250595093
US_COLD_SPRING_HARBOR_LABORATORY_f35e644f22,The Internet,0.49205702543258667
US_COLD_SPRING_HARBOR_LABORATORY_f35e644f22,Usability,0.4837493896484375
US_COLD_SPRING_HARBOR_LABORATORY_f35e644f22,User interface,0.49918627738952637
US_COLD_SPRING_HARBOR_LABORATORY_f35e644f22,Visualization,0.691798746585846
US_COLD_SPRING_HARBOR_LABORATORY_f35e644f22,World Wide Web,0.25629082322120667
US_COLD_SPRING_HARBOR_LABORATORY_f35e644f22,Zoom,0.5495612621307373
US_COLORADO_SCHOOL_OF_MINES_8d8c720a88,Bioinformatics,0.2061787247657776
US_COLORADO_SCHOOL_OF_MINES_8d8c720a88,Biology,0.3179319202899933
US_COLORADO_SCHOOL_OF_MINES_8d8c720a88,Computational biology,0.5356760621070862
US_COLORADO_SCHOOL_OF_MINES_8d8c720a88,Computer science,0.581027090549469
US_COLORADO_SCHOOL_OF_MINES_8d8c720a88,Data science,0.3914947807788849
US_COLORADO_SCHOOL_OF_MINES_8d8c720a88,Database,0.15453827381134033
US_COLORADO_SCHOOL_OF_MINES_8d8c720a88,Extensibility,0.6170313954353333
US_COLORADO_SCHOOL_OF_MINES_8d8c720a88,Microbiome,0.7692012786865234
US_COLORADO_SCHOOL_OF_MINES_8d8c720a88,Programming language,0.11720123887062073
US_COLORADO_SCHOOL_OF_MINES_8d8c720a88,Scalability,0.6612159013748169
US_COLUMBIA_UNIVERSITY_741e1225e9,Adipocyte,0.551928699016571
US_COLUMBIA_UNIVERSITY_741e1225e9,Adipose tissue,1.817841649055481
US_COLUMBIA_UNIVERSITY_741e1225e9,Adipose tissue macrophages,1.3216612935066223
US_COLUMBIA_UNIVERSITY_741e1225e9,Algorithm,0.5405245423316956
US_COLUMBIA_UNIVERSITY_741e1225e9,Alzheimer's disease,0.5946179032325745
US_COLUMBIA_UNIVERSITY_741e1225e9,Apolipoprotein E,0.6543006896972656
US_COLUMBIA_UNIVERSITY_741e1225e9,Apoptosis,0.5241594016551971
US_COLUMBIA_UNIVERSITY_741e1225e9,Applied mathematics,0.4171956479549408
US_COLUMBIA_UNIVERSITY_741e1225e9,Artificial intelligence,0.16255509853363037
US_COLUMBIA_UNIVERSITY_741e1225e9,Attributable risk,0.6161518692970276
US_COLUMBIA_UNIVERSITY_741e1225e9,Bayesian inference,0.4445812702178955
US_COLUMBIA_UNIVERSITY_741e1225e9,Bayesian probability,0.33475297689437866
US_COLUMBIA_UNIVERSITY_741e1225e9,Biochemistry,0.741217315196991
US_COLUMBIA_UNIVERSITY_741e1225e9,Biology,3.9046782553195953
US_COLUMBIA_UNIVERSITY_741e1225e9,Burden of disease,1.3273711800575256
US_COLUMBIA_UNIVERSITY_741e1225e9,CD68,0.5117511749267578
US_COLUMBIA_UNIVERSITY_741e1225e9,Case fatality rate,0.4428708553314209
US_COLUMBIA_UNIVERSITY_741e1225e9,Cause of death,0.44510552287101746
US_COLUMBIA_UNIVERSITY_741e1225e9,Cell,0.42914384603500366
US_COLUMBIA_UNIVERSITY_741e1225e9,Cell biology,0.9396224021911621
US_COLUMBIA_UNIVERSITY_741e1225e9,Cell metabolism,0.5109428763389587
US_COLUMBIA_UNIVERSITY_741e1225e9,Computational biology,0.4017937183380127
US_COLUMBIA_UNIVERSITY_741e1225e9,Computer science,0.8628906309604645
US_COLUMBIA_UNIVERSITY_741e1225e9,Computer security,0.0
US_COLUMBIA_UNIVERSITY_741e1225e9,Confidence interval,0.2946649193763733
US_COLUMBIA_UNIVERSITY_741e1225e9,Coronavirus,0.5942755937576294
US_COLUMBIA_UNIVERSITY_741e1225e9,Coronavirus disease 2019 (COVID-19),0.7436213493347168
US_COLUMBIA_UNIVERSITY_741e1225e9,Demography,0.8539130687713623
US_COLUMBIA_UNIVERSITY_741e1225e9,Disability-adjusted life year,1.038356751203537
US_COLUMBIA_UNIVERSITY_741e1225e9,Disease,2.6914743781089783
US_COLUMBIA_UNIVERSITY_741e1225e9,Disease burden,1.143014132976532
US_COLUMBIA_UNIVERSITY_741e1225e9,Embedded system,0.0
US_COLUMBIA_UNIVERSITY_741e1225e9,Endocrinology,1.024688184261322
US_COLUMBIA_UNIVERSITY_741e1225e9,Environmental health,1.2088627517223358
US_COLUMBIA_UNIVERSITY_741e1225e9,Evolutionary biology,0.3929517865180969
US_COLUMBIA_UNIVERSITY_741e1225e9,Expression (computer science),0.4365035891532898
US_COLUMBIA_UNIVERSITY_741e1225e9,Gene,0.7422158122062683
US_COLUMBIA_UNIVERSITY_741e1225e9,Gene expression,0.5758551955223083
US_COLUMBIA_UNIVERSITY_741e1225e9,Genetic association,0.5599405765533447
US_COLUMBIA_UNIVERSITY_741e1225e9,Genetics,1.0461377501487732
US_COLUMBIA_UNIVERSITY_741e1225e9,Genome-wide association study,0.8586184978485107
US_COLUMBIA_UNIVERSITY_741e1225e9,Genotype,0.2509271502494812
US_COLUMBIA_UNIVERSITY_741e1225e9,Global health,0.4490731358528137
US_COLUMBIA_UNIVERSITY_741e1225e9,Hybrid Monte Carlo,0.5357970595359802
US_COLUMBIA_UNIVERSITY_741e1225e9,Immunohistochemistry,0.20748558640480042
US_COLUMBIA_UNIVERSITY_741e1225e9,Importance sampling,0.4393693506717682
US_COLUMBIA_UNIVERSITY_741e1225e9,In vitro,0.0
US_COLUMBIA_UNIVERSITY_741e1225e9,Incidence (geometry),0.46606212854385376
US_COLUMBIA_UNIVERSITY_741e1225e9,Infectious disease (medical specialty),0.1916607916355133
US_COLUMBIA_UNIVERSITY_741e1225e9,Inference,0.4276842772960663
US_COLUMBIA_UNIVERSITY_741e1225e9,Inflammation,0.36680322885513306
US_COLUMBIA_UNIVERSITY_741e1225e9,Intensive care medicine,0.6675141453742981
US_COLUMBIA_UNIVERSITY_741e1225e9,Internal medicine,1.441507488489151
US_COLUMBIA_UNIVERSITY_741e1225e9,Life expectancy,0.6596441268920898
US_COLUMBIA_UNIVERSITY_741e1225e9,Locus (genetics),0.4755289852619171
US_COLUMBIA_UNIVERSITY_741e1225e9,Macrophage,1.071434199810028
US_COLUMBIA_UNIVERSITY_741e1225e9,Markov chain Monte Carlo,0.6254997253417969
US_COLUMBIA_UNIVERSITY_741e1225e9,Materials science,0.0
US_COLUMBIA_UNIVERSITY_741e1225e9,Mathematical optimization,0.3298490047454834
US_COLUMBIA_UNIVERSITY_741e1225e9,Mathematics,0.25175708532333374
US_COLUMBIA_UNIVERSITY_741e1225e9,Medicine,3.196055054664612
US_COLUMBIA_UNIVERSITY_741e1225e9,Meta-analysis,0.5327674746513367
US_COLUMBIA_UNIVERSITY_741e1225e9,Metabolism,0.5232669115066528
US_COLUMBIA_UNIVERSITY_741e1225e9,Metallurgy,0.0
US_COLUMBIA_UNIVERSITY_741e1225e9,Monte Carlo integration,0.41954460740089417
US_COLUMBIA_UNIVERSITY_741e1225e9,Monte Carlo method,0.5076040029525757
US_COLUMBIA_UNIVERSITY_741e1225e9,Multidisciplinary approach,0.43697184324264526
US_COLUMBIA_UNIVERSITY_741e1225e9,Nexus (standard),0.6405488848686218
US_COLUMBIA_UNIVERSITY_741e1225e9,Nursing,0.0
US_COLUMBIA_UNIVERSITY_741e1225e9,Obesity,0.6178430318832397
US_COLUMBIA_UNIVERSITY_741e1225e9,Optics,0.0
US_COLUMBIA_UNIVERSITY_741e1225e9,Pandemic,0.7416242957115173
US_COLUMBIA_UNIVERSITY_741e1225e9,Pathology,0.33536893129348755
US_COLUMBIA_UNIVERSITY_741e1225e9,Physics,0.0
US_COLUMBIA_UNIVERSITY_741e1225e9,Population,1.2275555729866028
US_COLUMBIA_UNIVERSITY_741e1225e9,Probabilistic logic,0.4779491424560547
US_COLUMBIA_UNIVERSITY_741e1225e9,Programmed cell death,1.2134252786636353
US_COLUMBIA_UNIVERSITY_741e1225e9,Programming language,0.16996848583221436
US_COLUMBIA_UNIVERSITY_741e1225e9,Proinflammatory cytokine,0.485387921333313
US_COLUMBIA_UNIVERSITY_741e1225e9,Public health,0.38423794507980347
US_COLUMBIA_UNIVERSITY_741e1225e9,Python (programming language),0.7318047285079956
US_COLUMBIA_UNIVERSITY_741e1225e9,Redox,0.4691561460494995
US_COLUMBIA_UNIVERSITY_741e1225e9,Relative risk,0.5610102415084839
US_COLUMBIA_UNIVERSITY_741e1225e9,Risk assessment,0.5756056904792786
US_COLUMBIA_UNIVERSITY_741e1225e9,Risk factor,0.5091940760612488
US_COLUMBIA_UNIVERSITY_741e1225e9,Severe acute respiratory syndrome coronavirus 2 (SARS-CoV-2),0.5297297835350037
US_COLUMBIA_UNIVERSITY_741e1225e9,Single-nucleotide polymorphism,0.6837853789329529
US_COLUMBIA_UNIVERSITY_741e1225e9,Social science,0.0
US_COLUMBIA_UNIVERSITY_741e1225e9,Sociology,0.0
US_COLUMBIA_UNIVERSITY_741e1225e9,Statistical inference,0.43107423186302185
US_COLUMBIA_UNIVERSITY_741e1225e9,Statistics,0.13367098569869995
US_COLUMBIA_UNIVERSITY_741e1225e9,White adipose tissue,0.6631200313568115
US_COLUMBIA_UNIVERSITY_741e1225e9,Years of potential life lost,1.0970361828804016
US_CORNELL_UNIVERSITY_bea73a7405,1000 Genomes Project,1.3623203039169312
US_CORNELL_UNIVERSITY_bea73a7405,16S ribosomal RNA,0.2337459921836853
US_CORNELL_UNIVERSITY_bea73a7405,Allele,0.35182851552963257
US_CORNELL_UNIVERSITY_bea73a7405,Allele frequency,0.4120026230812073
US_CORNELL_UNIVERSITY_bea73a7405,Astrophysics,0.0
US_CORNELL_UNIVERSITY_bea73a7405,Bacterial taxonomy,0.5477378964424133
US_CORNELL_UNIVERSITY_bea73a7405,Biochemistry,0.0
US_CORNELL_UNIVERSITY_bea73a7405,Bioinformatics,0.2061787247657776
US_CORNELL_UNIVERSITY_bea73a7405,Biology,3.6248459219932556
US_CORNELL_UNIVERSITY_bea73a7405,Cancer,0.8296964168548584
US_CORNELL_UNIVERSITY_bea73a7405,Cancer cell,0.4464591443538666
US_CORNELL_UNIVERSITY_bea73a7405,Cancer research,0.9226641654968262
US_CORNELL_UNIVERSITY_bea73a7405,Cell,0.26885277032852173
US_CORNELL_UNIVERSITY_bea73a7405,Cell biology,0.7277579605579376
US_CORNELL_UNIVERSITY_bea73a7405,Chemistry,0.4519991874694824
US_CORNELL_UNIVERSITY_bea73a7405,Combinatorics,0.0
US_CORNELL_UNIVERSITY_bea73a7405,Computational biology,2.108710080385208
US_CORNELL_UNIVERSITY_bea73a7405,Computer science,0.8681544065475464
US_CORNELL_UNIVERSITY_bea73a7405,DNA sequencing,0.5098749399185181
US_CORNELL_UNIVERSITY_bea73a7405,Data science,0.7474629580974579
US_CORNELL_UNIVERSITY_bea73a7405,Database,0.15453827381134033
US_CORNELL_UNIVERSITY_bea73a7405,Demography,0.0
US_CORNELL_UNIVERSITY_bea73a7405,Ecology,0.37325674295425415
US_CORNELL_UNIVERSITY_bea73a7405,Environmental health,0.40299588441848755
US_CORNELL_UNIVERSITY_bea73a7405,Evolutionary biology,0.4798135757446289
US_CORNELL_UNIVERSITY_bea73a7405,Exome,0.4664895534515381
US_CORNELL_UNIVERSITY_bea73a7405,Exome sequencing,0.5580496788024902
US_CORNELL_UNIVERSITY_bea73a7405,Exosome,0.8363630771636963
US_CORNELL_UNIVERSITY_bea73a7405,Extensibility,0.6170313954353333
US_CORNELL_UNIVERSITY_bea73a7405,Gene,0.8969544470310211
US_CORNELL_UNIVERSITY_bea73a7405,Genetic variation,1.1214064955711365
US_CORNELL_UNIVERSITY_bea73a7405,Genetics,1.9337139129638672
US_CORNELL_UNIVERSITY_bea73a7405,Genome,1.7284899353981018
US_CORNELL_UNIVERSITY_bea73a7405,Genome-wide association study,0.41653817892074585
US_CORNELL_UNIVERSITY_bea73a7405,Genomics,0.44450801610946655
US_CORNELL_UNIVERSITY_bea73a7405,Genotype,0.4643576145172119
US_CORNELL_UNIVERSITY_bea73a7405,Genotyping,0.49519363045692444
US_CORNELL_UNIVERSITY_bea73a7405,Haplotype,1.1102160811424255
US_CORNELL_UNIVERSITY_bea73a7405,Human genetic variation,1.1344746053218842
US_CORNELL_UNIVERSITY_bea73a7405,Human genome,1.6579614281654358
US_CORNELL_UNIVERSITY_bea73a7405,Incidence (geometry),0.6343108415603638
US_CORNELL_UNIVERSITY_bea73a7405,Indel,0.5285143852233887
US_CORNELL_UNIVERSITY_bea73a7405,Integrin,0.7431454062461853
US_CORNELL_UNIVERSITY_bea73a7405,Internal medicine,0.1323973834514618
US_CORNELL_UNIVERSITY_bea73a7405,Mathematics,0.0
US_CORNELL_UNIVERSITY_bea73a7405,Medicine,1.101417601108551
US_CORNELL_UNIVERSITY_bea73a7405,Metagenomics,0.5564336776733398
US_CORNELL_UNIVERSITY_bea73a7405,Metastasis,0.728230357170105
US_CORNELL_UNIVERSITY_bea73a7405,Microbiome,0.7692012786865234
US_CORNELL_UNIVERSITY_bea73a7405,Microvesicles,0.8350601196289062
US_CORNELL_UNIVERSITY_bea73a7405,Mutation,0.16898080706596375
US_CORNELL_UNIVERSITY_bea73a7405,Optics,0.0
US_CORNELL_UNIVERSITY_bea73a7405,Pathology,0.45279961824417114
US_CORNELL_UNIVERSITY_bea73a7405,Pediatrics,0.3614473044872284
US_CORNELL_UNIVERSITY_bea73a7405,Phylogenetic tree,0.5151752233505249
US_CORNELL_UNIVERSITY_bea73a7405,Phylum,0.522337794303894
US_CORNELL_UNIVERSITY_bea73a7405,Physics,0.0
US_CORNELL_UNIVERSITY_bea73a7405,Population,0.4234880805015564
US_CORNELL_UNIVERSITY_bea73a7405,Programming language,0.11720123887062073
US_CORNELL_UNIVERSITY_bea73a7405,Rank (graph theory),0.4507841169834137
US_CORNELL_UNIVERSITY_bea73a7405,Reference genome,1.1070868968963623
US_CORNELL_UNIVERSITY_bea73a7405,SNP genotyping,0.4226377606391907
US_CORNELL_UNIVERSITY_bea73a7405,Scalability,0.6612159013748169
US_CORNELL_UNIVERSITY_bea73a7405,Single-nucleotide polymorphism,0.9484211206436157
US_CORNELL_UNIVERSITY_bea73a7405,Sociology,0.0
US_CORNELL_UNIVERSITY_bea73a7405,Structural variation,1.1117449402809143
US_CORNELL_UNIVERSITY_bea73a7405,Tag SNP,0.4988093376159668
US_CORNELL_UNIVERSITY_bea73a7405,Taxon,0.379180371761322
US_CORNELL_UNIVERSITY_bea73a7405,Taxonomic rank,0.5118359923362732
US_CORNELL_UNIVERSITY_bea73a7405,Taxonomy (biology),0.7449474334716797
US_CORNELL_UNIVERSITY_bea73a7405,Variation (astronomy),0.6842190623283386
US_CORNELL_UNIVERSITY_bea73a7405,Warburg effect,0.8007415533065796
US_CORNELL_UNIVERSITY_bea73a7405,microRNA,0.1620558798313141
US_DUKE_UNIVERSITY_33a311c67a,Adenocarcinoma,0.4801872968673706
US_DUKE_UNIVERSITY_33a311c67a,Allele,0.0
US_DUKE_UNIVERSITY_33a311c67a,Automation,0.4413680136203766
US_DUKE_UNIVERSITY_33a311c67a,Biochemistry,0.0
US_DUKE_UNIVERSITY_33a311c67a,Biology,1.9838916659355164
US_DUKE_UNIVERSITY_33a311c67a,Cancer,1.3568540811538696
US_DUKE_UNIVERSITY_33a311c67a,Cancer research,1.6242148280143738
US_DUKE_UNIVERSITY_33a311c67a,Chromosome,0.17771437764167786
US_DUKE_UNIVERSITY_33a311c67a,Chromosome instability,0.618460476398468
US_DUKE_UNIVERSITY_33a311c67a,Computational biology,0.33301371335983276
US_DUKE_UNIVERSITY_33a311c67a,Computational science,0.7358046770095825
US_DUKE_UNIVERSITY_33a311c67a,Computer science,1.2635015845298767
US_DUKE_UNIVERSITY_33a311c67a,DNA methylation,1.2300866842269897
US_DUKE_UNIVERSITY_33a311c67a,Data mining,0.36983615159988403
US_DUKE_UNIVERSITY_33a311c67a,Database,0.08961111307144165
US_DUKE_UNIVERSITY_33a311c67a,Engineering,0.16794955730438232
US_DUKE_UNIVERSITY_33a311c67a,Epigenetics,0.91656893491745
US_DUKE_UNIVERSITY_33a311c67a,Exon,0.5527382493019104
US_DUKE_UNIVERSITY_33a311c67a,Gene,1.4599256217479706
US_DUKE_UNIVERSITY_33a311c67a,Gene expression,0.38820022344589233
US_DUKE_UNIVERSITY_33a311c67a,Genetics,1.142644077539444
US_DUKE_UNIVERSITY_33a311c67a,Graphical user interface,0.4605914354324341
US_DUKE_UNIVERSITY_33a311c67a,Mechanical engineering,0.13220864534378052
US_DUKE_UNIVERSITY_33a311c67a,Methylation,0.4146692156791687
US_DUKE_UNIVERSITY_33a311c67a,Microsatellite,0.1457110047340393
US_DUKE_UNIVERSITY_33a311c67a,Microsatellite instability,0.6885784268379211
US_DUKE_UNIVERSITY_33a311c67a,Mutation,0.4132061302661896
US_DUKE_UNIVERSITY_33a311c67a,Neutron,0.5877265930175781
US_DUKE_UNIVERSITY_33a311c67a,Nuclear physics,0.1790231466293335
US_DUKE_UNIVERSITY_33a311c67a,Open source,0.41288289427757263
US_DUKE_UNIVERSITY_33a311c67a,Ovarian cancer,0.7307871580123901
US_DUKE_UNIVERSITY_33a311c67a,Ovarian carcinoma,0.4806888997554779
US_DUKE_UNIVERSITY_33a311c67a,Physics,0.2069079875946045
US_DUKE_UNIVERSITY_33a311c67a,Programming language,0.18035495281219482
US_DUKE_UNIVERSITY_33a311c67a,Python (programming language),0.6729221940040588
US_DUKE_UNIVERSITY_33a311c67a,RHOA,0.47057148814201355
US_DUKE_UNIVERSITY_33a311c67a,Serous fluid,0.5272344946861267
US_DUKE_UNIVERSITY_33a311c67a,Signal transduction,0.15478515625
US_DUKE_UNIVERSITY_33a311c67a,Software,1.1297510266304016
US_DUKE_UNIVERSITY_33a311c67a,Somatic cell,0.42389652132987976
US_DUKE_UNIVERSITY_33a311c67a,Source code,0.4504009485244751
US_DUKE_UNIVERSITY_33a311c67a,Targeted therapy,0.4959612786769867
US_DUKE_UNIVERSITY_33a311c67a,Workflow,0.6259680986404419
US_DUKE_UNIVERSITY_33a311c67a,microRNA,0.5933352708816528
US_FLORIDA_INTERNATIONAL_UNIVERSITY_df100bc9c6,Alternative medicine,0.0
US_FLORIDA_INTERNATIONAL_UNIVERSITY_df100bc9c6,Biology,0.22491663694381714
US_FLORIDA_INTERNATIONAL_UNIVERSITY_df100bc9c6,Burden of disease,0.6250711679458618
US_FLORIDA_INTERNATIONAL_UNIVERSITY_df100bc9c6,Business,0.478975772857666
US_FLORIDA_INTERNATIONAL_UNIVERSITY_df100bc9c6,Case fatality rate,0.4428708553314209
US_FLORIDA_INTERNATIONAL_UNIVERSITY_df100bc9c6,Cause of death,0.44510552287101746
US_FLORIDA_INTERNATIONAL_UNIVERSITY_df100bc9c6,Chemistry,0.41590768098831177
US_FLORIDA_INTERNATIONAL_UNIVERSITY_df100bc9c6,Chromatography,0.1269339621067047
US_FLORIDA_INTERNATIONAL_UNIVERSITY_df100bc9c6,Computational biology,0.41906023025512695
US_FLORIDA_INTERNATIONAL_UNIVERSITY_df100bc9c6,Computer science,0.28377848863601685
US_FLORIDA_INTERNATIONAL_UNIVERSITY_df100bc9c6,Data curation,0.6775604486465454
US_FLORIDA_INTERNATIONAL_UNIVERSITY_df100bc9c6,Data science,0.4047073423862457
US_FLORIDA_INTERNATIONAL_UNIVERSITY_df100bc9c6,Data sharing,0.4613611102104187
US_FLORIDA_INTERNATIONAL_UNIVERSITY_df100bc9c6,Demography,0.5074257254600525
US_FLORIDA_INTERNATIONAL_UNIVERSITY_df100bc9c6,Disability-adjusted life year,0.4536948502063751
US_FLORIDA_INTERNATIONAL_UNIVERSITY_df100bc9c6,Disease,0.3741859793663025
US_FLORIDA_INTERNATIONAL_UNIVERSITY_df100bc9c6,Disease burden,0.537912905216217
US_FLORIDA_INTERNATIONAL_UNIVERSITY_df100bc9c6,Environmental health,0.49474141001701355
US_FLORIDA_INTERNATIONAL_UNIVERSITY_df100bc9c6,Global health,0.4490731358528137
US_FLORIDA_INTERNATIONAL_UNIVERSITY_df100bc9c6,Incidence (geometry),0.46606212854385376
US_FLORIDA_INTERNATIONAL_UNIVERSITY_df100bc9c6,Life expectancy,0.38459542393684387
US_FLORIDA_INTERNATIONAL_UNIVERSITY_df100bc9c6,Mass spectrometry,0.4895699918270111
US_FLORIDA_INTERNATIONAL_UNIVERSITY_df100bc9c6,Medicine,0.9860224723815918
US_FLORIDA_INTERNATIONAL_UNIVERSITY_df100bc9c6,Natural (archaeology),0.5419458150863647
US_FLORIDA_INTERNATIONAL_UNIVERSITY_df100bc9c6,Nursing,0.0
US_FLORIDA_INTERNATIONAL_UNIVERSITY_df100bc9c6,Optics,0.0
US_FLORIDA_INTERNATIONAL_UNIVERSITY_df100bc9c6,Paleontology,0.0
US_FLORIDA_INTERNATIONAL_UNIVERSITY_df100bc9c6,Pathology,0.0
US_FLORIDA_INTERNATIONAL_UNIVERSITY_df100bc9c6,Physics,0.0
US_FLORIDA_INTERNATIONAL_UNIVERSITY_df100bc9c6,Population,0.571294367313385
US_FLORIDA_INTERNATIONAL_UNIVERSITY_df100bc9c6,Public health,0.38423794507980347
US_FLORIDA_INTERNATIONAL_UNIVERSITY_df100bc9c6,Sociology,0.0
US_FLORIDA_INTERNATIONAL_UNIVERSITY_df100bc9c6,World Wide Web,0.3699272871017456
US_FLORIDA_INTERNATIONAL_UNIVERSITY_df100bc9c6,Years of potential life lost,0.5155167579650879
US_HOWARD_UNIVERSITY_db352a265a,1000 Genomes Project,0.4982619285583496
US_HOWARD_UNIVERSITY_db352a265a,Biology,0.4539068937301636
US_HOWARD_UNIVERSITY_db352a265a,Cause of death,0.5558197498321533
US_HOWARD_UNIVERSITY_db352a265a,Computational biology,0.49732473492622375
US_HOWARD_UNIVERSITY_db352a265a,Covariate,0.6156277656555176
US_HOWARD_UNIVERSITY_db352a265a,DNA,0.2062108814716339
US_HOWARD_UNIVERSITY_db352a265a,DNA sequencing,0.5021266937255859
US_HOWARD_UNIVERSITY_db352a265a,Demography,0.543491542339325
US_HOWARD_UNIVERSITY_db352a265a,Disease,0.39989426732063293
US_HOWARD_UNIVERSITY_db352a265a,Evolutionary biology,0.44167560338974
US_HOWARD_UNIVERSITY_db352a265a,Gene,0.17380130290985107
US_HOWARD_UNIVERSITY_db352a265a,Genetics,0.4306437075138092
US_HOWARD_UNIVERSITY_db352a265a,Genome,0.47583794593811035
US_HOWARD_UNIVERSITY_db352a265a,Genotype,0.306592732667923
US_HOWARD_UNIVERSITY_db352a265a,Geography,0.3386346101760864
US_HOWARD_UNIVERSITY_db352a265a,Human genome,0.6060408353805542
US_HOWARD_UNIVERSITY_db352a265a,International HapMap Project,0.984015941619873
US_HOWARD_UNIVERSITY_db352a265a,Mathematics,0.15310701727867126
US_HOWARD_UNIVERSITY_db352a265a,Medicine,0.5180118680000305
US_HOWARD_UNIVERSITY_db352a265a,Missing data,0.43697911500930786
US_HOWARD_UNIVERSITY_db352a265a,Pathology,0.0
US_HOWARD_UNIVERSITY_db352a265a,Sequence (biology),0.5314375758171082
US_HOWARD_UNIVERSITY_db352a265a,Single-nucleotide polymorphism,0.0
US_HOWARD_UNIVERSITY_db352a265a,Sociology,0.0
US_HOWARD_UNIVERSITY_db352a265a,Statistics,0.4522966146469116
US_HUDSONALPHA_INSTITUTE_FOR_BIOTECHNOLOGY_2074347abe,1000 Genomes Project,0.4180452823638916
US_HUDSONALPHA_INSTITUTE_FOR_BIOTECHNOLOGY_2074347abe,Allele,0.5733011960983276
US_HUDSONALPHA_INSTITUTE_FOR_BIOTECHNOLOGY_2074347abe,Annotation,0.6664047837257385
US_HUDSONALPHA_INSTITUTE_FOR_BIOTECHNOLOGY_2074347abe,Biology,0.7926502227783203
US_HUDSONALPHA_INSTITUTE_FOR_BIOTECHNOLOGY_2074347abe,Computational biology,0.5578452944755554
US_HUDSONALPHA_INSTITUTE_FOR_BIOTECHNOLOGY_2074347abe,Computer science,0.19678673148155212
US_HUDSONALPHA_INSTITUTE_FOR_BIOTECHNOLOGY_2074347abe,Gene,0.2762083113193512
US_HUDSONALPHA_INSTITUTE_FOR_BIOTECHNOLOGY_2074347abe,Genetic variation,0.44204816222190857
US_HUDSONALPHA_INSTITUTE_FOR_BIOTECHNOLOGY_2074347abe,Genetics,0.5350970029830933
US_HUDSONALPHA_INSTITUTE_FOR_BIOTECHNOLOGY_2074347abe,Genome,0.44223445653915405
US_HUDSONALPHA_INSTITUTE_FOR_BIOTECHNOLOGY_2074347abe,Genotype,0.23989394307136536
US_HUDSONALPHA_INSTITUTE_FOR_BIOTECHNOLOGY_2074347abe,Human genetic variation,0.5104576349258423
US_HUDSONALPHA_INSTITUTE_FOR_BIOTECHNOLOGY_2074347abe,Human genome,0.4827127158641815
US_HUDSONALPHA_INSTITUTE_FOR_BIOTECHNOLOGY_2074347abe,Microbiology,0.0
US_HUDSONALPHA_INSTITUTE_FOR_BIOTECHNOLOGY_2074347abe,Missense mutation,0.6044251322746277
US_HUDSONALPHA_INSTITUTE_FOR_BIOTECHNOLOGY_2074347abe,Mutation,0.23049715161323547
US_HUDSONALPHA_INSTITUTE_FOR_BIOTECHNOLOGY_2074347abe,Pathogenicity,0.4248255491256714
US_HUDSONALPHA_INSTITUTE_FOR_BIOTECHNOLOGY_2074347abe,Programming language,0.0
US_HUDSONALPHA_INSTITUTE_FOR_BIOTECHNOLOGY_2074347abe,Single-nucleotide polymorphism,0.44791966676712036
US_HUDSONALPHA_INSTITUTE_FOR_BIOTECHNOLOGY_2074347abe,Trait,0.47784754633903503
US_ICAHN_SCHOOL_OF_MEDICINE_AT_MOUNT_SINAI_f324e86270,1000 Genomes Project,0.41854164004325867
US_ICAHN_SCHOOL_OF_MEDICINE_AT_MOUNT_SINAI_f324e86270,ATG8,0.5880008339881897
US_ICAHN_SCHOOL_OF_MEDICINE_AT_MOUNT_SINAI_f324e86270,Alzheimer's disease,0.5946179032325745
US_ICAHN_SCHOOL_OF_MEDICINE_AT_MOUNT_SINAI_f324e86270,Annotation,0.621225893497467
US_ICAHN_SCHOOL_OF_MEDICINE_AT_MOUNT_SINAI_f324e86270,Apolipoprotein E,0.6543006896972656
US_ICAHN_SCHOOL_OF_MEDICINE_AT_MOUNT_SINAI_f324e86270,Apoptosis,0.0
US_ICAHN_SCHOOL_OF_MEDICINE_AT_MOUNT_SINAI_f324e86270,Application programming interface,0.4615263044834137
US_ICAHN_SCHOOL_OF_MEDICINE_AT_MOUNT_SINAI_f324e86270,Autophagosome,0.7631988525390625
US_ICAHN_SCHOOL_OF_MEDICINE_AT_MOUNT_SINAI_f324e86270,Autophagy,0.9595129489898682
US_ICAHN_SCHOOL_OF_MEDICINE_AT_MOUNT_SINAI_f324e86270,Biochemistry,0.2146838903427124
US_ICAHN_SCHOOL_OF_MEDICINE_AT_MOUNT_SINAI_f324e86270,Biogenesis,0.5590387582778931
US_ICAHN_SCHOOL_OF_MEDICINE_AT_MOUNT_SINAI_f324e86270,Bioinformatics,0.26249778270721436
US_ICAHN_SCHOOL_OF_MEDICINE_AT_MOUNT_SINAI_f324e86270,Biology,4.132871687412262
US_ICAHN_SCHOOL_OF_MEDICINE_AT_MOUNT_SINAI_f324e86270,Botany,0.0
US_ICAHN_SCHOOL_OF_MEDICINE_AT_MOUNT_SINAI_f324e86270,Burden of disease,0.6250711679458618
US_ICAHN_SCHOOL_OF_MEDICINE_AT_MOUNT_SINAI_f324e86270,Case fatality rate,0.4428708553314209
US_ICAHN_SCHOOL_OF_MEDICINE_AT_MOUNT_SINAI_f324e86270,Cause of death,0.44510552287101746
US_ICAHN_SCHOOL_OF_MEDICINE_AT_MOUNT_SINAI_f324e86270,Cell,0.2458903193473816
US_ICAHN_SCHOOL_OF_MEDICINE_AT_MOUNT_SINAI_f324e86270,Cell biology,0.6620039939880371
US_ICAHN_SCHOOL_OF_MEDICINE_AT_MOUNT_SINAI_f324e86270,Codebase,0.6420512199401855
US_ICAHN_SCHOOL_OF_MEDICINE_AT_MOUNT_SINAI_f324e86270,Computational biology,2.0233438313007355
US_ICAHN_SCHOOL_OF_MEDICINE_AT_MOUNT_SINAI_f324e86270,Computer science,1.5606939792633057
US_ICAHN_SCHOOL_OF_MEDICINE_AT_MOUNT_SINAI_f324e86270,Coronavirus,1.2483024597167969
US_ICAHN_SCHOOL_OF_MEDICINE_AT_MOUNT_SINAI_f324e86270,Coronavirus disease 2019 (COVID-19),1.0798319578170776
US_ICAHN_SCHOOL_OF_MEDICINE_AT_MOUNT_SINAI_f324e86270,Cytoplasm,0.1116902232170105
US_ICAHN_SCHOOL_OF_MEDICINE_AT_MOUNT_SINAI_f324e86270,Data mining,0.8786123991012573
US_ICAHN_SCHOOL_OF_MEDICINE_AT_MOUNT_SINAI_f324e86270,Database,0.0
US_ICAHN_SCHOOL_OF_MEDICINE_AT_MOUNT_SINAI_f324e86270,Demography,0.5074257254600525
US_ICAHN_SCHOOL_OF_MEDICINE_AT_MOUNT_SINAI_f324e86270,Disability-adjusted life year,0.4536948502063751
US_ICAHN_SCHOOL_OF_MEDICINE_AT_MOUNT_SINAI_f324e86270,Disease,2.4033591747283936
US_ICAHN_SCHOOL_OF_MEDICINE_AT_MOUNT_SINAI_f324e86270,Disease burden,0.537912905216217
US_ICAHN_SCHOOL_OF_MEDICINE_AT_MOUNT_SINAI_f324e86270,Drug,0.5045536756515503
US_ICAHN_SCHOOL_OF_MEDICINE_AT_MOUNT_SINAI_f324e86270,Drug discovery,0.47643929719924927
US_ICAHN_SCHOOL_OF_MEDICINE_AT_MOUNT_SINAI_f324e86270,Drug repositioning,0.746538519859314
US_ICAHN_SCHOOL_OF_MEDICINE_AT_MOUNT_SINAI_f324e86270,Druggability,0.6507171988487244
US_ICAHN_SCHOOL_OF_MEDICINE_AT_MOUNT_SINAI_f324e86270,Ecology,0.0
US_ICAHN_SCHOOL_OF_MEDICINE_AT_MOUNT_SINAI_f324e86270,Environmental health,0.49474141001701355
US_ICAHN_SCHOOL_OF_MEDICINE_AT_MOUNT_SINAI_f324e86270,Exome,0.4622931182384491
US_ICAHN_SCHOOL_OF_MEDICINE_AT_MOUNT_SINAI_f324e86270,Exome sequencing,0.5792765021324158
US_ICAHN_SCHOOL_OF_MEDICINE_AT_MOUNT_SINAI_f324e86270,Function (biology),0.4226640462875366
US_ICAHN_SCHOOL_OF_MEDICINE_AT_MOUNT_SINAI_f324e86270,Gene,1.5973970890045166
US_ICAHN_SCHOOL_OF_MEDICINE_AT_MOUNT_SINAI_f324e86270,Gene nomenclature,0.44933363795280457
US_ICAHN_SCHOOL_OF_MEDICINE_AT_MOUNT_SINAI_f324e86270,Genetic architecture,0.43001317977905273
US_ICAHN_SCHOOL_OF_MEDICINE_AT_MOUNT_SINAI_f324e86270,Genetic association,0.5599405765533447
US_ICAHN_SCHOOL_OF_MEDICINE_AT_MOUNT_SINAI_f324e86270,Genetics,1.7932734191417694
US_ICAHN_SCHOOL_OF_MEDICINE_AT_MOUNT_SINAI_f324e86270,Genome,1.1181621849536896
US_ICAHN_SCHOOL_OF_MEDICINE_AT_MOUNT_SINAI_f324e86270,Genome-wide association study,1.3623380064964294
US_ICAHN_SCHOOL_OF_MEDICINE_AT_MOUNT_SINAI_f324e86270,Genotype,0.2509271502494812
US_ICAHN_SCHOOL_OF_MEDICINE_AT_MOUNT_SINAI_f324e86270,Gibbs isotherm,0.0
US_ICAHN_SCHOOL_OF_MEDICINE_AT_MOUNT_SINAI_f324e86270,Global health,0.4490731358528137
US_ICAHN_SCHOOL_OF_MEDICINE_AT_MOUNT_SINAI_f324e86270,Host (biology),0.7231769561767578
US_ICAHN_SCHOOL_OF_MEDICINE_AT_MOUNT_SINAI_f324e86270,Human genome,0.5655359029769897
US_ICAHN_SCHOOL_OF_MEDICINE_AT_MOUNT_SINAI_f324e86270,Incidence (geometry),0.46606212854385376
US_ICAHN_SCHOOL_OF_MEDICINE_AT_MOUNT_SINAI_f324e86270,Infectious disease (medical specialty),0.36417219042778015
US_ICAHN_SCHOOL_OF_MEDICINE_AT_MOUNT_SINAI_f324e86270,Inflammatory Bowel Diseases,0.5069501399993896
US_ICAHN_SCHOOL_OF_MEDICINE_AT_MOUNT_SINAI_f324e86270,Inflammatory bowel disease,0.8482241630554199
US_ICAHN_SCHOOL_OF_MEDICINE_AT_MOUNT_SINAI_f324e86270,Information retrieval,0.3558245301246643
US_ICAHN_SCHOOL_OF_MEDICINE_AT_MOUNT_SINAI_f324e86270,Intensive care medicine,0.6675141453742981
US_ICAHN_SCHOOL_OF_MEDICINE_AT_MOUNT_SINAI_f324e86270,Interactive visualization,0.42131954431533813
US_ICAHN_SCHOOL_OF_MEDICINE_AT_MOUNT_SINAI_f324e86270,Interface (matter),0.5150232315063477
US_ICAHN_SCHOOL_OF_MEDICINE_AT_MOUNT_SINAI_f324e86270,Internal medicine,0.37679409980773926
US_ICAHN_SCHOOL_OF_MEDICINE_AT_MOUNT_SINAI_f324e86270,Intracellular,0.257116436958313
US_ICAHN_SCHOOL_OF_MEDICINE_AT_MOUNT_SINAI_f324e86270,JavaScript,0.4112955927848816
US_ICAHN_SCHOOL_OF_MEDICINE_AT_MOUNT_SINAI_f324e86270,Life expectancy,0.38459542393684387
US_ICAHN_SCHOOL_OF_MEDICINE_AT_MOUNT_SINAI_f324e86270,Locus (genetics),0.4755289852619171
US_ICAHN_SCHOOL_OF_MEDICINE_AT_MOUNT_SINAI_f324e86270,Loss function,0.4619614779949188
US_ICAHN_SCHOOL_OF_MEDICINE_AT_MOUNT_SINAI_f324e86270,Medicine,2.512470990419388
US_ICAHN_SCHOOL_OF_MEDICINE_AT_MOUNT_SINAI_f324e86270,Meta-analysis,0.5327674746513367
US_ICAHN_SCHOOL_OF_MEDICINE_AT_MOUNT_SINAI_f324e86270,Multicellular organism,0.5740522146224976
US_ICAHN_SCHOOL_OF_MEDICINE_AT_MOUNT_SINAI_f324e86270,Multidisciplinary approach,0.43697184324264526
US_ICAHN_SCHOOL_OF_MEDICINE_AT_MOUNT_SINAI_f324e86270,Mutation,0.41175058484077454
US_ICAHN_SCHOOL_OF_MEDICINE_AT_MOUNT_SINAI_f324e86270,Nomenclature,0.0
US_ICAHN_SCHOOL_OF_MEDICINE_AT_MOUNT_SINAI_f324e86270,Nursing,0.0
US_ICAHN_SCHOOL_OF_MEDICINE_AT_MOUNT_SINAI_f324e86270,Operating system,0.0
US_ICAHN_SCHOOL_OF_MEDICINE_AT_MOUNT_SINAI_f324e86270,Optics,0.0
US_ICAHN_SCHOOL_OF_MEDICINE_AT_MOUNT_SINAI_f324e86270,Pandemic,0.7416242957115173
US_ICAHN_SCHOOL_OF_MEDICINE_AT_MOUNT_SINAI_f324e86270,Pathology,0.15053018927574158
US_ICAHN_SCHOOL_OF_MEDICINE_AT_MOUNT_SINAI_f324e86270,Phagosome,0.5928187370300293
US_ICAHN_SCHOOL_OF_MEDICINE_AT_MOUNT_SINAI_f324e86270,Pharmacology,0.391005277633667
US_ICAHN_SCHOOL_OF_MEDICINE_AT_MOUNT_SINAI_f324e86270,Phenotype,0.525722473859787
US_ICAHN_SCHOOL_OF_MEDICINE_AT_MOUNT_SINAI_f324e86270,Physics,0.0
US_ICAHN_SCHOOL_OF_MEDICINE_AT_MOUNT_SINAI_f324e86270,Population,1.539793461561203
US_ICAHN_SCHOOL_OF_MEDICINE_AT_MOUNT_SINAI_f324e86270,Programming language,0.10912060737609863
US_ICAHN_SCHOOL_OF_MEDICINE_AT_MOUNT_SINAI_f324e86270,Public health,0.38423794507980347
US_ICAHN_SCHOOL_OF_MEDICINE_AT_MOUNT_SINAI_f324e86270,Pulmonary surfactant,0.0
US_ICAHN_SCHOOL_OF_MEDICINE_AT_MOUNT_SINAI_f324e86270,Repurposing,0.6380376815795898
US_ICAHN_SCHOOL_OF_MEDICINE_AT_MOUNT_SINAI_f324e86270,Scalability,0.5402739644050598
US_ICAHN_SCHOOL_OF_MEDICINE_AT_MOUNT_SINAI_f324e86270,Set (abstract data type),0.6215588450431824
US_ICAHN_SCHOOL_OF_MEDICINE_AT_MOUNT_SINAI_f324e86270,Severe acute respiratory syndrome coronavirus 2 (SARS-CoV-2),0.976377934217453
US_ICAHN_SCHOOL_OF_MEDICINE_AT_MOUNT_SINAI_f324e86270,Single-nucleotide polymorphism,0.6837853789329529
US_ICAHN_SCHOOL_OF_MEDICINE_AT_MOUNT_SINAI_f324e86270,Social science,0.0
US_ICAHN_SCHOOL_OF_MEDICINE_AT_MOUNT_SINAI_f324e86270,Sociology,0.0
US_ICAHN_SCHOOL_OF_MEDICINE_AT_MOUNT_SINAI_f324e86270,Source code,0.3101435899734497
US_ICAHN_SCHOOL_OF_MEDICINE_AT_MOUNT_SINAI_f324e86270,Taxonomy (biology),0.0
US_ICAHN_SCHOOL_OF_MEDICINE_AT_MOUNT_SINAI_f324e86270,The Internet,0.4274597465991974
US_ICAHN_SCHOOL_OF_MEDICINE_AT_MOUNT_SINAI_f324e86270,Theoretical computer science,0.36785268783569336
US_ICAHN_SCHOOL_OF_MEDICINE_AT_MOUNT_SINAI_f324e86270,Upload,0.7777903079986572
US_ICAHN_SCHOOL_OF_MEDICINE_AT_MOUNT_SINAI_f324e86270,Vacuole,0.6125640869140625
US_ICAHN_SCHOOL_OF_MEDICINE_AT_MOUNT_SINAI_f324e86270,Virology,0.5317579507827759
US_ICAHN_SCHOOL_OF_MEDICINE_AT_MOUNT_SINAI_f324e86270,Visualization,1.0576184391975403
US_ICAHN_SCHOOL_OF_MEDICINE_AT_MOUNT_SINAI_f324e86270,Web server,0.5290771126747131
US_ICAHN_SCHOOL_OF_MEDICINE_AT_MOUNT_SINAI_f324e86270,World Wide Web,0.5215715169906616
US_ICAHN_SCHOOL_OF_MEDICINE_AT_MOUNT_SINAI_f324e86270,Years of potential life lost,0.5155167579650879
US_JOHNS_HOPKINS_UNIVERSITY_44d48793e7,1000 Genomes Project,1.8605822324752808
US_JOHNS_HOPKINS_UNIVERSITY_44d48793e7,Adenocarcinoma,0.6261692643165588
US_JOHNS_HOPKINS_UNIVERSITY_44d48793e7,Allele,0.35182851552963257
US_JOHNS_HOPKINS_UNIVERSITY_44d48793e7,Allele frequency,0.4120026230812073
US_JOHNS_HOPKINS_UNIVERSITY_44d48793e7,Alternative splicing,0.5351083874702454
US_JOHNS_HOPKINS_UNIVERSITY_44d48793e7,Anesthesia,0.0
US_JOHNS_HOPKINS_UNIVERSITY_44d48793e7,Anesthesiology,0.5104614496231079
US_JOHNS_HOPKINS_UNIVERSITY_44d48793e7,Apathy,0.6638215184211731
US_JOHNS_HOPKINS_UNIVERSITY_44d48793e7,Aphasia,0.4350741505622864
US_JOHNS_HOPKINS_UNIVERSITY_44d48793e7,Archaeology,0.0
US_JOHNS_HOPKINS_UNIVERSITY_44d48793e7,Artificial intelligence,0.3298071622848511
US_JOHNS_HOPKINS_UNIVERSITY_44d48793e7,Astrophysics,0.0
US_JOHNS_HOPKINS_UNIVERSITY_44d48793e7,Attributable risk,0.6161518692970276
US_JOHNS_HOPKINS_UNIVERSITY_44d48793e7,Biochemistry,0.0
US_JOHNS_HOPKINS_UNIVERSITY_44d48793e7,Bioconductor,0.9645618200302124
US_JOHNS_HOPKINS_UNIVERSITY_44d48793e7,Bioinformatics,0.35536429286003113
US_JOHNS_HOPKINS_UNIVERSITY_44d48793e7,Biological classification,0.4175834059715271
US_JOHNS_HOPKINS_UNIVERSITY_44d48793e7,Biology,7.489244610071182
US_JOHNS_HOPKINS_UNIVERSITY_44d48793e7,Burden of disease,1.3273711800575256
US_JOHNS_HOPKINS_UNIVERSITY_44d48793e7,Cancer,0.6723080277442932
US_JOHNS_HOPKINS_UNIVERSITY_44d48793e7,Cancer research,1.0354432463645935
US_JOHNS_HOPKINS_UNIVERSITY_44d48793e7,Case fatality rate,0.4428708553314209
US_JOHNS_HOPKINS_UNIVERSITY_44d48793e7,Cause of death,1.0009252727031708
US_JOHNS_HOPKINS_UNIVERSITY_44d48793e7,Cell cycle,0.10425186157226562
US_JOHNS_HOPKINS_UNIVERSITY_44d48793e7,Checklist,2.691228985786438
US_JOHNS_HOPKINS_UNIVERSITY_44d48793e7,Clinical trial,0.9508397877216339
US_JOHNS_HOPKINS_UNIVERSITY_44d48793e7,Cognition,0.10720241069793701
US_JOHNS_HOPKINS_UNIVERSITY_44d48793e7,Cognitive psychology,0.0
US_JOHNS_HOPKINS_UNIVERSITY_44d48793e7,Computational biology,3.9350517988204956
US_JOHNS_HOPKINS_UNIVERSITY_44d48793e7,Computational genomics,0.4908462166786194
US_JOHNS_HOPKINS_UNIVERSITY_44d48793e7,Computational science,0.07550331950187683
US_JOHNS_HOPKINS_UNIVERSITY_44d48793e7,Computer science,2.1965796649456024
US_JOHNS_HOPKINS_UNIVERSITY_44d48793e7,Computer security,0.0
US_JOHNS_HOPKINS_UNIVERSITY_44d48793e7,Confidence interval,0.2946649193763733
US_JOHNS_HOPKINS_UNIVERSITY_44d48793e7,Covariate,0.6156277656555176
US_JOHNS_HOPKINS_UNIVERSITY_44d48793e7,DNA,0.2062108814716339
US_JOHNS_HOPKINS_UNIVERSITY_44d48793e7,DNA methylation,1.0711213946342468
US_JOHNS_HOPKINS_UNIVERSITY_44d48793e7,DNA microarray,0.5229098200798035
US_JOHNS_HOPKINS_UNIVERSITY_44d48793e7,DNA sequencing,1.012001633644104
US_JOHNS_HOPKINS_UNIVERSITY_44d48793e7,Data mining,0.38594383001327515
US_JOHNS_HOPKINS_UNIVERSITY_44d48793e7,Delphi method,0.5102243423461914
US_JOHNS_HOPKINS_UNIVERSITY_44d48793e7,Dementia,0.6343274116516113
US_JOHNS_HOPKINS_UNIVERSITY_44d48793e7,Demography,1.3974046111106873
US_JOHNS_HOPKINS_UNIVERSITY_44d48793e7,Disability-adjusted life year,1.038356751203537
US_JOHNS_HOPKINS_UNIVERSITY_44d48793e7,Disease,2.597897380590439
US_JOHNS_HOPKINS_UNIVERSITY_44d48793e7,Disease burden,1.143014132976532
US_JOHNS_HOPKINS_UNIVERSITY_44d48793e7,Ecology,0.0
US_JOHNS_HOPKINS_UNIVERSITY_44d48793e7,Emergency medicine,0.37342676520347595
US_JOHNS_HOPKINS_UNIVERSITY_44d48793e7,Engineering,0.39605364203453064
US_JOHNS_HOPKINS_UNIVERSITY_44d48793e7,Environmental health,1.2088627517223358
US_JOHNS_HOPKINS_UNIVERSITY_44d48793e7,Epigenetics,0.4278194308280945
US_JOHNS_HOPKINS_UNIVERSITY_44d48793e7,Evolutionary biology,2.114872485399246
US_JOHNS_HOPKINS_UNIVERSITY_44d48793e7,Exome,0.4664895534515381
US_JOHNS_HOPKINS_UNIVERSITY_44d48793e7,Exome sequencing,0.5580496788024902
US_JOHNS_HOPKINS_UNIVERSITY_44d48793e7,Exon,1.2353384494781494
US_JOHNS_HOPKINS_UNIVERSITY_44d48793e7,Expression (computer science),0.4365035891532898
US_JOHNS_HOPKINS_UNIVERSITY_44d48793e7,Family medicine,0.33402806520462036
US_JOHNS_HOPKINS_UNIVERSITY_44d48793e7,Frontotemporal dementia,0.938435435295105
US_JOHNS_HOPKINS_UNIVERSITY_44d48793e7,Frontotemporal lobar degeneration,0.849124014377594
US_JOHNS_HOPKINS_UNIVERSITY_44d48793e7,Function (biology),0.5720024108886719
US_JOHNS_HOPKINS_UNIVERSITY_44d48793e7,Gene,3.450532615184784
US_JOHNS_HOPKINS_UNIVERSITY_44d48793e7,Gene expression,1.005760818719864
US_JOHNS_HOPKINS_UNIVERSITY_44d48793e7,Genetic architecture,0.43001317977905273
US_JOHNS_HOPKINS_UNIVERSITY_44d48793e7,Genetic variation,1.1214064955711365
US_JOHNS_HOPKINS_UNIVERSITY_44d48793e7,Genetics,5.24873223900795
US_JOHNS_HOPKINS_UNIVERSITY_44d48793e7,Genome,2.4706019163131714
US_JOHNS_HOPKINS_UNIVERSITY_44d48793e7,Genome Biology,0.4602375030517578
US_JOHNS_HOPKINS_UNIVERSITY_44d48793e7,Genome-wide association study,0.41653817892074585
US_JOHNS_HOPKINS_UNIVERSITY_44d48793e7,Genomics,0.7939252257347107
US_JOHNS_HOPKINS_UNIVERSITY_44d48793e7,Genotype,0.7709503471851349
US_JOHNS_HOPKINS_UNIVERSITY_44d48793e7,Genotyping,0.49519363045692444
US_JOHNS_HOPKINS_UNIVERSITY_44d48793e7,Geography,0.3386346101760864
US_JOHNS_HOPKINS_UNIVERSITY_44d48793e7,Germline mutation,0.4517962634563446
US_JOHNS_HOPKINS_UNIVERSITY_44d48793e7,Global health,0.4490731358528137
US_JOHNS_HOPKINS_UNIVERSITY_44d48793e7,Guideline,2.0692089796066284
US_JOHNS_HOPKINS_UNIVERSITY_44d48793e7,Haplotype,1.1102160811424255
US_JOHNS_HOPKINS_UNIVERSITY_44d48793e7,History,0.0
US_JOHNS_HOPKINS_UNIVERSITY_44d48793e7,Host (biology),1.1395033299922943
US_JOHNS_HOPKINS_UNIVERSITY_44d48793e7,Human genetic variation,1.1344746053218842
US_JOHNS_HOPKINS_UNIVERSITY_44d48793e7,Human genetics,1.4776637554168701
US_JOHNS_HOPKINS_UNIVERSITY_44d48793e7,Human genome,2.26400226354599
US_JOHNS_HOPKINS_UNIVERSITY_44d48793e7,Incidence (geometry),0.46606212854385376
US_JOHNS_HOPKINS_UNIVERSITY_44d48793e7,Indel,0.5285143852233887
US_JOHNS_HOPKINS_UNIVERSITY_44d48793e7,Inflammatory Bowel Diseases,0.5069501399993896
US_JOHNS_HOPKINS_UNIVERSITY_44d48793e7,Inflammatory bowel disease,0.8482241630554199
US_JOHNS_HOPKINS_UNIVERSITY_44d48793e7,Intensive care medicine,1.0375957489013672
US_JOHNS_HOPKINS_UNIVERSITY_44d48793e7,Internal medicine,0.30004772543907166
US_JOHNS_HOPKINS_UNIVERSITY_44d48793e7,International HapMap Project,0.984015941619873
US_JOHNS_HOPKINS_UNIVERSITY_44d48793e7,KRAS,0.5107920169830322
US_JOHNS_HOPKINS_UNIVERSITY_44d48793e7,Latent variable,0.6649162769317627
US_JOHNS_HOPKINS_UNIVERSITY_44d48793e7,Law,0.0
US_JOHNS_HOPKINS_UNIVERSITY_44d48793e7,Life expectancy,0.6596441268920898
US_JOHNS_HOPKINS_UNIVERSITY_44d48793e7,Limiting,0.49749282002449036
US_JOHNS_HOPKINS_UNIVERSITY_44d48793e7,Linguistics,0.0
US_JOHNS_HOPKINS_UNIVERSITY_44d48793e7,Lung cancer,0.5350998640060425
US_JOHNS_HOPKINS_UNIVERSITY_44d48793e7,MEDLINE,1.7640868723392487
US_JOHNS_HOPKINS_UNIVERSITY_44d48793e7,Management science,1.0363386869430542
US_JOHNS_HOPKINS_UNIVERSITY_44d48793e7,Mathematical analysis,0.0
US_JOHNS_HOPKINS_UNIVERSITY_44d48793e7,Mathematics,0.3696422874927521
US_JOHNS_HOPKINS_UNIVERSITY_44d48793e7,Mechanical engineering,0.0
US_JOHNS_HOPKINS_UNIVERSITY_44d48793e7,Medical education,0.34172967076301575
US_JOHNS_HOPKINS_UNIVERSITY_44d48793e7,Medical physics,0.6983343362808228
US_JOHNS_HOPKINS_UNIVERSITY_44d48793e7,Medicine,6.96281436085701
US_JOHNS_HOPKINS_UNIVERSITY_44d48793e7,Messenger RNA,0.44699254631996155
US_JOHNS_HOPKINS_UNIVERSITY_44d48793e7,Meta-analysis,0.3769868016242981
US_JOHNS_HOPKINS_UNIVERSITY_44d48793e7,Metagenomics,1.6325513124465942
US_JOHNS_HOPKINS_UNIVERSITY_44d48793e7,Methylation,0.4146692156791687
US_JOHNS_HOPKINS_UNIVERSITY_44d48793e7,Missing data,0.43697911500930786
US_JOHNS_HOPKINS_UNIVERSITY_44d48793e7,Molecular biology,0.41395875811576843
US_JOHNS_HOPKINS_UNIVERSITY_44d48793e7,Mutation,0.5914056301116943
US_JOHNS_HOPKINS_UNIVERSITY_44d48793e7,Nursing,0.0
US_JOHNS_HOPKINS_UNIVERSITY_44d48793e7,Oncogene,0.42384809255599976
US_JOHNS_HOPKINS_UNIVERSITY_44d48793e7,Operating system,0.1245121955871582
US_JOHNS_HOPKINS_UNIVERSITY_44d48793e7,Optics,0.0
US_JOHNS_HOPKINS_UNIVERSITY_44d48793e7,Ovarian cancer,0.7307871580123901
US_JOHNS_HOPKINS_UNIVERSITY_44d48793e7,Ovarian carcinoma,0.4806888997554779
US_JOHNS_HOPKINS_UNIVERSITY_44d48793e7,Pathology,1.1732137203216553
US_JOHNS_HOPKINS_UNIVERSITY_44d48793e7,Peptide sequence,0.1350507140159607
US_JOHNS_HOPKINS_UNIVERSITY_44d48793e7,Phenotype,0.08114805817604065
US_JOHNS_HOPKINS_UNIVERSITY_44d48793e7,Philosophy,0.0
US_JOHNS_HOPKINS_UNIVERSITY_44d48793e7,Physical therapy,0.3431134521961212
US_JOHNS_HOPKINS_UNIVERSITY_44d48793e7,Physics,0.0
US_JOHNS_HOPKINS_UNIVERSITY_44d48793e7,Political science,0.11159858107566833
US_JOHNS_HOPKINS_UNIVERSITY_44d48793e7,Population,1.1589208245277405
US_JOHNS_HOPKINS_UNIVERSITY_44d48793e7,Preprocessor,0.5700118541717529
US_JOHNS_HOPKINS_UNIVERSITY_44d48793e7,Presentation (obstetrics),1.5154308378696442
US_JOHNS_HOPKINS_UNIVERSITY_44d48793e7,Primary progressive aphasia,0.42235177755355835
US_JOHNS_HOPKINS_UNIVERSITY_44d48793e7,Programming language,0.0
US_JOHNS_HOPKINS_UNIVERSITY_44d48793e7,Psychiatry,0.4257115423679352
US_JOHNS_HOPKINS_UNIVERSITY_44d48793e7,Psychology,1.2351059019565582
US_JOHNS_HOPKINS_UNIVERSITY_44d48793e7,Public health,0.38423794507980347
US_JOHNS_HOPKINS_UNIVERSITY_44d48793e7,Publication bias,0.4742540419101715
US_JOHNS_HOPKINS_UNIVERSITY_44d48793e7,R package,0.4253595173358917
US_JOHNS_HOPKINS_UNIVERSITY_44d48793e7,RNA,0.22446078062057495
US_JOHNS_HOPKINS_UNIVERSITY_44d48793e7,RNA splicing,0.5069925785064697
US_JOHNS_HOPKINS_UNIVERSITY_44d48793e7,Radiology,0.0
US_JOHNS_HOPKINS_UNIVERSITY_44d48793e7,Randomized controlled trial,0.5045734643936157
US_JOHNS_HOPKINS_UNIVERSITY_44d48793e7,Reference genome,1.1070868968963623
US_JOHNS_HOPKINS_UNIVERSITY_44d48793e7,Relative risk,0.5610102415084839
US_JOHNS_HOPKINS_UNIVERSITY_44d48793e7,Resuscitation,0.47669264674186707
US_JOHNS_HOPKINS_UNIVERSITY_44d48793e7,Risk assessment,0.5756056904792786
US_JOHNS_HOPKINS_UNIVERSITY_44d48793e7,Risk factor,0.5091940760612488
US_JOHNS_HOPKINS_UNIVERSITY_44d48793e7,SNP genotyping,0.4226377606391907
US_JOHNS_HOPKINS_UNIVERSITY_44d48793e7,Semantic dementia,0.4749177396297455
US_JOHNS_HOPKINS_UNIVERSITY_44d48793e7,Sepsis,0.8128300309181213
US_JOHNS_HOPKINS_UNIVERSITY_44d48793e7,Septic shock,0.7903734445571899
US_JOHNS_HOPKINS_UNIVERSITY_44d48793e7,Sequence (biology),1.15631765127182
US_JOHNS_HOPKINS_UNIVERSITY_44d48793e7,Sequence alignment,0.4205772876739502
US_JOHNS_HOPKINS_UNIVERSITY_44d48793e7,Serous fluid,0.5272344946861267
US_JOHNS_HOPKINS_UNIVERSITY_44d48793e7,Severe sepsis,0.5248641967773438
US_JOHNS_HOPKINS_UNIVERSITY_44d48793e7,Single-nucleotide polymorphism,0.9484211206436157
US_JOHNS_HOPKINS_UNIVERSITY_44d48793e7,Sociology,0.0
US_JOHNS_HOPKINS_UNIVERSITY_44d48793e7,Software,0.5598188638687134
US_JOHNS_HOPKINS_UNIVERSITY_44d48793e7,Software suite,0.5253762006759644
US_JOHNS_HOPKINS_UNIVERSITY_44d48793e7,Somatic cell,1.0190019309520721
US_JOHNS_HOPKINS_UNIVERSITY_44d48793e7,Statement (logic),1.819906771183014
US_JOHNS_HOPKINS_UNIVERSITY_44d48793e7,Statistics,0.8765769898891449
US_JOHNS_HOPKINS_UNIVERSITY_44d48793e7,Structural variation,1.1117449402809143
US_JOHNS_HOPKINS_UNIVERSITY_44d48793e7,Suite,0.5904254913330078
US_JOHNS_HOPKINS_UNIVERSITY_44d48793e7,Surgery,0.0615411102771759
US_JOHNS_HOPKINS_UNIVERSITY_44d48793e7,Surviving Sepsis Campaign,0.858866810798645
US_JOHNS_HOPKINS_UNIVERSITY_44d48793e7,Systematic review,3.0787189602851868
US_JOHNS_HOPKINS_UNIVERSITY_44d48793e7,Tag SNP,0.4988093376159668
US_JOHNS_HOPKINS_UNIVERSITY_44d48793e7,Telecommunications,0.0
US_JOHNS_HOPKINS_UNIVERSITY_44d48793e7,Terminology,1.7844640612602234
US_JOHNS_HOPKINS_UNIVERSITY_44d48793e7,Throughput,1.3137842416763306
US_JOHNS_HOPKINS_UNIVERSITY_44d48793e7,Transcriptome,0.5549581050872803
US_JOHNS_HOPKINS_UNIVERSITY_44d48793e7,Variable (mathematics),0.46802908182144165
US_JOHNS_HOPKINS_UNIVERSITY_44d48793e7,Variation (astronomy),1.1856788992881775
US_JOHNS_HOPKINS_UNIVERSITY_44d48793e7,Wireless,0.0
US_JOHNS_HOPKINS_UNIVERSITY_44d48793e7,Years of potential life lost,1.0970361828804016
US_JOHNS_HOPKINS_UNIVERSITY_44d48793e7,dNaM,0.8566574454307556
US_JOHNS_HOPKINS_UNIVERSITY_44d48793e7,microRNA,0.5933352708816528
US_MASSACHUSETTS_INSTITUTE_OF_TECHNOLOGY_69cb5dbd49,1000 Genomes Project,0.4982619285583496
US_MASSACHUSETTS_INSTITUTE_OF_TECHNOLOGY_69cb5dbd49,ATG8,0.5880008339881897
US_MASSACHUSETTS_INSTITUTE_OF_TECHNOLOGY_69cb5dbd49,Adenocarcinoma,0.6261692643165588
US_MASSACHUSETTS_INSTITUTE_OF_TECHNOLOGY_69cb5dbd49,Alternative splicing,0.5351083874702454
US_MASSACHUSETTS_INSTITUTE_OF_TECHNOLOGY_69cb5dbd49,Apoptosis,0.11815375089645386
US_MASSACHUSETTS_INSTITUTE_OF_TECHNOLOGY_69cb5dbd49,Archaeology,0.0
US_MASSACHUSETTS_INSTITUTE_OF_TECHNOLOGY_69cb5dbd49,Autophagosome,0.7631988525390625
US_MASSACHUSETTS_INSTITUTE_OF_TECHNOLOGY_69cb5dbd49,Autophagy,1.7989854216575623
US_MASSACHUSETTS_INSTITUTE_OF_TECHNOLOGY_69cb5dbd49,Bacteria,0.09365224838256836
US_MASSACHUSETTS_INSTITUTE_OF_TECHNOLOGY_69cb5dbd49,Biochemistry,0.2146838903427124
US_MASSACHUSETTS_INSTITUTE_OF_TECHNOLOGY_69cb5dbd49,Biogenesis,0.5590387582778931
US_MASSACHUSETTS_INSTITUTE_OF_TECHNOLOGY_69cb5dbd49,Bioinformatics,1.1133572459220886
US_MASSACHUSETTS_INSTITUTE_OF_TECHNOLOGY_69cb5dbd49,Biology,9.56518480181694
US_MASSACHUSETTS_INSTITUTE_OF_TECHNOLOGY_69cb5dbd49,Cancer,1.4635792672634125
US_MASSACHUSETTS_INSTITUTE_OF_TECHNOLOGY_69cb5dbd49,Cancer research,2.448117256164551
US_MASSACHUSETTS_INSTITUTE_OF_TECHNOLOGY_69cb5dbd49,Cancer treatment,0.41530129313468933
US_MASSACHUSETTS_INSTITUTE_OF_TECHNOLOGY_69cb5dbd49,Cell,1.0953997373580933
US_MASSACHUSETTS_INSTITUTE_OF_TECHNOLOGY_69cb5dbd49,Cell biology,1.7417449951171875
US_MASSACHUSETTS_INSTITUTE_OF_TECHNOLOGY_69cb5dbd49,Cell cycle,0.10425186157226562
US_MASSACHUSETTS_INSTITUTE_OF_TECHNOLOGY_69cb5dbd49,Cell growth,0.4224741458892822
US_MASSACHUSETTS_INSTITUTE_OF_TECHNOLOGY_69cb5dbd49,Cell metabolism,0.4333476722240448
US_MASSACHUSETTS_INSTITUTE_OF_TECHNOLOGY_69cb5dbd49,Chemistry,0.0
US_MASSACHUSETTS_INSTITUTE_OF_TECHNOLOGY_69cb5dbd49,Chromatin,0.4478265047073364
US_MASSACHUSETTS_INSTITUTE_OF_TECHNOLOGY_69cb5dbd49,Community,0.5060710310935974
US_MASSACHUSETTS_INSTITUTE_OF_TECHNOLOGY_69cb5dbd49,Compendium,0.5728693008422852
US_MASSACHUSETTS_INSTITUTE_OF_TECHNOLOGY_69cb5dbd49,Composite material,0.0
US_MASSACHUSETTS_INSTITUTE_OF_TECHNOLOGY_69cb5dbd49,Computational biology,4.1559703052043915
US_MASSACHUSETTS_INSTITUTE_OF_TECHNOLOGY_69cb5dbd49,Computer science,1.862964242696762
US_MASSACHUSETTS_INSTITUTE_OF_TECHNOLOGY_69cb5dbd49,Confounding,0.8269646763801575
US_MASSACHUSETTS_INSTITUTE_OF_TECHNOLOGY_69cb5dbd49,Context (archaeology),0.4190811216831207
US_MASSACHUSETTS_INSTITUTE_OF_TECHNOLOGY_69cb5dbd49,Correlation,0.41406679153442383
US_MASSACHUSETTS_INSTITUTE_OF_TECHNOLOGY_69cb5dbd49,Coursework,0.6061415076255798
US_MASSACHUSETTS_INSTITUTE_OF_TECHNOLOGY_69cb5dbd49,Cytoplasm,0.1116902232170105
US_MASSACHUSETTS_INSTITUTE_OF_TECHNOLOGY_69cb5dbd49,DNA,0.859966903924942
US_MASSACHUSETTS_INSTITUTE_OF_TECHNOLOGY_69cb5dbd49,DNA methylation,1.1915115714073181
US_MASSACHUSETTS_INSTITUTE_OF_TECHNOLOGY_69cb5dbd49,DNA sequencing,0.9736612439155579
US_MASSACHUSETTS_INSTITUTE_OF_TECHNOLOGY_69cb5dbd49,Data science,0.3914947807788849
US_MASSACHUSETTS_INSTITUTE_OF_TECHNOLOGY_69cb5dbd49,Database,0.6784969568252563
US_MASSACHUSETTS_INSTITUTE_OF_TECHNOLOGY_69cb5dbd49,Drug delivery,0.6378308534622192
US_MASSACHUSETTS_INSTITUTE_OF_TECHNOLOGY_69cb5dbd49,Ecology,0.6547218561172485
US_MASSACHUSETTS_INSTITUTE_OF_TECHNOLOGY_69cb5dbd49,Emergency medicine,0.26222458481788635
US_MASSACHUSETTS_INSTITUTE_OF_TECHNOLOGY_69cb5dbd49,Environmental health,0.11622247099876404
US_MASSACHUSETTS_INSTITUTE_OF_TECHNOLOGY_69cb5dbd49,Epigenetics,0.4278194308280945
US_MASSACHUSETTS_INSTITUTE_OF_TECHNOLOGY_69cb5dbd49,Epigenome,0.4755149483680725
US_MASSACHUSETTS_INSTITUTE_OF_TECHNOLOGY_69cb5dbd49,Epigenomics,0.955129861831665
US_MASSACHUSETTS_INSTITUTE_OF_TECHNOLOGY_69cb5dbd49,Epithelial–mesenchymal transition,0.8068782091140747
US_MASSACHUSETTS_INSTITUTE_OF_TECHNOLOGY_69cb5dbd49,Evolutionary biology,2.235106408596039
US_MASSACHUSETTS_INSTITUTE_OF_TECHNOLOGY_69cb5dbd49,Exon,1.2353384494781494
US_MASSACHUSETTS_INSTITUTE_OF_TECHNOLOGY_69cb5dbd49,Expression (computer science),0.4365035891532898
US_MASSACHUSETTS_INSTITUTE_OF_TECHNOLOGY_69cb5dbd49,Extensibility,0.6170313954353333
US_MASSACHUSETTS_INSTITUTE_OF_TECHNOLOGY_69cb5dbd49,Fibrosis,0.5756919384002686
US_MASSACHUSETTS_INSTITUTE_OF_TECHNOLOGY_69cb5dbd49,Function (biology),0.4365387558937073
US_MASSACHUSETTS_INSTITUTE_OF_TECHNOLOGY_69cb5dbd49,Gene,3.16102334856987
US_MASSACHUSETTS_INSTITUTE_OF_TECHNOLOGY_69cb5dbd49,Gene expression,1.2112449705600739
US_MASSACHUSETTS_INSTITUTE_OF_TECHNOLOGY_69cb5dbd49,Genetic association,0.4868728220462799
US_MASSACHUSETTS_INSTITUTE_OF_TECHNOLOGY_69cb5dbd49,Genetics,4.44069629907608
US_MASSACHUSETTS_INSTITUTE_OF_TECHNOLOGY_69cb5dbd49,Genome,1.0490446388721466
US_MASSACHUSETTS_INSTITUTE_OF_TECHNOLOGY_69cb5dbd49,Genome Biology,0.4713762700557709
US_MASSACHUSETTS_INSTITUTE_OF_TECHNOLOGY_69cb5dbd49,Genome-wide association study,0.6568895578384399
US_MASSACHUSETTS_INSTITUTE_OF_TECHNOLOGY_69cb5dbd49,Genomics,0.2810611128807068
US_MASSACHUSETTS_INSTITUTE_OF_TECHNOLOGY_69cb5dbd49,Genotype,0.4442013204097748
US_MASSACHUSETTS_INSTITUTE_OF_TECHNOLOGY_69cb5dbd49,Geography,0.44350573420524597
US_MASSACHUSETTS_INSTITUTE_OF_TECHNOLOGY_69cb5dbd49,Geometry,0.1005057692527771
US_MASSACHUSETTS_INSTITUTE_OF_TECHNOLOGY_69cb5dbd49,Germline mutation,0.4517962634563446
US_MASSACHUSETTS_INSTITUTE_OF_TECHNOLOGY_69cb5dbd49,Habitat,0.4501504898071289
US_MASSACHUSETTS_INSTITUTE_OF_TECHNOLOGY_69cb5dbd49,Harm,0.5276176929473877
US_MASSACHUSETTS_INSTITUTE_OF_TECHNOLOGY_69cb5dbd49,History,0.0
US_MASSACHUSETTS_INSTITUTE_OF_TECHNOLOGY_69cb5dbd49,Human Microbiome Project,0.5840378999710083
US_MASSACHUSETTS_INSTITUTE_OF_TECHNOLOGY_69cb5dbd49,Human genetics,0.6517828702926636
US_MASSACHUSETTS_INSTITUTE_OF_TECHNOLOGY_69cb5dbd49,Human genome,1.1374147534370422
US_MASSACHUSETTS_INSTITUTE_OF_TECHNOLOGY_69cb5dbd49,Human microbiome,0.5101380944252014
US_MASSACHUSETTS_INSTITUTE_OF_TECHNOLOGY_69cb5dbd49,Immune checkpoint,0.41014936566352844
US_MASSACHUSETTS_INSTITUTE_OF_TECHNOLOGY_69cb5dbd49,Immune system,0.4384799301624298
US_MASSACHUSETTS_INSTITUTE_OF_TECHNOLOGY_69cb5dbd49,Immunotherapy,0.27009689807891846
US_MASSACHUSETTS_INSTITUTE_OF_TECHNOLOGY_69cb5dbd49,Intensive care,0.4870879650115967
US_MASSACHUSETTS_INSTITUTE_OF_TECHNOLOGY_69cb5dbd49,Intensive care medicine,0.2441503405570984
US_MASSACHUSETTS_INSTITUTE_OF_TECHNOLOGY_69cb5dbd49,Internal medicine,0.49142688512802124
US_MASSACHUSETTS_INSTITUTE_OF_TECHNOLOGY_69cb5dbd49,International HapMap Project,0.984015941619873
US_MASSACHUSETTS_INSTITUTE_OF_TECHNOLOGY_69cb5dbd49,Intracellular,0.257116436958313
US_MASSACHUSETTS_INSTITUTE_OF_TECHNOLOGY_69cb5dbd49,KRAS,0.5107920169830322
US_MASSACHUSETTS_INSTITUTE_OF_TECHNOLOGY_69cb5dbd49,Law,0.0
US_MASSACHUSETTS_INSTITUTE_OF_TECHNOLOGY_69cb5dbd49,Lung cancer,0.5350998640060425
US_MASSACHUSETTS_INSTITUTE_OF_TECHNOLOGY_69cb5dbd49,MEDLINE,0.888106107711792
US_MASSACHUSETTS_INSTITUTE_OF_TECHNOLOGY_69cb5dbd49,Materials science,0.2891886532306671
US_MASSACHUSETTS_INSTITUTE_OF_TECHNOLOGY_69cb5dbd49,Mathematics,0.17903181910514832
US_MASSACHUSETTS_INSTITUTE_OF_TECHNOLOGY_69cb5dbd49,Mechanistic target of rapamycin,0.6092548966407776
US_MASSACHUSETTS_INSTITUTE_OF_TECHNOLOGY_69cb5dbd49,Medical education,0.20742347836494446
US_MASSACHUSETTS_INSTITUTE_OF_TECHNOLOGY_69cb5dbd49,Medical emergency,0.4364357888698578
US_MASSACHUSETTS_INSTITUTE_OF_TECHNOLOGY_69cb5dbd49,Medicine,2.852004826068878
US_MASSACHUSETTS_INSTITUTE_OF_TECHNOLOGY_69cb5dbd49,Melanoma,0.5874714851379395
US_MASSACHUSETTS_INSTITUTE_OF_TECHNOLOGY_69cb5dbd49,Mesenchymal stem cell,0.7060421705245972
US_MASSACHUSETTS_INSTITUTE_OF_TECHNOLOGY_69cb5dbd49,Messenger RNA,0.44699254631996155
US_MASSACHUSETTS_INSTITUTE_OF_TECHNOLOGY_69cb5dbd49,Meta-analysis,0.4871029853820801
US_MASSACHUSETTS_INSTITUTE_OF_TECHNOLOGY_69cb5dbd49,Metagenomics,0.7584229111671448
US_MASSACHUSETTS_INSTITUTE_OF_TECHNOLOGY_69cb5dbd49,Metastasis,0.5807816982269287
US_MASSACHUSETTS_INSTITUTE_OF_TECHNOLOGY_69cb5dbd49,Methylation,0.4146692156791687
US_MASSACHUSETTS_INSTITUTE_OF_TECHNOLOGY_69cb5dbd49,Microbial ecology,0.4453139901161194
US_MASSACHUSETTS_INSTITUTE_OF_TECHNOLOGY_69cb5dbd49,Microbiome,1.5970491170883179
US_MASSACHUSETTS_INSTITUTE_OF_TECHNOLOGY_69cb5dbd49,Microphthalmia-associated transcription factor,0.8129913806915283
US_MASSACHUSETTS_INSTITUTE_OF_TECHNOLOGY_69cb5dbd49,Molecular biology,0.41395875811576843
US_MASSACHUSETTS_INSTITUTE_OF_TECHNOLOGY_69cb5dbd49,Mosaic,0.6925914287567139
US_MASSACHUSETTS_INSTITUTE_OF_TECHNOLOGY_69cb5dbd49,Multicellular organism,0.5740522146224976
US_MASSACHUSETTS_INSTITUTE_OF_TECHNOLOGY_69cb5dbd49,Mutation,0.4224248230457306
US_MASSACHUSETTS_INSTITUTE_OF_TECHNOLOGY_69cb5dbd49,Nanoparticle,0.489401251077652
US_MASSACHUSETTS_INSTITUTE_OF_TECHNOLOGY_69cb5dbd49,Nanotechnology,0.6147612929344177
US_MASSACHUSETTS_INSTITUTE_OF_TECHNOLOGY_69cb5dbd49,Niche,0.5147614479064941
US_MASSACHUSETTS_INSTITUTE_OF_TECHNOLOGY_69cb5dbd49,Non canonical,0.44786542654037476
US_MASSACHUSETTS_INSTITUTE_OF_TECHNOLOGY_69cb5dbd49,Nucleotide,0.567051112651825
US_MASSACHUSETTS_INSTITUTE_OF_TECHNOLOGY_69cb5dbd49,Nursing,0.28287217020988464
US_MASSACHUSETTS_INSTITUTE_OF_TECHNOLOGY_69cb5dbd49,Oncogene,0.42384809255599976
US_MASSACHUSETTS_INSTITUTE_OF_TECHNOLOGY_69cb5dbd49,Oncology,0.35249799489974976
US_MASSACHUSETTS_INSTITUTE_OF_TECHNOLOGY_69cb5dbd49,Organic chemistry,0.0
US_MASSACHUSETTS_INSTITUTE_OF_TECHNOLOGY_69cb5dbd49,Ovarian cancer,0.7307871580123901
US_MASSACHUSETTS_INSTITUTE_OF_TECHNOLOGY_69cb5dbd49,Ovarian carcinoma,0.4806888997554779
US_MASSACHUSETTS_INSTITUTE_OF_TECHNOLOGY_69cb5dbd49,PI3K/AKT/mTOR pathway,0.920688271522522
US_MASSACHUSETTS_INSTITUTE_OF_TECHNOLOGY_69cb5dbd49,Paleontology,0.0
US_MASSACHUSETTS_INSTITUTE_OF_TECHNOLOGY_69cb5dbd49,Pathological,0.43770965933799744
US_MASSACHUSETTS_INSTITUTE_OF_TECHNOLOGY_69cb5dbd49,Pathology,0.6170699298381805
US_MASSACHUSETTS_INSTITUTE_OF_TECHNOLOGY_69cb5dbd49,Patient care,0.4106844961643219
US_MASSACHUSETTS_INSTITUTE_OF_TECHNOLOGY_69cb5dbd49,Personalized medicine,0.6275121569633484
US_MASSACHUSETTS_INSTITUTE_OF_TECHNOLOGY_69cb5dbd49,Phagosome,0.5928187370300293
US_MASSACHUSETTS_INSTITUTE_OF_TECHNOLOGY_69cb5dbd49,Pharmacology,0.2666934132575989
US_MASSACHUSETTS_INSTITUTE_OF_TECHNOLOGY_69cb5dbd49,Phenotype,1.1648897528648376
US_MASSACHUSETTS_INSTITUTE_OF_TECHNOLOGY_69cb5dbd49,Photodynamic therapy,0.9047243595123291
US_MASSACHUSETTS_INSTITUTE_OF_TECHNOLOGY_69cb5dbd49,Physics,0.38695552945137024
US_MASSACHUSETTS_INSTITUTE_OF_TECHNOLOGY_69cb5dbd49,Political science,0.08223527669906616
US_MASSACHUSETTS_INSTITUTE_OF_TECHNOLOGY_69cb5dbd49,Population,0.48571544885635376
US_MASSACHUSETTS_INSTITUTE_OF_TECHNOLOGY_69cb5dbd49,Power law,0.5083922743797302
US_MASSACHUSETTS_INSTITUTE_OF_TECHNOLOGY_69cb5dbd49,Precision medicine,0.667129635810852
US_MASSACHUSETTS_INSTITUTE_OF_TECHNOLOGY_69cb5dbd49,Programming language,0.11720123887062073
US_MASSACHUSETTS_INSTITUTE_OF_TECHNOLOGY_69cb5dbd49,Psychological intervention,0.8379109501838684
US_MASSACHUSETTS_INSTITUTE_OF_TECHNOLOGY_69cb5dbd49,Psychology,0.2573462128639221
US_MASSACHUSETTS_INSTITUTE_OF_TECHNOLOGY_69cb5dbd49,RNA,0.6633230149745941
US_MASSACHUSETTS_INSTITUTE_OF_TECHNOLOGY_69cb5dbd49,RNA splicing,0.5069925785064697
US_MASSACHUSETTS_INSTITUTE_OF_TECHNOLOGY_69cb5dbd49,RNA-Seq,0.44440677762031555
US_MASSACHUSETTS_INSTITUTE_OF_TECHNOLOGY_69cb5dbd49,RPTOR,0.5575804114341736
US_MASSACHUSETTS_INSTITUTE_OF_TECHNOLOGY_69cb5dbd49,Range (aeronautics),0.6751043796539307
US_MASSACHUSETTS_INSTITUTE_OF_TECHNOLOGY_69cb5dbd49,Regression,0.5772796273231506
US_MASSACHUSETTS_INSTITUTE_OF_TECHNOLOGY_69cb5dbd49,Scalability,0.6612159013748169
US_MASSACHUSETTS_INSTITUTE_OF_TECHNOLOGY_69cb5dbd49,Sequence (biology),0.5314375758171082
US_MASSACHUSETTS_INSTITUTE_OF_TECHNOLOGY_69cb5dbd49,Serous fluid,0.5272344946861267
US_MASSACHUSETTS_INSTITUTE_OF_TECHNOLOGY_69cb5dbd49,Signal transduction,0.49552977085113525
US_MASSACHUSETTS_INSTITUTE_OF_TECHNOLOGY_69cb5dbd49,Single-cell analysis,0.5800632834434509
US_MASSACHUSETTS_INSTITUTE_OF_TECHNOLOGY_69cb5dbd49,Single-nucleotide polymorphism,0.3107938766479492
US_MASSACHUSETTS_INSTITUTE_OF_TECHNOLOGY_69cb5dbd49,Social psychology,0.07648447155952454
US_MASSACHUSETTS_INSTITUTE_OF_TECHNOLOGY_69cb5dbd49,Software,0.4443436563014984
US_MASSACHUSETTS_INSTITUTE_OF_TECHNOLOGY_69cb5dbd49,Somatic cell,1.0190019309520721
US_MASSACHUSETTS_INSTITUTE_OF_TECHNOLOGY_69cb5dbd49,Statistical physics,0.4854651093482971
US_MASSACHUSETTS_INSTITUTE_OF_TECHNOLOGY_69cb5dbd49,Statistics,0.28675583004951477
US_MASSACHUSETTS_INSTITUTE_OF_TECHNOLOGY_69cb5dbd49,Strengths and weaknesses,0.5695809721946716
US_MASSACHUSETTS_INSTITUTE_OF_TECHNOLOGY_69cb5dbd49,Stromal cell,0.5575392246246338
US_MASSACHUSETTS_INSTITUTE_OF_TECHNOLOGY_69cb5dbd49,Systematic review,0.5523392558097839
US_MASSACHUSETTS_INSTITUTE_OF_TECHNOLOGY_69cb5dbd49,TOR signaling,0.46782344579696655
US_MASSACHUSETTS_INSTITUTE_OF_TECHNOLOGY_69cb5dbd49,Tertiary care,0.47602134943008423
US_MASSACHUSETTS_INSTITUTE_OF_TECHNOLOGY_69cb5dbd49,Therapeutic effect,0.41274094581604004
US_MASSACHUSETTS_INSTITUTE_OF_TECHNOLOGY_69cb5dbd49,Toxicity,0.4350185990333557
US_MASSACHUSETTS_INSTITUTE_OF_TECHNOLOGY_69cb5dbd49,Transcription factor,0.4339463412761688
US_MASSACHUSETTS_INSTITUTE_OF_TECHNOLOGY_69cb5dbd49,Transcriptome,0.530523419380188
US_MASSACHUSETTS_INSTITUTE_OF_TECHNOLOGY_69cb5dbd49,Tumor cells,0.14399757981300354
US_MASSACHUSETTS_INSTITUTE_OF_TECHNOLOGY_69cb5dbd49,Tumor microenvironment,0.45704489946365356
US_MASSACHUSETTS_INSTITUTE_OF_TECHNOLOGY_69cb5dbd49,Vacuole,0.6125640869140625
US_MASSACHUSETTS_INSTITUTE_OF_TECHNOLOGY_69cb5dbd49,mTORC1,0.4059187173843384
US_MASSACHUSETTS_INSTITUTE_OF_TECHNOLOGY_69cb5dbd49,mTORC2,0.6302507519721985
US_MASSACHUSETTS_INSTITUTE_OF_TECHNOLOGY_69cb5dbd49,microRNA,1.2325066924095154
US_MAYO_CLINIC_1af55ddf94,Aphasia,0.4440559446811676
US_MAYO_CLINIC_1af55ddf94,Artificial intelligence,0.3581208884716034
US_MAYO_CLINIC_1af55ddf94,Biochemistry,0.0
US_MAYO_CLINIC_1af55ddf94,Biology,0.7119412422180176
US_MAYO_CLINIC_1af55ddf94,Burden of disease,0.6250711679458618
US_MAYO_CLINIC_1af55ddf94,Cancer,0.3755749464035034
US_MAYO_CLINIC_1af55ddf94,Cancer research,0.5424699187278748
US_MAYO_CLINIC_1af55ddf94,Case fatality rate,0.4428708553314209
US_MAYO_CLINIC_1af55ddf94,Cause of death,0.44510552287101746
US_MAYO_CLINIC_1af55ddf94,Cognitive psychology,0.19813522696495056
US_MAYO_CLINIC_1af55ddf94,Computer science,0.45725977420806885
US_MAYO_CLINIC_1af55ddf94,Consistency (knowledge bases),0.5661836862564087
US_MAYO_CLINIC_1af55ddf94,Coronavirus,0.5942755937576294
US_MAYO_CLINIC_1af55ddf94,Coronavirus disease 2019 (COVID-19),0.7436213493347168
US_MAYO_CLINIC_1af55ddf94,DNA methylation,0.5589496493339539
US_MAYO_CLINIC_1af55ddf94,Dementia,0.099153071641922
US_MAYO_CLINIC_1af55ddf94,Demography,0.5074257254600525
US_MAYO_CLINIC_1af55ddf94,Disability-adjusted life year,0.4536948502063751
US_MAYO_CLINIC_1af55ddf94,Disease,1.1082538068294525
US_MAYO_CLINIC_1af55ddf94,Disease burden,0.537912905216217
US_MAYO_CLINIC_1af55ddf94,Environmental health,0.49474141001701355
US_MAYO_CLINIC_1af55ddf94,Epigenetics,0.4278194308280945
US_MAYO_CLINIC_1af55ddf94,Epistemology,0.0
US_MAYO_CLINIC_1af55ddf94,Exon,0.5527382493019104
US_MAYO_CLINIC_1af55ddf94,Frontotemporal dementia,0.20854243636131287
US_MAYO_CLINIC_1af55ddf94,Gene,0.5511800050735474
US_MAYO_CLINIC_1af55ddf94,Gene expression,0.23008683323860168
US_MAYO_CLINIC_1af55ddf94,Genetics,0.3477213978767395
US_MAYO_CLINIC_1af55ddf94,Global health,0.4490731358528137
US_MAYO_CLINIC_1af55ddf94,Incidence (geometry),0.46606212854385376
US_MAYO_CLINIC_1af55ddf94,Infectious disease (medical specialty),0.1916607916355133
US_MAYO_CLINIC_1af55ddf94,Intensive care medicine,0.6675141453742981
US_MAYO_CLINIC_1af55ddf94,Internal medicine,0.21419981122016907
US_MAYO_CLINIC_1af55ddf94,Life expectancy,0.38459542393684387
US_MAYO_CLINIC_1af55ddf94,Medicine,2.062241792678833
US_MAYO_CLINIC_1af55ddf94,Methylation,0.4146692156791687
US_MAYO_CLINIC_1af55ddf94,Multidisciplinary approach,0.43697184324264526
US_MAYO_CLINIC_1af55ddf94,Natural language processing,0.5000417232513428
US_MAYO_CLINIC_1af55ddf94,Nursing,0.0
US_MAYO_CLINIC_1af55ddf94,Operationalization,0.5419031977653503
US_MAYO_CLINIC_1af55ddf94,Optics,0.0
US_MAYO_CLINIC_1af55ddf94,Ovarian cancer,0.7307871580123901
US_MAYO_CLINIC_1af55ddf94,Ovarian carcinoma,0.4806888997554779
US_MAYO_CLINIC_1af55ddf94,Pandemic,0.7416242957115173
US_MAYO_CLINIC_1af55ddf94,Pathology,0.35581469535827637
US_MAYO_CLINIC_1af55ddf94,Philosophy,0.0
US_MAYO_CLINIC_1af55ddf94,Physics,0.0
US_MAYO_CLINIC_1af55ddf94,Population,1.0634171962738037
US_MAYO_CLINIC_1af55ddf94,Power (physics),0.0
US_MAYO_CLINIC_1af55ddf94,Primary progressive aphasia,0.9393501281738281
US_MAYO_CLINIC_1af55ddf94,Psychology,0.3644574284553528
US_MAYO_CLINIC_1af55ddf94,Public health,0.38423794507980347
US_MAYO_CLINIC_1af55ddf94,Quantum mechanics,0.0
US_MAYO_CLINIC_1af55ddf94,Reliability (semiconductor),0.45048946142196655
US_MAYO_CLINIC_1af55ddf94,Serous fluid,0.5272344946861267
US_MAYO_CLINIC_1af55ddf94,Severe acute respiratory syndrome coronavirus 2 (SARS-CoV-2),0.5297297835350037
US_MAYO_CLINIC_1af55ddf94,Social science,0.0
US_MAYO_CLINIC_1af55ddf94,Sociology,0.0
US_MAYO_CLINIC_1af55ddf94,Somatic cell,0.42389652132987976
US_MAYO_CLINIC_1af55ddf94,Years of potential life lost,0.5155167579650879
US_MAYO_CLINIC_1af55ddf94,microRNA,0.5933352708816528
US_MICHIGAN_STATE_UNIVERSITY_e00b2455da,Biochemistry,0.1390623152256012
US_MICHIGAN_STATE_UNIVERSITY_e00b2455da,Bioinformatics,0.5406325161457062
US_MICHIGAN_STATE_UNIVERSITY_e00b2455da,Biology,0.5024632215499878
US_MICHIGAN_STATE_UNIVERSITY_e00b2455da,Cause of death,0.5558197498321533
US_MICHIGAN_STATE_UNIVERSITY_e00b2455da,Chemistry,0.26076430082321167
US_MICHIGAN_STATE_UNIVERSITY_e00b2455da,Computational biology,0.9501043260097504
US_MICHIGAN_STATE_UNIVERSITY_e00b2455da,Computational science,0.3966148793697357
US_MICHIGAN_STATE_UNIVERSITY_e00b2455da,Computer graphics,0.39377516508102417
US_MICHIGAN_STATE_UNIVERSITY_e00b2455da,Computer graphics (images),0.3354361057281494
US_MICHIGAN_STATE_UNIVERSITY_e00b2455da,Computer science,1.2595223784446716
US_MICHIGAN_STATE_UNIVERSITY_e00b2455da,Covariate,0.6156277656555176
US_MICHIGAN_STATE_UNIVERSITY_e00b2455da,Data science,0.3914947807788849
US_MICHIGAN_STATE_UNIVERSITY_e00b2455da,Database,0.15453827381134033
US_MICHIGAN_STATE_UNIVERSITY_e00b2455da,Demography,0.543491542339325
US_MICHIGAN_STATE_UNIVERSITY_e00b2455da,Disease,0.39989426732063293
US_MICHIGAN_STATE_UNIVERSITY_e00b2455da,Electrical engineering,0.0
US_MICHIGAN_STATE_UNIVERSITY_e00b2455da,Engineering,0.09522822499275208
US_MICHIGAN_STATE_UNIVERSITY_e00b2455da,Extensibility,0.6170313954353333
US_MICHIGAN_STATE_UNIVERSITY_e00b2455da,Folding (DSP implementation),0.5742753744125366
US_MICHIGAN_STATE_UNIVERSITY_e00b2455da,Graphics,0.4159841239452362
US_MICHIGAN_STATE_UNIVERSITY_e00b2455da,Graphics processing unit,0.48440271615982056
US_MICHIGAN_STATE_UNIVERSITY_e00b2455da,Mathematics,0.15310701727867126
US_MICHIGAN_STATE_UNIVERSITY_e00b2455da,Medicine,0.5180118680000305
US_MICHIGAN_STATE_UNIVERSITY_e00b2455da,Microbiome,0.7692012786865234
US_MICHIGAN_STATE_UNIVERSITY_e00b2455da,Missing data,0.43697911500930786
US_MICHIGAN_STATE_UNIVERSITY_e00b2455da,Molecular graphics,0.4432174861431122
US_MICHIGAN_STATE_UNIVERSITY_e00b2455da,Open source software,0.42502227425575256
US_MICHIGAN_STATE_UNIVERSITY_e00b2455da,Operating system,0.1889657974243164
US_MICHIGAN_STATE_UNIVERSITY_e00b2455da,Pathology,0.0
US_MICHIGAN_STATE_UNIVERSITY_e00b2455da,Programming language,0.34381434321403503
US_MICHIGAN_STATE_UNIVERSITY_e00b2455da,Protein folding,0.5938770174980164
US_MICHIGAN_STATE_UNIVERSITY_e00b2455da,Protein structure,0.411533921957016
US_MICHIGAN_STATE_UNIVERSITY_e00b2455da,Scalability,0.6612159013748169
US_MICHIGAN_STATE_UNIVERSITY_e00b2455da,Sociology,0.0
US_MICHIGAN_STATE_UNIVERSITY_e00b2455da,Software,0.5202585458755493
US_MICHIGAN_STATE_UNIVERSITY_e00b2455da,Statistics,0.4522966146469116
US_NATIONAL_INSTITUTE_ON_AGING_7d80711af0,ATG8,0.5880008339881897
US_NATIONAL_INSTITUTE_ON_AGING_7d80711af0,Apoptosis,0.0
US_NATIONAL_INSTITUTE_ON_AGING_7d80711af0,Autophagosome,0.7631988525390625
US_NATIONAL_INSTITUTE_ON_AGING_7d80711af0,Autophagy,0.9595129489898682
US_NATIONAL_INSTITUTE_ON_AGING_7d80711af0,Biochemistry,0.2146838903427124
US_NATIONAL_INSTITUTE_ON_AGING_7d80711af0,Biogenesis,0.5590387582778931
US_NATIONAL_INSTITUTE_ON_AGING_7d80711af0,Biology,0.7072432041168213
US_NATIONAL_INSTITUTE_ON_AGING_7d80711af0,Cell,0.2458903193473816
US_NATIONAL_INSTITUTE_ON_AGING_7d80711af0,Cell biology,0.6620039939880371
US_NATIONAL_INSTITUTE_ON_AGING_7d80711af0,Chronic disease,0.41377392411231995
US_NATIONAL_INSTITUTE_ON_AGING_7d80711af0,Cytoplasm,0.1116902232170105
US_NATIONAL_INSTITUTE_ON_AGING_7d80711af0,Disease,0.5909795165061951
US_NATIONAL_INSTITUTE_ON_AGING_7d80711af0,Etiology,0.7635751962661743
US_NATIONAL_INSTITUTE_ON_AGING_7d80711af0,Gene,0.0
US_NATIONAL_INSTITUTE_ON_AGING_7d80711af0,Gerontology,0.30212199687957764
US_NATIONAL_INSTITUTE_ON_AGING_7d80711af0,Immunology,0.3438284993171692
US_NATIONAL_INSTITUTE_ON_AGING_7d80711af0,Inflammation,0.6809349656105042
US_NATIONAL_INSTITUTE_ON_AGING_7d80711af0,Intensive care medicine,0.32874006032943726
US_NATIONAL_INSTITUTE_ON_AGING_7d80711af0,Internal medicine,0.1899101734161377
US_NATIONAL_INSTITUTE_ON_AGING_7d80711af0,Intracellular,0.257116436958313
US_NATIONAL_INSTITUTE_ON_AGING_7d80711af0,Life span,0.5941201448440552
US_NATIONAL_INSTITUTE_ON_AGING_7d80711af0,Medicine,0.522077739238739
US_NATIONAL_INSTITUTE_ON_AGING_7d80711af0,Multicellular organism,0.5740522146224976
US_NATIONAL_INSTITUTE_ON_AGING_7d80711af0,Phagosome,0.5928187370300293
US_NATIONAL_INSTITUTE_ON_AGING_7d80711af0,Vacuole,0.6125640869140625
US_NATIONAL_OCEANIC_AND_ATMOSPHERIC_ADMINISTRATION_1156624e21,Bioinformatics,0.2061787247657776
US_NATIONAL_OCEANIC_AND_ATMOSPHERIC_ADMINISTRATION_1156624e21,Biology,0.3179319202899933
US_NATIONAL_OCEANIC_AND_ATMOSPHERIC_ADMINISTRATION_1156624e21,Computational biology,0.5356760621070862
US_NATIONAL_OCEANIC_AND_ATMOSPHERIC_ADMINISTRATION_1156624e21,Computer science,0.581027090549469
US_NATIONAL_OCEANIC_AND_ATMOSPHERIC_ADMINISTRATION_1156624e21,Data science,0.3914947807788849
US_NATIONAL_OCEANIC_AND_ATMOSPHERIC_ADMINISTRATION_1156624e21,Database,0.15453827381134033
US_NATIONAL_OCEANIC_AND_ATMOSPHERIC_ADMINISTRATION_1156624e21,Extensibility,0.6170313954353333
US_NATIONAL_OCEANIC_AND_ATMOSPHERIC_ADMINISTRATION_1156624e21,Microbiome,0.7692012786865234
US_NATIONAL_OCEANIC_AND_ATMOSPHERIC_ADMINISTRATION_1156624e21,Programming language,0.11720123887062073
US_NATIONAL_OCEANIC_AND_ATMOSPHERIC_ADMINISTRATION_1156624e21,Scalability,0.6612159013748169
US_NEW_JERSEY_INSTITUTE_OF_TECHNOLOGY_aefd8a809a,Biology,0.3964592218399048
US_NEW_JERSEY_INSTITUTE_OF_TECHNOLOGY_aefd8a809a,Disease,0.5181140303611755
US_NEW_JERSEY_INSTITUTE_OF_TECHNOLOGY_aefd8a809a,Gene,0.10809144377708435
US_NEW_JERSEY_INSTITUTE_OF_TECHNOLOGY_aefd8a809a,Genetic architecture,0.43001317977905273
US_NEW_JERSEY_INSTITUTE_OF_TECHNOLOGY_aefd8a809a,Genetics,0.22789227962493896
US_NEW_JERSEY_INSTITUTE_OF_TECHNOLOGY_aefd8a809a,Host (biology),0.7231769561767578
US_NEW_JERSEY_INSTITUTE_OF_TECHNOLOGY_aefd8a809a,Inflammatory Bowel Diseases,0.5069501399993896
US_NEW_JERSEY_INSTITUTE_OF_TECHNOLOGY_aefd8a809a,Inflammatory bowel disease,0.8482241630554199
US_NEW_JERSEY_INSTITUTE_OF_TECHNOLOGY_aefd8a809a,Medicine,0.33274856209754944
US_NEW_JERSEY_INSTITUTE_OF_TECHNOLOGY_aefd8a809a,Pathology,0.15053018927574158
US_NEW_JERSEY_INSTITUTE_OF_TECHNOLOGY_aefd8a809a,Phenotype,0.08114805817604065
US_NEW_YORK_UNIVERSITY_990aa3e1bd,Apoptosis,0.24727565050125122
US_NEW_YORK_UNIVERSITY_990aa3e1bd,Bacteria,0.09365224838256836
US_NEW_YORK_UNIVERSITY_990aa3e1bd,Biochemistry,0.28882288932800293
US_NEW_YORK_UNIVERSITY_990aa3e1bd,Bioinformatics,0.3315771818161011
US_NEW_YORK_UNIVERSITY_990aa3e1bd,Biology,3.09553724527359
US_NEW_YORK_UNIVERSITY_990aa3e1bd,Bubble,0.0
US_NEW_YORK_UNIVERSITY_990aa3e1bd,Cell,0.42914384603500366
US_NEW_YORK_UNIVERSITY_990aa3e1bd,Cell biology,0.5350912809371948
US_NEW_YORK_UNIVERSITY_990aa3e1bd,Cell metabolism,0.5109428763389587
US_NEW_YORK_UNIVERSITY_990aa3e1bd,Community,0.5060710310935974
US_NEW_YORK_UNIVERSITY_990aa3e1bd,Computational biology,1.003872036933899
US_NEW_YORK_UNIVERSITY_990aa3e1bd,Computer science,0.6919883191585541
US_NEW_YORK_UNIVERSITY_990aa3e1bd,Data integration,0.44733062386512756
US_NEW_YORK_UNIVERSITY_990aa3e1bd,Data mining,0.47009336948394775
US_NEW_YORK_UNIVERSITY_990aa3e1bd,Data visualization,0.5003595352172852
US_NEW_YORK_UNIVERSITY_990aa3e1bd,Disease,0.5638327598571777
US_NEW_YORK_UNIVERSITY_990aa3e1bd,Ecology,0.6547218561172485
US_NEW_YORK_UNIVERSITY_990aa3e1bd,Embedded system,0.0
US_NEW_YORK_UNIVERSITY_990aa3e1bd,Environmental health,0.11622247099876404
US_NEW_YORK_UNIVERSITY_990aa3e1bd,Epilepsy,0.8462277054786682
US_NEW_YORK_UNIVERSITY_990aa3e1bd,Epilepsy syndromes,0.48666006326675415
US_NEW_YORK_UNIVERSITY_990aa3e1bd,Etiology,0.5829571485519409
US_NEW_YORK_UNIVERSITY_990aa3e1bd,Evolutionary biology,0.3474726676940918
US_NEW_YORK_UNIVERSITY_990aa3e1bd,Gene,0.094522625207901
US_NEW_YORK_UNIVERSITY_990aa3e1bd,Generalized epilepsy,0.4336230754852295
US_NEW_YORK_UNIVERSITY_990aa3e1bd,Genetics,0.15872535109519958
US_NEW_YORK_UNIVERSITY_990aa3e1bd,Graph drawing,0.47189176082611084
US_NEW_YORK_UNIVERSITY_990aa3e1bd,Habitat,0.4501504898071289
US_NEW_YORK_UNIVERSITY_990aa3e1bd,Human Microbiome Project,0.5840378999710083
US_NEW_YORK_UNIVERSITY_990aa3e1bd,Human microbiome,0.5101380944252014
US_NEW_YORK_UNIVERSITY_990aa3e1bd,Human–computer interaction,0.1566638946533203
US_NEW_YORK_UNIVERSITY_990aa3e1bd,Information retrieval,0.37488457560539246
US_NEW_YORK_UNIVERSITY_990aa3e1bd,Intensive care medicine,0.361179918050766
US_NEW_YORK_UNIVERSITY_990aa3e1bd,Interface (matter),0.6469070911407471
US_NEW_YORK_UNIVERSITY_990aa3e1bd,Lens (geology),0.0
US_NEW_YORK_UNIVERSITY_990aa3e1bd,Linguistics,0.0
US_NEW_YORK_UNIVERSITY_990aa3e1bd,Materials science,0.0
US_NEW_YORK_UNIVERSITY_990aa3e1bd,Maximum bubble pressure method,0.0
US_NEW_YORK_UNIVERSITY_990aa3e1bd,Medicine,0.6504996418952942
US_NEW_YORK_UNIVERSITY_990aa3e1bd,Metabolism,0.5232669115066528
US_NEW_YORK_UNIVERSITY_990aa3e1bd,Metagenomics,0.7584229111671448
US_NEW_YORK_UNIVERSITY_990aa3e1bd,Metallurgy,0.0
US_NEW_YORK_UNIVERSITY_990aa3e1bd,Microbial ecology,0.4453139901161194
US_NEW_YORK_UNIVERSITY_990aa3e1bd,Microbiome,0.8278478384017944
US_NEW_YORK_UNIVERSITY_990aa3e1bd,Nexus (standard),0.6405488848686218
US_NEW_YORK_UNIVERSITY_990aa3e1bd,Niche,0.5147614479064941
US_NEW_YORK_UNIVERSITY_990aa3e1bd,Paleontology,0.0
US_NEW_YORK_UNIVERSITY_990aa3e1bd,Parallel computing,0.0
US_NEW_YORK_UNIVERSITY_990aa3e1bd,Pathology,0.0
US_NEW_YORK_UNIVERSITY_990aa3e1bd,Pediatrics,0.3892921209335327
US_NEW_YORK_UNIVERSITY_990aa3e1bd,Philosophy,0.0
US_NEW_YORK_UNIVERSITY_990aa3e1bd,Population,0.48571544885635376
US_NEW_YORK_UNIVERSITY_990aa3e1bd,Programmed cell death,0.6293809413909912
US_NEW_YORK_UNIVERSITY_990aa3e1bd,Programming language,0.1519957184791565
US_NEW_YORK_UNIVERSITY_990aa3e1bd,Psychiatry,0.3205186128616333
US_NEW_YORK_UNIVERSITY_990aa3e1bd,Redox,0.4691561460494995
US_NEW_YORK_UNIVERSITY_990aa3e1bd,Terminology,0.7138856649398804
US_NEW_YORK_UNIVERSITY_990aa3e1bd,The Internet,0.49205702543258667
US_NEW_YORK_UNIVERSITY_990aa3e1bd,Usability,0.4837493896484375
US_NEW_YORK_UNIVERSITY_990aa3e1bd,User interface,0.49918627738952637
US_NEW_YORK_UNIVERSITY_990aa3e1bd,Visualization,0.691798746585846
US_NEW_YORK_UNIVERSITY_990aa3e1bd,World Wide Web,0.25629082322120667
US_NEW_YORK_UNIVERSITY_990aa3e1bd,Zoom,0.5495612621307373
US_NORTH_CAROLINA_STATE_UNIVERSITY_1e66637b30,1000 Genomes Project,0.4982619285583496
US_NORTH_CAROLINA_STATE_UNIVERSITY_1e66637b30,Artificial intelligence,0.2990652024745941
US_NORTH_CAROLINA_STATE_UNIVERSITY_1e66637b30,Bayesian probability,0.4909992516040802
US_NORTH_CAROLINA_STATE_UNIVERSITY_1e66637b30,Bioinformatics,0.2061787247657776
US_NORTH_CAROLINA_STATE_UNIVERSITY_1e66637b30,Biology,1.653378039598465
US_NORTH_CAROLINA_STATE_UNIVERSITY_1e66637b30,Computational biology,1.03300079703331
US_NORTH_CAROLINA_STATE_UNIVERSITY_1e66637b30,Computer science,1.2299713492393494
US_NORTH_CAROLINA_STATE_UNIVERSITY_1e66637b30,DNA,0.2062108814716339
US_NORTH_CAROLINA_STATE_UNIVERSITY_1e66637b30,DNA sequencing,0.5021266937255859
US_NORTH_CAROLINA_STATE_UNIVERSITY_1e66637b30,Data mining,0.3623112440109253
US_NORTH_CAROLINA_STATE_UNIVERSITY_1e66637b30,Data science,0.9816780984401703
US_NORTH_CAROLINA_STATE_UNIVERSITY_1e66637b30,Database,0.15453827381134033
US_NORTH_CAROLINA_STATE_UNIVERSITY_1e66637b30,Demography,0.17448937892913818
US_NORTH_CAROLINA_STATE_UNIVERSITY_1e66637b30,Economics,0.0
US_NORTH_CAROLINA_STATE_UNIVERSITY_1e66637b30,Evolutionary biology,0.44167560338974
US_NORTH_CAROLINA_STATE_UNIVERSITY_1e66637b30,Extensibility,0.6170313954353333
US_NORTH_CAROLINA_STATE_UNIVERSITY_1e66637b30,Gene,0.17380130290985107
US_NORTH_CAROLINA_STATE_UNIVERSITY_1e66637b30,Genetics,0.4306437075138092
US_NORTH_CAROLINA_STATE_UNIVERSITY_1e66637b30,Genome,0.47583794593811035
US_NORTH_CAROLINA_STATE_UNIVERSITY_1e66637b30,Genotype,0.306592732667923
US_NORTH_CAROLINA_STATE_UNIVERSITY_1e66637b30,Geodesy,0.0
US_NORTH_CAROLINA_STATE_UNIVERSITY_1e66637b30,Geography,0.4524954557418823
US_NORTH_CAROLINA_STATE_UNIVERSITY_1e66637b30,Hierarchy,0.5163037180900574
US_NORTH_CAROLINA_STATE_UNIVERSITY_1e66637b30,Human genome,0.6060408353805542
US_NORTH_CAROLINA_STATE_UNIVERSITY_1e66637b30,Inference,0.45092201232910156
US_NORTH_CAROLINA_STATE_UNIVERSITY_1e66637b30,International HapMap Project,0.984015941619873
US_NORTH_CAROLINA_STATE_UNIVERSITY_1e66637b30,Market economy,0.0
US_NORTH_CAROLINA_STATE_UNIVERSITY_1e66637b30,Mathematics,0.11222994327545166
US_NORTH_CAROLINA_STATE_UNIVERSITY_1e66637b30,Microbiome,0.7692012786865234
US_NORTH_CAROLINA_STATE_UNIVERSITY_1e66637b30,Pace,0.4106293320655823
US_NORTH_CAROLINA_STATE_UNIVERSITY_1e66637b30,Population,0.45308154821395874
US_NORTH_CAROLINA_STATE_UNIVERSITY_1e66637b30,Population structure,0.4302852749824524
US_NORTH_CAROLINA_STATE_UNIVERSITY_1e66637b30,Programming language,0.11720123887062073
US_NORTH_CAROLINA_STATE_UNIVERSITY_1e66637b30,Scalability,0.6612159013748169
US_NORTH_CAROLINA_STATE_UNIVERSITY_1e66637b30,Sequence (biology),0.5314375758171082
US_NORTH_CAROLINA_STATE_UNIVERSITY_1e66637b30,Single-nucleotide polymorphism,0.0
US_NORTH_CAROLINA_STATE_UNIVERSITY_1e66637b30,Sociology,0.0
US_NORTH_CAROLINA_STATE_UNIVERSITY_1e66637b30,Software,0.6266711950302124
US_NORTH_CAROLINA_STATE_UNIVERSITY_1e66637b30,Software development,0.43283161520957947
US_NORTH_CAROLINA_STATE_UNIVERSITY_1e66637b30,Statistics,0.5648653507232666
US_OREGON_STATE_UNIVERSITY_4c84b090e3,Alternative medicine,0.0
US_OREGON_STATE_UNIVERSITY_4c84b090e3,Apoptosis,0.4130276143550873
US_OREGON_STATE_UNIVERSITY_4c84b090e3,Biochemistry,0.3191705346107483
US_OREGON_STATE_UNIVERSITY_4c84b090e3,Biology,0.5046957433223724
US_OREGON_STATE_UNIVERSITY_4c84b090e3,Business,0.478975772857666
US_OREGON_STATE_UNIVERSITY_4c84b090e3,Cell biology,0.5846002697944641
US_OREGON_STATE_UNIVERSITY_4c84b090e3,Chemistry,0.9577270746231079
US_OREGON_STATE_UNIVERSITY_4c84b090e3,Chromatography,0.1269339621067047
US_OREGON_STATE_UNIVERSITY_4c84b090e3,Computational biology,0.41906023025512695
US_OREGON_STATE_UNIVERSITY_4c84b090e3,Computer science,0.28377848863601685
US_OREGON_STATE_UNIVERSITY_4c84b090e3,Data curation,0.6775604486465454
US_OREGON_STATE_UNIVERSITY_4c84b090e3,Data science,0.4047073423862457
US_OREGON_STATE_UNIVERSITY_4c84b090e3,Data sharing,0.4613611102104187
US_OREGON_STATE_UNIVERSITY_4c84b090e3,Enzyme,0.06964048743247986
US_OREGON_STATE_UNIVERSITY_4c84b090e3,Immunology,0.33683109283447266
US_OREGON_STATE_UNIVERSITY_4c84b090e3,Mass spectrometry,0.4895699918270111
US_OREGON_STATE_UNIVERSITY_4c84b090e3,Mediator,0.639016330242157
US_OREGON_STATE_UNIVERSITY_4c84b090e3,Medicine,0.3702054023742676
US_OREGON_STATE_UNIVERSITY_4c84b090e3,Natural (archaeology),0.5419458150863647
US_OREGON_STATE_UNIVERSITY_4c84b090e3,Nitric oxide,0.7670136094093323
US_OREGON_STATE_UNIVERSITY_4c84b090e3,Organic chemistry,0.0
US_OREGON_STATE_UNIVERSITY_4c84b090e3,Oxidative phosphorylation,0.5051806569099426
US_OREGON_STATE_UNIVERSITY_4c84b090e3,Oxidative stress,0.5197912454605103
US_OREGON_STATE_UNIVERSITY_4c84b090e3,Paleontology,0.0
US_OREGON_STATE_UNIVERSITY_4c84b090e3,Pathology,0.0
US_OREGON_STATE_UNIVERSITY_4c84b090e3,Peroxynitrite,0.985801637172699
US_OREGON_STATE_UNIVERSITY_4c84b090e3,Peroxynitrous acid,0.6048676371574402
US_OREGON_STATE_UNIVERSITY_4c84b090e3,Pharmacology,0.35081809759140015
US_OREGON_STATE_UNIVERSITY_4c84b090e3,Superoxide,0.6681906580924988
US_OREGON_STATE_UNIVERSITY_4c84b090e3,World Wide Web,0.3699272871017456
US_RUTGERS_THE_STATE_UNIVERSITY_OF_NEW_JERSEY_ce8dc5a7da,Biochemistry,0.0
US_RUTGERS_THE_STATE_UNIVERSITY_OF_NEW_JERSEY_ce8dc5a7da,Biology,0.4291522800922394
US_RUTGERS_THE_STATE_UNIVERSITY_OF_NEW_JERSEY_ce8dc5a7da,Cancer,0.24420154094696045
US_RUTGERS_THE_STATE_UNIVERSITY_OF_NEW_JERSEY_ce8dc5a7da,Cancer research,0.5340418219566345
US_RUTGERS_THE_STATE_UNIVERSITY_OF_NEW_JERSEY_ce8dc5a7da,Cell,0.26885277032852173
US_RUTGERS_THE_STATE_UNIVERSITY_OF_NEW_JERSEY_ce8dc5a7da,Cell biology,0.3516688942909241
US_RUTGERS_THE_STATE_UNIVERSITY_OF_NEW_JERSEY_ce8dc5a7da,Exosome,0.8363630771636963
US_RUTGERS_THE_STATE_UNIVERSITY_OF_NEW_JERSEY_ce8dc5a7da,Gene,0.08832293748855591
US_RUTGERS_THE_STATE_UNIVERSITY_OF_NEW_JERSEY_ce8dc5a7da,Genetics,0.0
US_RUTGERS_THE_STATE_UNIVERSITY_OF_NEW_JERSEY_ce8dc5a7da,Integrin,0.7431454062461853
US_RUTGERS_THE_STATE_UNIVERSITY_OF_NEW_JERSEY_ce8dc5a7da,Internal medicine,0.1323973834514618
US_RUTGERS_THE_STATE_UNIVERSITY_OF_NEW_JERSEY_ce8dc5a7da,Medicine,0.3820856213569641
US_RUTGERS_THE_STATE_UNIVERSITY_OF_NEW_JERSEY_ce8dc5a7da,Metastasis,0.728230357170105
US_RUTGERS_THE_STATE_UNIVERSITY_OF_NEW_JERSEY_ce8dc5a7da,Microvesicles,0.8350601196289062
US_RUTGERS_THE_STATE_UNIVERSITY_OF_NEW_JERSEY_ce8dc5a7da,Pathology,0.45279961824417114
US_RUTGERS_THE_STATE_UNIVERSITY_OF_NEW_JERSEY_ce8dc5a7da,microRNA,0.1620558798313141
US_SYRACUSE_UNIVERSITY_ba996c8672,Bioinformatics,0.2061787247657776
US_SYRACUSE_UNIVERSITY_ba996c8672,Biology,0.3179319202899933
US_SYRACUSE_UNIVERSITY_ba996c8672,Computational biology,0.5356760621070862
US_SYRACUSE_UNIVERSITY_ba996c8672,Computer science,0.581027090549469
US_SYRACUSE_UNIVERSITY_ba996c8672,Data science,0.3914947807788849
US_SYRACUSE_UNIVERSITY_ba996c8672,Database,0.15453827381134033
US_SYRACUSE_UNIVERSITY_ba996c8672,Extensibility,0.6170313954353333
US_SYRACUSE_UNIVERSITY_ba996c8672,Microbiome,0.7692012786865234
US_SYRACUSE_UNIVERSITY_ba996c8672,Programming language,0.11720123887062073
US_SYRACUSE_UNIVERSITY_ba996c8672,Scalability,0.6612159013748169
US_THE_OHIO_STATE_UNIVERSITY_3ff47a2d90,ATG8,0.5880008339881897
US_THE_OHIO_STATE_UNIVERSITY_3ff47a2d90,Apoptosis,0.0
US_THE_OHIO_STATE_UNIVERSITY_3ff47a2d90,Autophagosome,0.7631988525390625
US_THE_OHIO_STATE_UNIVERSITY_3ff47a2d90,Autophagy,0.9595129489898682
US_THE_OHIO_STATE_UNIVERSITY_3ff47a2d90,Biochemistry,0.2146838903427124
US_THE_OHIO_STATE_UNIVERSITY_3ff47a2d90,Biogenesis,0.5590387582778931
US_THE_OHIO_STATE_UNIVERSITY_3ff47a2d90,Bioinformatics,0.32303759455680847
US_THE_OHIO_STATE_UNIVERSITY_3ff47a2d90,Biology,1.059565782546997
US_THE_OHIO_STATE_UNIVERSITY_3ff47a2d90,Cell,0.2458903193473816
US_THE_OHIO_STATE_UNIVERSITY_3ff47a2d90,Cell biology,0.6620039939880371
US_THE_OHIO_STATE_UNIVERSITY_3ff47a2d90,Computational biology,0.3601316809654236
US_THE_OHIO_STATE_UNIVERSITY_3ff47a2d90,Computer network,0.0
US_THE_OHIO_STATE_UNIVERSITY_3ff47a2d90,Computer science,0.19280385971069336
US_THE_OHIO_STATE_UNIVERSITY_3ff47a2d90,Context (archaeology),0.5783970355987549
US_THE_OHIO_STATE_UNIVERSITY_3ff47a2d90,Cytoplasm,0.1116902232170105
US_THE_OHIO_STATE_UNIVERSITY_3ff47a2d90,Disease,0.5165216326713562
US_THE_OHIO_STATE_UNIVERSITY_3ff47a2d90,Exome,0.5332229733467102
US_THE_OHIO_STATE_UNIVERSITY_3ff47a2d90,Exome sequencing,0.6054781079292297
US_THE_OHIO_STATE_UNIVERSITY_3ff47a2d90,Expert opinion,0.6715271472930908
US_THE_OHIO_STATE_UNIVERSITY_3ff47a2d90,Family medicine,0.3640426993370056
US_THE_OHIO_STATE_UNIVERSITY_3ff47a2d90,Gene,0.1315501630306244
US_THE_OHIO_STATE_UNIVERSITY_3ff47a2d90,Genetic association,0.4143868386745453
US_THE_OHIO_STATE_UNIVERSITY_3ff47a2d90,Genetic testing,0.9740200638771057
US_THE_OHIO_STATE_UNIVERSITY_3ff47a2d90,Genetics,0.4442348778247833
US_THE_OHIO_STATE_UNIVERSITY_3ff47a2d90,Genome,0.20689421892166138
US_THE_OHIO_STATE_UNIVERSITY_3ff47a2d90,Genomics,0.5330480337142944
US_THE_OHIO_STATE_UNIVERSITY_3ff47a2d90,Genotype,0.10445600748062134
US_THE_OHIO_STATE_UNIVERSITY_3ff47a2d90,Intensive care medicine,0.451002299785614
US_THE_OHIO_STATE_UNIVERSITY_3ff47a2d90,Internal medicine,0.29114973545074463
US_THE_OHIO_STATE_UNIVERSITY_3ff47a2d90,Intracellular,0.257116436958313
US_THE_OHIO_STATE_UNIVERSITY_3ff47a2d90,Leukemia,0.2953142523765564
US_THE_OHIO_STATE_UNIVERSITY_3ff47a2d90,Medical genetics,0.6927087306976318
US_THE_OHIO_STATE_UNIVERSITY_3ff47a2d90,Medicine,0.8554966449737549
US_THE_OHIO_STATE_UNIVERSITY_3ff47a2d90,Minimal residual disease,0.562143862247467
US_THE_OHIO_STATE_UNIVERSITY_3ff47a2d90,Multicellular organism,0.5740522146224976
US_THE_OHIO_STATE_UNIVERSITY_3ff47a2d90,Mutation,0.10024502873420715
US_THE_OHIO_STATE_UNIVERSITY_3ff47a2d90,Myeloid leukemia,0.4520180821418762
US_THE_OHIO_STATE_UNIVERSITY_3ff47a2d90,Oncology,0.4002456068992615
US_THE_OHIO_STATE_UNIVERSITY_3ff47a2d90,Paleontology,0.0
US_THE_OHIO_STATE_UNIVERSITY_3ff47a2d90,Phagosome,0.5928187370300293
US_THE_OHIO_STATE_UNIVERSITY_3ff47a2d90,Single-nucleotide polymorphism,0.16274437308311462
US_THE_OHIO_STATE_UNIVERSITY_3ff47a2d90,Vacuole,0.6125640869140625
US_THE_OHIO_STATE_UNIVERSITY_3ff47a2d90,Whole genome sequencing,0.4177917242050171
US_THE_OHIO_STATE_UNIVERSITY_3ff47a2d90,Workgroup,0.6349256038665771
US_UNITED_STATES_DEPARTMENT_OF_AGRICULTURE_d7ab44e972,Bioinformatics,0.2061787247657776
US_UNITED_STATES_DEPARTMENT_OF_AGRICULTURE_d7ab44e972,Biology,0.3179319202899933
US_UNITED_STATES_DEPARTMENT_OF_AGRICULTURE_d7ab44e972,Computational biology,0.5356760621070862
US_UNITED_STATES_DEPARTMENT_OF_AGRICULTURE_d7ab44e972,Computer science,0.581027090549469
US_UNITED_STATES_DEPARTMENT_OF_AGRICULTURE_d7ab44e972,Data science,0.3914947807788849
US_UNITED_STATES_DEPARTMENT_OF_AGRICULTURE_d7ab44e972,Database,0.15453827381134033
US_UNITED_STATES_DEPARTMENT_OF_AGRICULTURE_d7ab44e972,Extensibility,0.6170313954353333
US_UNITED_STATES_DEPARTMENT_OF_AGRICULTURE_d7ab44e972,Microbiome,0.7692012786865234
US_UNITED_STATES_DEPARTMENT_OF_AGRICULTURE_d7ab44e972,Programming language,0.11720123887062073
US_UNITED_STATES_DEPARTMENT_OF_AGRICULTURE_d7ab44e972,Scalability,0.6612159013748169
US_UNIVERSITY_OF_FLORIDA_87dde24319,ATG8,0.5880008339881897
US_UNIVERSITY_OF_FLORIDA_87dde24319,Apoptosis,0.0
US_UNIVERSITY_OF_FLORIDA_87dde24319,Autophagosome,0.7631988525390625
US_UNIVERSITY_OF_FLORIDA_87dde24319,Autophagy,0.9595129489898682
US_UNIVERSITY_OF_FLORIDA_87dde24319,Biochemistry,0.2146838903427124
US_UNIVERSITY_OF_FLORIDA_87dde24319,Biogenesis,0.5590387582778931
US_UNIVERSITY_OF_FLORIDA_87dde24319,Biology,0.7072432041168213
US_UNIVERSITY_OF_FLORIDA_87dde24319,Cell,0.2458903193473816
US_UNIVERSITY_OF_FLORIDA_87dde24319,Cell biology,0.6620039939880371
US_UNIVERSITY_OF_FLORIDA_87dde24319,Cytoplasm,0.1116902232170105
US_UNIVERSITY_OF_FLORIDA_87dde24319,Gene,0.0
US_UNIVERSITY_OF_FLORIDA_87dde24319,Intracellular,0.257116436958313
US_UNIVERSITY_OF_FLORIDA_87dde24319,Multicellular organism,0.5740522146224976
US_UNIVERSITY_OF_FLORIDA_87dde24319,Phagosome,0.5928187370300293
US_UNIVERSITY_OF_FLORIDA_87dde24319,Vacuole,0.6125640869140625
US_UNIVERSITY_OF_KENTUCKY_a91a7ca68c,Burden of disease,0.6250711679458618
US_UNIVERSITY_OF_KENTUCKY_a91a7ca68c,Case fatality rate,0.4428708553314209
US_UNIVERSITY_OF_KENTUCKY_a91a7ca68c,Cause of death,0.44510552287101746
US_UNIVERSITY_OF_KENTUCKY_a91a7ca68c,Demography,0.5074257254600525
US_UNIVERSITY_OF_KENTUCKY_a91a7ca68c,Disability-adjusted life year,0.4536948502063751
US_UNIVERSITY_OF_KENTUCKY_a91a7ca68c,Disease,0.3741859793663025
US_UNIVERSITY_OF_KENTUCKY_a91a7ca68c,Disease burden,0.537912905216217
US_UNIVERSITY_OF_KENTUCKY_a91a7ca68c,Environmental health,0.49474141001701355
US_UNIVERSITY_OF_KENTUCKY_a91a7ca68c,Global health,0.4490731358528137
US_UNIVERSITY_OF_KENTUCKY_a91a7ca68c,Incidence (geometry),0.46606212854385376
US_UNIVERSITY_OF_KENTUCKY_a91a7ca68c,Life expectancy,0.38459542393684387
US_UNIVERSITY_OF_KENTUCKY_a91a7ca68c,Medicine,0.8957659006118774
US_UNIVERSITY_OF_KENTUCKY_a91a7ca68c,Nursing,0.0
US_UNIVERSITY_OF_KENTUCKY_a91a7ca68c,Optics,0.0
US_UNIVERSITY_OF_KENTUCKY_a91a7ca68c,Pathology,0.0
US_UNIVERSITY_OF_KENTUCKY_a91a7ca68c,Physics,0.0
US_UNIVERSITY_OF_KENTUCKY_a91a7ca68c,Population,0.571294367313385
US_UNIVERSITY_OF_KENTUCKY_a91a7ca68c,Public health,0.38423794507980347
US_UNIVERSITY_OF_KENTUCKY_a91a7ca68c,Sociology,0.0
US_UNIVERSITY_OF_KENTUCKY_a91a7ca68c,Years of potential life lost,0.5155167579650879
US_UNIVERSITY_OF_MIAMI_8c6c8f03f7,Alzheimer's disease,0.5946179032325745
US_UNIVERSITY_OF_MIAMI_8c6c8f03f7,Apolipoprotein E,0.6543006896972656
US_UNIVERSITY_OF_MIAMI_8c6c8f03f7,Biology,0.6411768794059753
US_UNIVERSITY_OF_MIAMI_8c6c8f03f7,Cause of death,0.5558197498321533
US_UNIVERSITY_OF_MIAMI_8c6c8f03f7,Covariate,0.6156277656555176
US_UNIVERSITY_OF_MIAMI_8c6c8f03f7,Demography,0.543491542339325
US_UNIVERSITY_OF_MIAMI_8c6c8f03f7,Disease,1.0437209904193878
US_UNIVERSITY_OF_MIAMI_8c6c8f03f7,Gene,0.16717469692230225
US_UNIVERSITY_OF_MIAMI_8c6c8f03f7,Genetic association,0.5599405765533447
US_UNIVERSITY_OF_MIAMI_8c6c8f03f7,Genetics,0.5480074286460876
US_UNIVERSITY_OF_MIAMI_8c6c8f03f7,Genome-wide association study,0.8586184978485107
US_UNIVERSITY_OF_MIAMI_8c6c8f03f7,Genotype,0.2509271502494812
US_UNIVERSITY_OF_MIAMI_8c6c8f03f7,Internal medicine,0.1625942885875702
US_UNIVERSITY_OF_MIAMI_8c6c8f03f7,Locus (genetics),0.4755289852619171
US_UNIVERSITY_OF_MIAMI_8c6c8f03f7,Mathematics,0.15310701727867126
US_UNIVERSITY_OF_MIAMI_8c6c8f03f7,Medicine,0.6895559728145599
US_UNIVERSITY_OF_MIAMI_8c6c8f03f7,Meta-analysis,0.5327674746513367
US_UNIVERSITY_OF_MIAMI_8c6c8f03f7,Missing data,0.43697911500930786
US_UNIVERSITY_OF_MIAMI_8c6c8f03f7,Pathology,0.0
US_UNIVERSITY_OF_MIAMI_8c6c8f03f7,Single-nucleotide polymorphism,0.6837853789329529
US_UNIVERSITY_OF_MIAMI_8c6c8f03f7,Sociology,0.0
US_UNIVERSITY_OF_MIAMI_8c6c8f03f7,Statistics,0.4522966146469116
US_UNIVERSITY_OF_NORTH_CAROLINA_AT_CHARLOTTE_0304a254e5,Bacteria,0.09365224838256836
US_UNIVERSITY_OF_NORTH_CAROLINA_AT_CHARLOTTE_0304a254e5,Biology,0.6747705936431885
US_UNIVERSITY_OF_NORTH_CAROLINA_AT_CHARLOTTE_0304a254e5,Community,0.5060710310935974
US_UNIVERSITY_OF_NORTH_CAROLINA_AT_CHARLOTTE_0304a254e5,Ecology,0.6547218561172485
US_UNIVERSITY_OF_NORTH_CAROLINA_AT_CHARLOTTE_0304a254e5,Environmental health,0.11622247099876404
US_UNIVERSITY_OF_NORTH_CAROLINA_AT_CHARLOTTE_0304a254e5,Evolutionary biology,0.3474726676940918
US_UNIVERSITY_OF_NORTH_CAROLINA_AT_CHARLOTTE_0304a254e5,Gene,0.094522625207901
US_UNIVERSITY_OF_NORTH_CAROLINA_AT_CHARLOTTE_0304a254e5,Genetics,0.15872535109519958
US_UNIVERSITY_OF_NORTH_CAROLINA_AT_CHARLOTTE_0304a254e5,Habitat,0.4501504898071289
US_UNIVERSITY_OF_NORTH_CAROLINA_AT_CHARLOTTE_0304a254e5,Human Microbiome Project,0.5840378999710083
US_UNIVERSITY_OF_NORTH_CAROLINA_AT_CHARLOTTE_0304a254e5,Human microbiome,0.5101380944252014
US_UNIVERSITY_OF_NORTH_CAROLINA_AT_CHARLOTTE_0304a254e5,Medicine,0.12795865535736084
US_UNIVERSITY_OF_NORTH_CAROLINA_AT_CHARLOTTE_0304a254e5,Metagenomics,0.7584229111671448
US_UNIVERSITY_OF_NORTH_CAROLINA_AT_CHARLOTTE_0304a254e5,Microbial ecology,0.4453139901161194
US_UNIVERSITY_OF_NORTH_CAROLINA_AT_CHARLOTTE_0304a254e5,Microbiome,0.8278478384017944
US_UNIVERSITY_OF_NORTH_CAROLINA_AT_CHARLOTTE_0304a254e5,Niche,0.5147614479064941
US_UNIVERSITY_OF_NORTH_CAROLINA_AT_CHARLOTTE_0304a254e5,Population,0.48571544885635376
US_UNIVERSITY_OF_PITTSBURGH_9df4221f45,Adenocarcinoma,0.4801872968673706
US_UNIVERSITY_OF_PITTSBURGH_9df4221f45,Allele,0.0
US_UNIVERSITY_OF_PITTSBURGH_9df4221f45,Alzheimer's disease,0.5946179032325745
US_UNIVERSITY_OF_PITTSBURGH_9df4221f45,Anesthesia,0.0
US_UNIVERSITY_OF_PITTSBURGH_9df4221f45,Anesthesiology,0.5104614496231079
US_UNIVERSITY_OF_PITTSBURGH_9df4221f45,Apolipoprotein E,0.6543006896972656
US_UNIVERSITY_OF_PITTSBURGH_9df4221f45,Apoptosis,0.24727565050125122
US_UNIVERSITY_OF_PITTSBURGH_9df4221f45,Biochemistry,0.28882288932800293
US_UNIVERSITY_OF_PITTSBURGH_9df4221f45,Biology,3.2943562865257263
US_UNIVERSITY_OF_PITTSBURGH_9df4221f45,Breast cancer,0.8188883662223816
US_UNIVERSITY_OF_PITTSBURGH_9df4221f45,Burden of disease,0.5946625471115112
US_UNIVERSITY_OF_PITTSBURGH_9df4221f45,Cancer,1.3591593205928802
US_UNIVERSITY_OF_PITTSBURGH_9df4221f45,Cancer research,1.1892794370651245
US_UNIVERSITY_OF_PITTSBURGH_9df4221f45,Cell,0.42914384603500366
US_UNIVERSITY_OF_PITTSBURGH_9df4221f45,Cell biology,0.5350912809371948
US_UNIVERSITY_OF_PITTSBURGH_9df4221f45,Cell metabolism,0.5109428763389587
US_UNIVERSITY_OF_PITTSBURGH_9df4221f45,Chromosome,0.17771437764167786
US_UNIVERSITY_OF_PITTSBURGH_9df4221f45,Chromosome instability,0.618460476398468
US_UNIVERSITY_OF_PITTSBURGH_9df4221f45,Cohort,0.15651917457580566
US_UNIVERSITY_OF_PITTSBURGH_9df4221f45,Computer science,0.0
US_UNIVERSITY_OF_PITTSBURGH_9df4221f45,Cumulative incidence,0.5351171493530273
US_UNIVERSITY_OF_PITTSBURGH_9df4221f45,DNA methylation,0.5589496493339539
US_UNIVERSITY_OF_PITTSBURGH_9df4221f45,Delphi method,0.5102243423461914
US_UNIVERSITY_OF_PITTSBURGH_9df4221f45,Disease,2.2760115265846252
US_UNIVERSITY_OF_PITTSBURGH_9df4221f45,Ductal carcinoma,0.22758165001869202
US_UNIVERSITY_OF_PITTSBURGH_9df4221f45,Embedded system,0.0
US_UNIVERSITY_OF_PITTSBURGH_9df4221f45,Emergency medicine,0.37342676520347595
US_UNIVERSITY_OF_PITTSBURGH_9df4221f45,Environmental health,0.39602211117744446
US_UNIVERSITY_OF_PITTSBURGH_9df4221f45,Epidemiology,0.4713418185710907
US_UNIVERSITY_OF_PITTSBURGH_9df4221f45,Epigenetics,0.4278194308280945
US_UNIVERSITY_OF_PITTSBURGH_9df4221f45,Exon,0.5527382493019104
US_UNIVERSITY_OF_PITTSBURGH_9df4221f45,Gene,1.2399862110614777
US_UNIVERSITY_OF_PITTSBURGH_9df4221f45,Gene expression,0.23008683323860168
US_UNIVERSITY_OF_PITTSBURGH_9df4221f45,Genetic architecture,0.43001317977905273
US_UNIVERSITY_OF_PITTSBURGH_9df4221f45,Genetic association,0.5599405765533447
US_UNIVERSITY_OF_PITTSBURGH_9df4221f45,Genetics,1.4630483388900757
US_UNIVERSITY_OF_PITTSBURGH_9df4221f45,Genome-wide association study,0.8586184978485107
US_UNIVERSITY_OF_PITTSBURGH_9df4221f45,Genotype,0.2509271502494812
US_UNIVERSITY_OF_PITTSBURGH_9df4221f45,Gynecology,0.4976859390735626
US_UNIVERSITY_OF_PITTSBURGH_9df4221f45,Host (biology),0.7231769561767578
US_UNIVERSITY_OF_PITTSBURGH_9df4221f45,Immunology,0.31963467597961426
US_UNIVERSITY_OF_PITTSBURGH_9df4221f45,Incidence (geometry),1.1634413003921509
US_UNIVERSITY_OF_PITTSBURGH_9df4221f45,Inflammatory Bowel Diseases,0.5069501399993896
US_UNIVERSITY_OF_PITTSBURGH_9df4221f45,Inflammatory bowel disease,0.8482241630554199
US_UNIVERSITY_OF_PITTSBURGH_9df4221f45,Intensive care medicine,1.8816200494766235
US_UNIVERSITY_OF_PITTSBURGH_9df4221f45,Internal medicine,1.2223981618881226
US_UNIVERSITY_OF_PITTSBURGH_9df4221f45,Lobular carcinoma,0.6571534872055054
US_UNIVERSITY_OF_PITTSBURGH_9df4221f45,Locus (genetics),0.4755289852619171
US_UNIVERSITY_OF_PITTSBURGH_9df4221f45,Materials science,0.0
US_UNIVERSITY_OF_PITTSBURGH_9df4221f45,Mathematics,0.0
US_UNIVERSITY_OF_PITTSBURGH_9df4221f45,Medicine,3.6810805797576904
US_UNIVERSITY_OF_PITTSBURGH_9df4221f45,Meta-analysis,0.5327674746513367
US_UNIVERSITY_OF_PITTSBURGH_9df4221f45,Metabolism,0.5232669115066528
US_UNIVERSITY_OF_PITTSBURGH_9df4221f45,Metallurgy,0.0
US_UNIVERSITY_OF_PITTSBURGH_9df4221f45,Methylation,0.4146692156791687
US_UNIVERSITY_OF_PITTSBURGH_9df4221f45,Microsatellite,0.1457110047340393
US_UNIVERSITY_OF_PITTSBURGH_9df4221f45,Microsatellite instability,0.6885784268379211
US_UNIVERSITY_OF_PITTSBURGH_9df4221f45,Mutation,0.4132061302661896
US_UNIVERSITY_OF_PITTSBURGH_9df4221f45,Nexus (standard),0.6405488848686218
US_UNIVERSITY_OF_PITTSBURGH_9df4221f45,Obstetrics,0.3383582830429077
US_UNIVERSITY_OF_PITTSBURGH_9df4221f45,Oncology,0.5044330358505249
US_UNIVERSITY_OF_PITTSBURGH_9df4221f45,Optics,0.0
US_UNIVERSITY_OF_PITTSBURGH_9df4221f45,Organ dysfunction,0.665127694606781
US_UNIVERSITY_OF_PITTSBURGH_9df4221f45,Ovarian cancer,0.7307871580123901
US_UNIVERSITY_OF_PITTSBURGH_9df4221f45,Ovarian carcinoma,0.4806888997554779
US_UNIVERSITY_OF_PITTSBURGH_9df4221f45,Pathology,0.15053018927574158
US_UNIVERSITY_OF_PITTSBURGH_9df4221f45,Phenotype,0.08114805817604065
US_UNIVERSITY_OF_PITTSBURGH_9df4221f45,Physics,0.0
US_UNIVERSITY_OF_PITTSBURGH_9df4221f45,Programmed cell death,0.6293809413909912
US_UNIVERSITY_OF_PITTSBURGH_9df4221f45,RHOA,0.47057148814201355
US_UNIVERSITY_OF_PITTSBURGH_9df4221f45,Redox,0.4691561460494995
US_UNIVERSITY_OF_PITTSBURGH_9df4221f45,Resuscitation,0.47669264674186707
US_UNIVERSITY_OF_PITTSBURGH_9df4221f45,SOFA score,0.5207162499427795
US_UNIVERSITY_OF_PITTSBURGH_9df4221f45,Sepsis,2.2443867921829224
US_UNIVERSITY_OF_PITTSBURGH_9df4221f45,Septic shock,1.5914835929870605
US_UNIVERSITY_OF_PITTSBURGH_9df4221f45,Serous fluid,0.5272344946861267
US_UNIVERSITY_OF_PITTSBURGH_9df4221f45,Severe sepsis,0.5248641967773438
US_UNIVERSITY_OF_PITTSBURGH_9df4221f45,Shock (circulatory),0.44265931844711304
US_UNIVERSITY_OF_PITTSBURGH_9df4221f45,Signal transduction,0.15478515625
US_UNIVERSITY_OF_PITTSBURGH_9df4221f45,Single-nucleotide polymorphism,0.6837853789329529
US_UNIVERSITY_OF_PITTSBURGH_9df4221f45,Somatic cell,0.42389652132987976
US_UNIVERSITY_OF_PITTSBURGH_9df4221f45,Statistics,0.0
US_UNIVERSITY_OF_PITTSBURGH_9df4221f45,Surviving Sepsis Campaign,0.858866810798645
US_UNIVERSITY_OF_PITTSBURGH_9df4221f45,Systemic inflammatory response syndrome,0.5821648836135864
US_UNIVERSITY_OF_PITTSBURGH_9df4221f45,Tamoxifen,0.8937658071517944
US_UNIVERSITY_OF_PITTSBURGH_9df4221f45,Targeted therapy,0.4959612786769867
US_UNIVERSITY_OF_PITTSBURGH_9df4221f45,microRNA,0.5933352708816528
US_UNIVERSITY_OF_ROCHESTER_7a9fd03b74,Cancer,0.5809924602508545
US_UNIVERSITY_OF_ROCHESTER_7a9fd03b74,Cancer research,0.35742121934890747
US_UNIVERSITY_OF_ROCHESTER_7a9fd03b74,Cancer treatment,0.41530129313468933
US_UNIVERSITY_OF_ROCHESTER_7a9fd03b74,Chemistry,0.0
US_UNIVERSITY_OF_ROCHESTER_7a9fd03b74,Internal medicine,0.2578687369823456
US_UNIVERSITY_OF_ROCHESTER_7a9fd03b74,Medicine,0.9378828406333923
US_UNIVERSITY_OF_ROCHESTER_7a9fd03b74,Oncology,0.35249799489974976
US_UNIVERSITY_OF_ROCHESTER_7a9fd03b74,Organic chemistry,0.0
US_UNIVERSITY_OF_ROCHESTER_7a9fd03b74,Pharmacology,0.2666934132575989
US_UNIVERSITY_OF_ROCHESTER_7a9fd03b74,Photodynamic therapy,0.9047243595123291
US_UNIVERSITY_OF_ROCHESTER_7a9fd03b74,Therapeutic effect,0.41274094581604004
US_UNIVERSITY_OF_ROCHESTER_7a9fd03b74,Toxicity,0.4350185990333557
US_UNIVERSITY_OF_SOUTHERN_CALIFORNIA_c748305479,ATG8,0.5880008339881897
US_UNIVERSITY_OF_SOUTHERN_CALIFORNIA_c748305479,Adenocarcinoma,0.4801872968673706
US_UNIVERSITY_OF_SOUTHERN_CALIFORNIA_c748305479,Allele,0.0
US_UNIVERSITY_OF_SOUTHERN_CALIFORNIA_c748305479,Apoptosis,0.0
US_UNIVERSITY_OF_SOUTHERN_CALIFORNIA_c748305479,Autophagosome,0.7631988525390625
US_UNIVERSITY_OF_SOUTHERN_CALIFORNIA_c748305479,Autophagy,0.9595129489898682
US_UNIVERSITY_OF_SOUTHERN_CALIFORNIA_c748305479,Biochemistry,0.2146838903427124
US_UNIVERSITY_OF_SOUTHERN_CALIFORNIA_c748305479,Biogenesis,0.5590387582778931
US_UNIVERSITY_OF_SOUTHERN_CALIFORNIA_c748305479,Biology,3.328844904899597
US_UNIVERSITY_OF_SOUTHERN_CALIFORNIA_c748305479,Breast cancer,0.5785163044929504
US_UNIVERSITY_OF_SOUTHERN_CALIFORNIA_c748305479,Cancer,1.2478254437446594
US_UNIVERSITY_OF_SOUTHERN_CALIFORNIA_c748305479,Cancer research,1.1892794370651245
US_UNIVERSITY_OF_SOUTHERN_CALIFORNIA_c748305479,Cell,0.2458903193473816
US_UNIVERSITY_OF_SOUTHERN_CALIFORNIA_c748305479,Cell biology,0.6620039939880371
US_UNIVERSITY_OF_SOUTHERN_CALIFORNIA_c748305479,Chromatin,0.4478265047073364
US_UNIVERSITY_OF_SOUTHERN_CALIFORNIA_c748305479,Chromosome,0.17771437764167786
US_UNIVERSITY_OF_SOUTHERN_CALIFORNIA_c748305479,Chromosome instability,0.618460476398468
US_UNIVERSITY_OF_SOUTHERN_CALIFORNIA_c748305479,Comparative genomic hybridization,0.4796053171157837
US_UNIVERSITY_OF_SOUTHERN_CALIFORNIA_c748305479,Computational biology,1.0743776857852936
US_UNIVERSITY_OF_SOUTHERN_CALIFORNIA_c748305479,Copy number analysis,0.4787958562374115
US_UNIVERSITY_OF_SOUTHERN_CALIFORNIA_c748305479,Copy-number variation,0.5621121525764465
US_UNIVERSITY_OF_SOUTHERN_CALIFORNIA_c748305479,Cytoplasm,0.1116902232170105
US_UNIVERSITY_OF_SOUTHERN_CALIFORNIA_c748305479,DNA methylation,1.1915115714073181
US_UNIVERSITY_OF_SOUTHERN_CALIFORNIA_c748305479,Environmental health,0.0
US_UNIVERSITY_OF_SOUTHERN_CALIFORNIA_c748305479,Epigenetics,0.4278194308280945
US_UNIVERSITY_OF_SOUTHERN_CALIFORNIA_c748305479,Epigenome,0.4755149483680725
US_UNIVERSITY_OF_SOUTHERN_CALIFORNIA_c748305479,Epigenomics,0.955129861831665
US_UNIVERSITY_OF_SOUTHERN_CALIFORNIA_c748305479,Exon,0.5527382493019104
US_UNIVERSITY_OF_SOUTHERN_CALIFORNIA_c748305479,Gene,1.8569216430187225
US_UNIVERSITY_OF_SOUTHERN_CALIFORNIA_c748305479,Gene expression,0.7790963053703308
US_UNIVERSITY_OF_SOUTHERN_CALIFORNIA_c748305479,Gene expression profiling,0.4295917749404907
US_UNIVERSITY_OF_SOUTHERN_CALIFORNIA_c748305479,Genetics,1.7233330011367798
US_UNIVERSITY_OF_SOUTHERN_CALIFORNIA_c748305479,Genome,0.8156612515449524
US_UNIVERSITY_OF_SOUTHERN_CALIFORNIA_c748305479,Human genome,0.531373918056488
US_UNIVERSITY_OF_SOUTHERN_CALIFORNIA_c748305479,Intracellular,0.257116436958313
US_UNIVERSITY_OF_SOUTHERN_CALIFORNIA_c748305479,Medicine,0.16451236605644226
US_UNIVERSITY_OF_SOUTHERN_CALIFORNIA_c748305479,Methylation,0.4146692156791687
US_UNIVERSITY_OF_SOUTHERN_CALIFORNIA_c748305479,Microsatellite,0.1457110047340393
US_UNIVERSITY_OF_SOUTHERN_CALIFORNIA_c748305479,Microsatellite instability,0.6885784268379211
US_UNIVERSITY_OF_SOUTHERN_CALIFORNIA_c748305479,Multicellular organism,0.5740522146224976
US_UNIVERSITY_OF_SOUTHERN_CALIFORNIA_c748305479,Mutation,0.4132061302661896
US_UNIVERSITY_OF_SOUTHERN_CALIFORNIA_c748305479,Ovarian cancer,0.7307871580123901
US_UNIVERSITY_OF_SOUTHERN_CALIFORNIA_c748305479,Ovarian carcinoma,0.4806888997554779
US_UNIVERSITY_OF_SOUTHERN_CALIFORNIA_c748305479,Phagosome,0.5928187370300293
US_UNIVERSITY_OF_SOUTHERN_CALIFORNIA_c748305479,Population,0.4289896488189697
US_UNIVERSITY_OF_SOUTHERN_CALIFORNIA_c748305479,RHOA,0.47057148814201355
US_UNIVERSITY_OF_SOUTHERN_CALIFORNIA_c748305479,Serous fluid,0.5272344946861267
US_UNIVERSITY_OF_SOUTHERN_CALIFORNIA_c748305479,Signal transduction,0.15478515625
US_UNIVERSITY_OF_SOUTHERN_CALIFORNIA_c748305479,Somatic cell,0.42389652132987976
US_UNIVERSITY_OF_SOUTHERN_CALIFORNIA_c748305479,Targeted therapy,0.4959612786769867
US_UNIVERSITY_OF_SOUTHERN_CALIFORNIA_c748305479,Transcriptome,0.6470482349395752
US_UNIVERSITY_OF_SOUTHERN_CALIFORNIA_c748305479,Vacuole,0.6125640869140625
US_UNIVERSITY_OF_SOUTHERN_CALIFORNIA_c748305479,microRNA,0.5933352708816528
US_UNIVERSITY_OF_SOUTH_CAROLINA_fdd7db83cd,Biology,0.8092530369758606
US_UNIVERSITY_OF_SOUTH_CAROLINA_fdd7db83cd,Burden of disease,0.6507652997970581
US_UNIVERSITY_OF_SOUTH_CAROLINA_fdd7db83cd,Communicable disease,0.4298956096172333
US_UNIVERSITY_OF_SOUTH_CAROLINA_fdd7db83cd,Disease,0.570133626461029
US_UNIVERSITY_OF_SOUTH_CAROLINA_fdd7db83cd,Disease burden,0.49048587679862976
US_UNIVERSITY_OF_SOUTH_CAROLINA_fdd7db83cd,Environmental health,0.6575748920440674
US_UNIVERSITY_OF_SOUTH_CAROLINA_fdd7db83cd,Gene,0.2911252975463867
US_UNIVERSITY_OF_SOUTH_CAROLINA_fdd7db83cd,Genetics,0.45106250047683716
US_UNIVERSITY_OF_SOUTH_CAROLINA_fdd7db83cd,Gerontology,0.4597201347351074
US_UNIVERSITY_OF_SOUTH_CAROLINA_fdd7db83cd,Gut flora,0.6574430465698242
US_UNIVERSITY_OF_SOUTH_CAROLINA_fdd7db83cd,Immunology,0.17133399844169617
US_UNIVERSITY_OF_SOUTH_CAROLINA_fdd7db83cd,Life expectancy,0.855297863483429
US_UNIVERSITY_OF_SOUTH_CAROLINA_fdd7db83cd,Lineage (genetic),0.41770172119140625
US_UNIVERSITY_OF_SOUTH_CAROLINA_fdd7db83cd,Medicine,0.527285635471344
US_UNIVERSITY_OF_SOUTH_CAROLINA_fdd7db83cd,Metagenomics,0.6838594079017639
US_UNIVERSITY_OF_SOUTH_CAROLINA_fdd7db83cd,Microbiome,0.815444827079773
US_UNIVERSITY_OF_SOUTH_CAROLINA_fdd7db83cd,Non-communicable disease,0.6905672550201416
US_UNIVERSITY_OF_SOUTH_CAROLINA_fdd7db83cd,Nursing,0.0
US_UNIVERSITY_OF_SOUTH_CAROLINA_fdd7db83cd,Pathology,0.0
US_UNIVERSITY_OF_SOUTH_CAROLINA_fdd7db83cd,Population,0.07045775651931763
US_UNIVERSITY_OF_SOUTH_CAROLINA_fdd7db83cd,Public health,0.23819109797477722
US_UNIVERSITY_OF_SOUTH_CAROLINA_fdd7db83cd,Zoology,0.3983408510684967
US_UNIVERSITY_OF_UTAH_f6ce84d591,1000 Genomes Project,1.1579360365867615
US_UNIVERSITY_OF_UTAH_f6ce84d591,Bioinformatics,0.32303759455680847
US_UNIVERSITY_OF_UTAH_f6ce84d591,Biology,1.3932483196258545
US_UNIVERSITY_OF_UTAH_f6ce84d591,Computational biology,1.3263577222824097
US_UNIVERSITY_OF_UTAH_f6ce84d591,Computer network,0.0
US_UNIVERSITY_OF_UTAH_f6ce84d591,Computer science,0.19280385971069336
US_UNIVERSITY_OF_UTAH_f6ce84d591,Context (archaeology),0.5783970355987549
US_UNIVERSITY_OF_UTAH_f6ce84d591,DNA,0.2062108814716339
US_UNIVERSITY_OF_UTAH_f6ce84d591,DNA sequencing,0.5021266937255859
US_UNIVERSITY_OF_UTAH_f6ce84d591,Evolutionary biology,0.44167560338974
US_UNIVERSITY_OF_UTAH_f6ce84d591,Exome,0.9997125267982483
US_UNIVERSITY_OF_UTAH_f6ce84d591,Exome sequencing,1.16352778673172
US_UNIVERSITY_OF_UTAH_f6ce84d591,Gene,0.4560302197933197
US_UNIVERSITY_OF_UTAH_f6ce84d591,Genetic association,0.4143868386745453
US_UNIVERSITY_OF_UTAH_f6ce84d591,Genetic testing,0.45737671852111816
US_UNIVERSITY_OF_UTAH_f6ce84d591,Genetic variation,0.5792258381843567
US_UNIVERSITY_OF_UTAH_f6ce84d591,Genetics,1.4286202788352966
US_UNIVERSITY_OF_UTAH_f6ce84d591,Genome,1.2755099534988403
US_UNIVERSITY_OF_UTAH_f6ce84d591,Genome-wide association study,0.41653817892074585
US_UNIVERSITY_OF_UTAH_f6ce84d591,Genomics,0.5330480337142944
US_UNIVERSITY_OF_UTAH_f6ce84d591,Genotype,0.619838297367096
US_UNIVERSITY_OF_UTAH_f6ce84d591,Genotyping,0.49519363045692444
US_UNIVERSITY_OF_UTAH_f6ce84d591,Geography,0.3386346101760864
US_UNIVERSITY_OF_UTAH_f6ce84d591,Haplotype,0.5297934412956238
US_UNIVERSITY_OF_UTAH_f6ce84d591,Human genetic variation,0.46719881892204285
US_UNIVERSITY_OF_UTAH_f6ce84d591,Human genome,1.0938073992729187
US_UNIVERSITY_OF_UTAH_f6ce84d591,Indel,0.5285143852233887
US_UNIVERSITY_OF_UTAH_f6ce84d591,International HapMap Project,0.984015941619873
US_UNIVERSITY_OF_UTAH_f6ce84d591,Medical genetics,0.6927087306976318
US_UNIVERSITY_OF_UTAH_f6ce84d591,Mutation,0.2692258358001709
US_UNIVERSITY_OF_UTAH_f6ce84d591,Paleontology,0.0
US_UNIVERSITY_OF_UTAH_f6ce84d591,Reference genome,0.5823532938957214
US_UNIVERSITY_OF_UTAH_f6ce84d591,SNP genotyping,0.4226377606391907
US_UNIVERSITY_OF_UTAH_f6ce84d591,Sequence (biology),0.5314375758171082
US_UNIVERSITY_OF_UTAH_f6ce84d591,Single-nucleotide polymorphism,0.7172400653362274
US_UNIVERSITY_OF_UTAH_f6ce84d591,Structural variation,0.5155425071716309
US_UNIVERSITY_OF_UTAH_f6ce84d591,Tag SNP,0.4988093376159668
US_UNIVERSITY_OF_UTAH_f6ce84d591,Whole genome sequencing,0.4177917242050171
US_UNIVERSITY_OF_UTAH_f6ce84d591,Workgroup,0.6349256038665771
US_UNIVERSITY_OF_VIRGINIA_e423bdcff3,Annotation,0.6916934251785278
US_UNIVERSITY_OF_VIRGINIA_e423bdcff3,Archaeology,0.0
US_UNIVERSITY_OF_VIRGINIA_e423bdcff3,Artificial intelligence,0.21657979488372803
US_UNIVERSITY_OF_VIRGINIA_e423bdcff3,Biochemistry,0.0
US_UNIVERSITY_OF_VIRGINIA_e423bdcff3,Biology,0.10147431492805481
US_UNIVERSITY_OF_VIRGINIA_e423bdcff3,Computer science,0.7910476922988892
US_UNIVERSITY_OF_VIRGINIA_e423bdcff3,Data mining,0.47825729846954346
US_UNIVERSITY_OF_VIRGINIA_e423bdcff3,Feature (linguistics),0.4285608232021332
US_UNIVERSITY_OF_VIRGINIA_e423bdcff3,Gene,0.0
US_UNIVERSITY_OF_VIRGINIA_e423bdcff3,Genome,0.3037574291229248
US_UNIVERSITY_OF_VIRGINIA_e423bdcff3,Genomics,0.5817607641220093
US_UNIVERSITY_OF_VIRGINIA_e423bdcff3,History,0.0
US_UNIVERSITY_OF_VIRGINIA_e423bdcff3,Information retrieval,0.43488502502441406
US_UNIVERSITY_OF_VIRGINIA_e423bdcff3,Linguistics,0.0
US_UNIVERSITY_OF_VIRGINIA_e423bdcff3,Philosophy,0.0
US_UNIVERSITY_OF_VIRGINIA_e423bdcff3,Programming language,0.2070837914943695
US_UNIVERSITY_OF_VIRGINIA_e423bdcff3,Software,0.5835461616516113
US_UNIVERSITY_OF_VIRGINIA_e423bdcff3,Software suite,0.4569973349571228
US_UNIVERSITY_OF_VIRGINIA_e423bdcff3,Source code,0.5976645350456238
US_UNIVERSITY_OF_VIRGINIA_e423bdcff3,Suite,0.7375205755233765
US_UNIVERSITY_OF_VIRGINIA_e423bdcff3,Unix,0.5994070172309875
US_UNIVERSITY_OF_WASHINGTON_e25b14874f,1000 Genomes Project,1.0777193903923035
US_UNIVERSITY_OF_WASHINGTON_e25b14874f,Adenocarcinoma,0.4801872968673706
US_UNIVERSITY_OF_WASHINGTON_e25b14874f,Allele,0.5733011960983276
US_UNIVERSITY_OF_WASHINGTON_e25b14874f,Alternative medicine,0.0
US_UNIVERSITY_OF_WASHINGTON_e25b14874f,Alzheimer's disease,0.5946179032325745
US_UNIVERSITY_OF_WASHINGTON_e25b14874f,Annotation,1.2876306772232056
US_UNIVERSITY_OF_WASHINGTON_e25b14874f,Apolipoprotein E,0.6543006896972656
US_UNIVERSITY_OF_WASHINGTON_e25b14874f,Artificial intelligence,0.5402119159698486
US_UNIVERSITY_OF_WASHINGTON_e25b14874f,Artificial neural network,0.6641649603843689
US_UNIVERSITY_OF_WASHINGTON_e25b14874f,Biochemistry,0.10371679067611694
US_UNIVERSITY_OF_WASHINGTON_e25b14874f,Bioinformatics,0.2061787247657776
US_UNIVERSITY_OF_WASHINGTON_e25b14874f,Biology,4.593222737312317
US_UNIVERSITY_OF_WASHINGTON_e25b14874f,Burden of disease,2.4846548438072205
US_UNIVERSITY_OF_WASHINGTON_e25b14874f,Business,0.478975772857666
US_UNIVERSITY_OF_WASHINGTON_e25b14874f,CASP,0.9288318157196045
US_UNIVERSITY_OF_WASHINGTON_e25b14874f,Cancer,0.514197587966919
US_UNIVERSITY_OF_WASHINGTON_e25b14874f,Cancer research,0.6468095183372498
US_UNIVERSITY_OF_WASHINGTON_e25b14874f,Case fatality rate,0.4428708553314209
US_UNIVERSITY_OF_WASHINGTON_e25b14874f,Cause of death,1.0009252727031708
US_UNIVERSITY_OF_WASHINGTON_e25b14874f,Chemistry,0.6490984857082367
US_UNIVERSITY_OF_WASHINGTON_e25b14874f,Chromatin,0.4478265047073364
US_UNIVERSITY_OF_WASHINGTON_e25b14874f,Chromatography,0.1269339621067047
US_UNIVERSITY_OF_WASHINGTON_e25b14874f,Chromosome,0.17771437764167786
US_UNIVERSITY_OF_WASHINGTON_e25b14874f,Chromosome instability,0.618460476398468
US_UNIVERSITY_OF_WASHINGTON_e25b14874f,Computational biology,3.665377050638199
US_UNIVERSITY_OF_WASHINGTON_e25b14874f,Computer science,2.0075302720069885
US_UNIVERSITY_OF_WASHINGTON_e25b14874f,Covariate,0.6156277656555176
US_UNIVERSITY_OF_WASHINGTON_e25b14874f,DNA methylation,0.6325619220733643
US_UNIVERSITY_OF_WASHINGTON_e25b14874f,Data curation,0.6775604486465454
US_UNIVERSITY_OF_WASHINGTON_e25b14874f,Data science,0.7962021231651306
US_UNIVERSITY_OF_WASHINGTON_e25b14874f,Data sharing,0.4613611102104187
US_UNIVERSITY_OF_WASHINGTON_e25b14874f,Database,0.15453827381134033
US_UNIVERSITY_OF_WASHINGTON_e25b14874f,Deep learning,0.4678039848804474
US_UNIVERSITY_OF_WASHINGTON_e25b14874f,Demography,1.4611554741859436
US_UNIVERSITY_OF_WASHINGTON_e25b14874f,Disability-adjusted life year,0.4536948502063751
US_UNIVERSITY_OF_WASHINGTON_e25b14874f,Disease,2.954739660024643
US_UNIVERSITY_OF_WASHINGTON_e25b14874f,Disease burden,0.9784117937088013
US_UNIVERSITY_OF_WASHINGTON_e25b14874f,Electrical engineering,0.0
US_UNIVERSITY_OF_WASHINGTON_e25b14874f,Engineering,0.11987653374671936
US_UNIVERSITY_OF_WASHINGTON_e25b14874f,Environmental health,2.087784618139267
US_UNIVERSITY_OF_WASHINGTON_e25b14874f,Epigenome,0.4755149483680725
US_UNIVERSITY_OF_WASHINGTON_e25b14874f,Epigenomics,0.955129861831665
US_UNIVERSITY_OF_WASHINGTON_e25b14874f,Exome,0.9287826716899872
US_UNIVERSITY_OF_WASHINGTON_e25b14874f,Exome sequencing,1.137326180934906
US_UNIVERSITY_OF_WASHINGTON_e25b14874f,Extensibility,0.6170313954353333
US_UNIVERSITY_OF_WASHINGTON_e25b14874f,Folding (DSP implementation),0.5534390211105347
US_UNIVERSITY_OF_WASHINGTON_e25b14874f,Function (biology),0.4226640462875366
US_UNIVERSITY_OF_WASHINGTON_e25b14874f,Gene,2.0251587629318237
US_UNIVERSITY_OF_WASHINGTON_e25b14874f,Gene expression,0.1975480020046234
US_UNIVERSITY_OF_WASHINGTON_e25b14874f,Genetic association,0.5599405765533447
US_UNIVERSITY_OF_WASHINGTON_e25b14874f,Genetic variation,1.0212740004062653
US_UNIVERSITY_OF_WASHINGTON_e25b14874f,Genetics,3.019727051258087
US_UNIVERSITY_OF_WASHINGTON_e25b14874f,Genome,2.0519659221172333
US_UNIVERSITY_OF_WASHINGTON_e25b14874f,Genome-wide association study,1.2751566767692566
US_UNIVERSITY_OF_WASHINGTON_e25b14874f,Genotype,0.6996106505393982
US_UNIVERSITY_OF_WASHINGTON_e25b14874f,Genotyping,0.49519363045692444
US_UNIVERSITY_OF_WASHINGTON_e25b14874f,Geography,0.3634204864501953
US_UNIVERSITY_OF_WASHINGTON_e25b14874f,Global health,0.4490731358528137
US_UNIVERSITY_OF_WASHINGTON_e25b14874f,Haplotype,0.5297934412956238
US_UNIVERSITY_OF_WASHINGTON_e25b14874f,Human genetic variation,0.9776564538478851
US_UNIVERSITY_OF_WASHINGTON_e25b14874f,Human genome,2.067389100790024
US_UNIVERSITY_OF_WASHINGTON_e25b14874f,Incidence (geometry),2.5480823516845703
US_UNIVERSITY_OF_WASHINGTON_e25b14874f,Indel,0.5285143852233887
US_UNIVERSITY_OF_WASHINGTON_e25b14874f,Intensive care medicine,0.48465806245803833
US_UNIVERSITY_OF_WASHINGTON_e25b14874f,Internal medicine,0.387408047914505
US_UNIVERSITY_OF_WASHINGTON_e25b14874f,Life expectancy,0.38459542393684387
US_UNIVERSITY_OF_WASHINGTON_e25b14874f,Locus (genetics),0.4755289852619171
US_UNIVERSITY_OF_WASHINGTON_e25b14874f,Loss function,0.4619614779949188
US_UNIVERSITY_OF_WASHINGTON_e25b14874f,Machine learning,0.3482407033443451
US_UNIVERSITY_OF_WASHINGTON_e25b14874f,Mass spectrometry,0.4895699918270111
US_UNIVERSITY_OF_WASHINGTON_e25b14874f,Mathematics,0.15310701727867126
US_UNIVERSITY_OF_WASHINGTON_e25b14874f,Medicine,4.021748960018158
US_UNIVERSITY_OF_WASHINGTON_e25b14874f,Meta-analysis,0.5327674746513367
US_UNIVERSITY_OF_WASHINGTON_e25b14874f,Microbiology,0.0
US_UNIVERSITY_OF_WASHINGTON_e25b14874f,Microbiome,0.7692012786865234
US_UNIVERSITY_OF_WASHINGTON_e25b14874f,Microsatellite,0.1457110047340393
US_UNIVERSITY_OF_WASHINGTON_e25b14874f,Microsatellite instability,0.6885784268379211
US_UNIVERSITY_OF_WASHINGTON_e25b14874f,Missense mutation,0.6044251322746277
US_UNIVERSITY_OF_WASHINGTON_e25b14874f,Missing data,0.43697911500930786
US_UNIVERSITY_OF_WASHINGTON_e25b14874f,Mutation,1.2244346737861633
US_UNIVERSITY_OF_WASHINGTON_e25b14874f,Natural (archaeology),0.5419458150863647
US_UNIVERSITY_OF_WASHINGTON_e25b14874f,Nursing,0.0
US_UNIVERSITY_OF_WASHINGTON_e25b14874f,Optics,0.0
US_UNIVERSITY_OF_WASHINGTON_e25b14874f,Paleontology,0.0
US_UNIVERSITY_OF_WASHINGTON_e25b14874f,Pathogenicity,0.4248255491256714
US_UNIVERSITY_OF_WASHINGTON_e25b14874f,Pathology,0.2577977478504181
US_UNIVERSITY_OF_WASHINGTON_e25b14874f,Pediatrics,0.3614473044872284
US_UNIVERSITY_OF_WASHINGTON_e25b14874f,Phenotype,0.44457441568374634
US_UNIVERSITY_OF_WASHINGTON_e25b14874f,Physics,0.0
US_UNIVERSITY_OF_WASHINGTON_e25b14874f,Population,0.571294367313385
US_UNIVERSITY_OF_WASHINGTON_e25b14874f,Programming language,0.11720123887062073
US_UNIVERSITY_OF_WASHINGTON_e25b14874f,Protein folding,0.4686751961708069
US_UNIVERSITY_OF_WASHINGTON_e25b14874f,Protein structure,0.4419260621070862
US_UNIVERSITY_OF_WASHINGTON_e25b14874f,Protein structure prediction,0.672880232334137
US_UNIVERSITY_OF_WASHINGTON_e25b14874f,Public health,0.38423794507980347
US_UNIVERSITY_OF_WASHINGTON_e25b14874f,RHOA,0.47057148814201355
US_UNIVERSITY_OF_WASHINGTON_e25b14874f,Reference genome,0.5823532938957214
US_UNIVERSITY_OF_WASHINGTON_e25b14874f,SNP genotyping,0.4226377606391907
US_UNIVERSITY_OF_WASHINGTON_e25b14874f,Scalability,0.6612159013748169
US_UNIVERSITY_OF_WASHINGTON_e25b14874f,Sepsis,0.5616116523742676
US_UNIVERSITY_OF_WASHINGTON_e25b14874f,Sequence (biology),0.49019867181777954
US_UNIVERSITY_OF_WASHINGTON_e25b14874f,Signal transduction,0.15478515625
US_UNIVERSITY_OF_WASHINGTON_e25b14874f,Single-nucleotide polymorphism,1.686200737953186
US_UNIVERSITY_OF_WASHINGTON_e25b14874f,Sociology,0.0
US_UNIVERSITY_OF_WASHINGTON_e25b14874f,Statistics,0.4522966146469116
US_UNIVERSITY_OF_WASHINGTON_e25b14874f,Structural variation,0.5155425071716309
US_UNIVERSITY_OF_WASHINGTON_e25b14874f,Tag SNP,0.4988093376159668
US_UNIVERSITY_OF_WASHINGTON_e25b14874f,Targeted therapy,0.4959612786769867
US_UNIVERSITY_OF_WASHINGTON_e25b14874f,Trait,0.47784754633903503
US_UNIVERSITY_OF_WASHINGTON_e25b14874f,World Wide Web,0.3699272871017456
US_UNIVERSITY_OF_WASHINGTON_e25b14874f,Years of potential life lost,0.5155167579650879
US_VANDERBILT_UNIVERSITY_2c391b4fab,Adenocarcinoma,0.4801872968673706
US_VANDERBILT_UNIVERSITY_2c391b4fab,Allele,0.0
US_VANDERBILT_UNIVERSITY_2c391b4fab,Alzheimer's disease,0.5946179032325745
US_VANDERBILT_UNIVERSITY_2c391b4fab,Apolipoprotein E,0.6543006896972656
US_VANDERBILT_UNIVERSITY_2c391b4fab,Artificial intelligence,0.0
US_VANDERBILT_UNIVERSITY_2c391b4fab,Bioinformatics,0.3818321228027344
US_VANDERBILT_UNIVERSITY_2c391b4fab,Biology,1.600499451160431
US_VANDERBILT_UNIVERSITY_2c391b4fab,Botany,0.0
US_VANDERBILT_UNIVERSITY_2c391b4fab,Breast cancer,0.6244651079177856
US_VANDERBILT_UNIVERSITY_2c391b4fab,Cancer,0.9828965365886688
US_VANDERBILT_UNIVERSITY_2c391b4fab,Cancer research,1.034487634897232
US_VANDERBILT_UNIVERSITY_2c391b4fab,Chromosome,0.17771437764167786
US_VANDERBILT_UNIVERSITY_2c391b4fab,Chromosome instability,0.618460476398468
US_VANDERBILT_UNIVERSITY_2c391b4fab,Computational biology,0.4456065893173218
US_VANDERBILT_UNIVERSITY_2c391b4fab,Computer science,0.11568441987037659
US_VANDERBILT_UNIVERSITY_2c391b4fab,Disease,0.6438267230987549
US_VANDERBILT_UNIVERSITY_2c391b4fab,Epidemiology,0.4713418185710907
US_VANDERBILT_UNIVERSITY_2c391b4fab,Gene,0.580714762210846
US_VANDERBILT_UNIVERSITY_2c391b4fab,Genetic association,0.5599405765533447
US_VANDERBILT_UNIVERSITY_2c391b4fab,Genetics,0.8874346613883972
US_VANDERBILT_UNIVERSITY_2c391b4fab,Genome-wide association study,0.8586184978485107
US_VANDERBILT_UNIVERSITY_2c391b4fab,Genotype,0.2509271502494812
US_VANDERBILT_UNIVERSITY_2c391b4fab,Identification (biology),0.6136578321456909
US_VANDERBILT_UNIVERSITY_2c391b4fab,Immunology,0.31963467597961426
US_VANDERBILT_UNIVERSITY_2c391b4fab,Intensive care medicine,0.7006258368492126
US_VANDERBILT_UNIVERSITY_2c391b4fab,Internal medicine,0.6012156903743744
US_VANDERBILT_UNIVERSITY_2c391b4fab,Locus (genetics),0.4755289852619171
US_VANDERBILT_UNIVERSITY_2c391b4fab,Medicine,1.4881921708583832
US_VANDERBILT_UNIVERSITY_2c391b4fab,Meta-analysis,0.5327674746513367
US_VANDERBILT_UNIVERSITY_2c391b4fab,Microsatellite,0.1457110047340393
US_VANDERBILT_UNIVERSITY_2c391b4fab,Microsatellite instability,0.6885784268379211
US_VANDERBILT_UNIVERSITY_2c391b4fab,Mutation,0.4132061302661896
US_VANDERBILT_UNIVERSITY_2c391b4fab,Oncology,0.37967821955680847
US_VANDERBILT_UNIVERSITY_2c391b4fab,Organ dysfunction,0.665127694606781
US_VANDERBILT_UNIVERSITY_2c391b4fab,RHOA,0.47057148814201355
US_VANDERBILT_UNIVERSITY_2c391b4fab,SOFA score,0.5207162499427795
US_VANDERBILT_UNIVERSITY_2c391b4fab,Selection (genetic algorithm),0.48138192296028137
US_VANDERBILT_UNIVERSITY_2c391b4fab,Sepsis,0.8699451088905334
US_VANDERBILT_UNIVERSITY_2c391b4fab,Septic shock,0.8011101484298706
US_VANDERBILT_UNIVERSITY_2c391b4fab,Shock (circulatory),0.44265931844711304
US_VANDERBILT_UNIVERSITY_2c391b4fab,Signal transduction,0.15478515625
US_VANDERBILT_UNIVERSITY_2c391b4fab,Single-nucleotide polymorphism,0.6837853789329529
US_VANDERBILT_UNIVERSITY_2c391b4fab,Systemic inflammatory response syndrome,0.5821648836135864
US_VANDERBILT_UNIVERSITY_2c391b4fab,Targeted therapy,0.9276331961154938
US_VANDERBILT_UNIVERSITY_2c391b4fab,Triple negative,0.4543130397796631
US_VANDERBILT_UNIVERSITY_2c391b4fab,Triple-negative breast cancer,0.8029664158821106
US_WHITEHEAD_INSTITUTE_FOR_BIOMEDICAL_RESEARCH_e38f35d74a,Apoptosis,0.11815375089645386
US_WHITEHEAD_INSTITUTE_FOR_BIOMEDICAL_RESEARCH_e38f35d74a,Archaeology,0.0
US_WHITEHEAD_INSTITUTE_FOR_BIOMEDICAL_RESEARCH_e38f35d74a,Autophagy,0.8394724726676941
US_WHITEHEAD_INSTITUTE_FOR_BIOMEDICAL_RESEARCH_e38f35d74a,Bioinformatics,0.7233775556087494
US_WHITEHEAD_INSTITUTE_FOR_BIOMEDICAL_RESEARCH_e38f35d74a,Biology,2.803633391857147
US_WHITEHEAD_INSTITUTE_FOR_BIOMEDICAL_RESEARCH_e38f35d74a,Cancer,0.21027877926826477
US_WHITEHEAD_INSTITUTE_FOR_BIOMEDICAL_RESEARCH_e38f35d74a,Cancer research,0.5064331293106079
US_WHITEHEAD_INSTITUTE_FOR_BIOMEDICAL_RESEARCH_e38f35d74a,Cell,0.3031357526779175
US_WHITEHEAD_INSTITUTE_FOR_BIOMEDICAL_RESEARCH_e38f35d74a,Cell biology,1.0797410011291504
US_WHITEHEAD_INSTITUTE_FOR_BIOMEDICAL_RESEARCH_e38f35d74a,Cell growth,0.4224741458892822
US_WHITEHEAD_INSTITUTE_FOR_BIOMEDICAL_RESEARCH_e38f35d74a,Cell metabolism,0.4333476722240448
US_WHITEHEAD_INSTITUTE_FOR_BIOMEDICAL_RESEARCH_e38f35d74a,Compendium,0.5728693008422852
US_WHITEHEAD_INSTITUTE_FOR_BIOMEDICAL_RESEARCH_e38f35d74a,Computational biology,1.3012690544128418
US_WHITEHEAD_INSTITUTE_FOR_BIOMEDICAL_RESEARCH_e38f35d74a,Computer science,0.17211860418319702
US_WHITEHEAD_INSTITUTE_FOR_BIOMEDICAL_RESEARCH_e38f35d74a,Epithelial–mesenchymal transition,0.8068782091140747
US_WHITEHEAD_INSTITUTE_FOR_BIOMEDICAL_RESEARCH_e38f35d74a,Evolutionary biology,0.5862188935279846
US_WHITEHEAD_INSTITUTE_FOR_BIOMEDICAL_RESEARCH_e38f35d74a,Fibrosis,0.5756919384002686
US_WHITEHEAD_INSTITUTE_FOR_BIOMEDICAL_RESEARCH_e38f35d74a,Function (biology),0.4365387558937073
US_WHITEHEAD_INSTITUTE_FOR_BIOMEDICAL_RESEARCH_e38f35d74a,Gene,0.5334424376487732
US_WHITEHEAD_INSTITUTE_FOR_BIOMEDICAL_RESEARCH_e38f35d74a,Genetics,1.0144321918487549
US_WHITEHEAD_INSTITUTE_FOR_BIOMEDICAL_RESEARCH_e38f35d74a,Genome,0.21675586700439453
US_WHITEHEAD_INSTITUTE_FOR_BIOMEDICAL_RESEARCH_e38f35d74a,Genome Biology,0.4713762700557709
US_WHITEHEAD_INSTITUTE_FOR_BIOMEDICAL_RESEARCH_e38f35d74a,Genomics,0.2810611128807068
US_WHITEHEAD_INSTITUTE_FOR_BIOMEDICAL_RESEARCH_e38f35d74a,History,0.0
US_WHITEHEAD_INSTITUTE_FOR_BIOMEDICAL_RESEARCH_e38f35d74a,Human genetics,0.6517828702926636
US_WHITEHEAD_INSTITUTE_FOR_BIOMEDICAL_RESEARCH_e38f35d74a,Mechanistic target of rapamycin,0.6092548966407776
US_WHITEHEAD_INSTITUTE_FOR_BIOMEDICAL_RESEARCH_e38f35d74a,Medicine,0.30148476362228394
US_WHITEHEAD_INSTITUTE_FOR_BIOMEDICAL_RESEARCH_e38f35d74a,Mesenchymal stem cell,0.7060421705245972
US_WHITEHEAD_INSTITUTE_FOR_BIOMEDICAL_RESEARCH_e38f35d74a,Metastasis,0.5807816982269287
US_WHITEHEAD_INSTITUTE_FOR_BIOMEDICAL_RESEARCH_e38f35d74a,Non canonical,0.44786542654037476
US_WHITEHEAD_INSTITUTE_FOR_BIOMEDICAL_RESEARCH_e38f35d74a,PI3K/AKT/mTOR pathway,0.920688271522522
US_WHITEHEAD_INSTITUTE_FOR_BIOMEDICAL_RESEARCH_e38f35d74a,Pathological,0.43770965933799744
US_WHITEHEAD_INSTITUTE_FOR_BIOMEDICAL_RESEARCH_e38f35d74a,Pathology,0.40804341435432434
US_WHITEHEAD_INSTITUTE_FOR_BIOMEDICAL_RESEARCH_e38f35d74a,Phenotype,1.1648897528648376
US_WHITEHEAD_INSTITUTE_FOR_BIOMEDICAL_RESEARCH_e38f35d74a,Programming language,0.0
US_WHITEHEAD_INSTITUTE_FOR_BIOMEDICAL_RESEARCH_e38f35d74a,RPTOR,0.5575804114341736
US_WHITEHEAD_INSTITUTE_FOR_BIOMEDICAL_RESEARCH_e38f35d74a,Signal transduction,0.49552977085113525
US_WHITEHEAD_INSTITUTE_FOR_BIOMEDICAL_RESEARCH_e38f35d74a,Software,0.4443436563014984
US_WHITEHEAD_INSTITUTE_FOR_BIOMEDICAL_RESEARCH_e38f35d74a,TOR signaling,0.46782344579696655
US_WHITEHEAD_INSTITUTE_FOR_BIOMEDICAL_RESEARCH_e38f35d74a,mTORC1,0.4059187173843384
US_WHITEHEAD_INSTITUTE_FOR_BIOMEDICAL_RESEARCH_e38f35d74a,mTORC2,0.6302507519721985
US_WHITEHEAD_INSTITUTE_FOR_BIOMEDICAL_RESEARCH_e38f35d74a,microRNA,0.6391714215278625
US_WOODS_HOLE_OCEANOGRAPHIC_INSTITUTION_242195bbfd,Bioinformatics,0.2061787247657776
US_WOODS_HOLE_OCEANOGRAPHIC_INSTITUTION_242195bbfd,Biology,0.3179319202899933
US_WOODS_HOLE_OCEANOGRAPHIC_INSTITUTION_242195bbfd,Computational biology,0.5356760621070862
US_WOODS_HOLE_OCEANOGRAPHIC_INSTITUTION_242195bbfd,Computer science,0.581027090549469
US_WOODS_HOLE_OCEANOGRAPHIC_INSTITUTION_242195bbfd,Data science,0.3914947807788849
US_WOODS_HOLE_OCEANOGRAPHIC_INSTITUTION_242195bbfd,Database,0.15453827381134033
US_WOODS_HOLE_OCEANOGRAPHIC_INSTITUTION_242195bbfd,Extensibility,0.6170313954353333
US_WOODS_HOLE_OCEANOGRAPHIC_INSTITUTION_242195bbfd,Microbiome,0.7692012786865234
US_WOODS_HOLE_OCEANOGRAPHIC_INSTITUTION_242195bbfd,Programming language,0.11720123887062073
US_WOODS_HOLE_OCEANOGRAPHIC_INSTITUTION_242195bbfd,Scalability,0.6612159013748169
US_YALE_UNIVERSITY_578f715f4b,Annotation,0.621225893497467
US_YALE_UNIVERSITY_578f715f4b,Apoptosis,0.24727565050125122
US_YALE_UNIVERSITY_578f715f4b,Artificial intelligence,0.21132206916809082
US_YALE_UNIVERSITY_578f715f4b,Attributable risk,0.6161518692970276
US_YALE_UNIVERSITY_578f715f4b,Biochemistry,0.28882288932800293
US_YALE_UNIVERSITY_578f715f4b,Biology,2.21506866812706
US_YALE_UNIVERSITY_578f715f4b,Burden of disease,0.7023000121116638
US_YALE_UNIVERSITY_578f715f4b,Cause of death,0.5558197498321533
US_YALE_UNIVERSITY_578f715f4b,Cell,0.8750588297843933
US_YALE_UNIVERSITY_578f715f4b,Cell biology,0.5350912809371948
US_YALE_UNIVERSITY_578f715f4b,Cell metabolism,0.5109428763389587
US_YALE_UNIVERSITY_578f715f4b,Computational biology,1.1015865206718445
US_YALE_UNIVERSITY_578f715f4b,Computer science,0.5621187686920166
US_YALE_UNIVERSITY_578f715f4b,Computer security,0.0
US_YALE_UNIVERSITY_578f715f4b,Confidence interval,0.2946649193763733
US_YALE_UNIVERSITY_578f715f4b,Covariate,0.6156277656555176
US_YALE_UNIVERSITY_578f715f4b,Demography,0.8899788856506348
US_YALE_UNIVERSITY_578f715f4b,Disability-adjusted life year,0.5846619009971619
US_YALE_UNIVERSITY_578f715f4b,Disease,1.9807321727275848
US_YALE_UNIVERSITY_578f715f4b,Disease burden,0.6051012277603149
US_YALE_UNIVERSITY_578f715f4b,Embedded system,0.0
US_YALE_UNIVERSITY_578f715f4b,Environmental health,0.7141213417053223
US_YALE_UNIVERSITY_578f715f4b,Exome,0.4622931182384491
US_YALE_UNIVERSITY_578f715f4b,Exome sequencing,0.5792765021324158
US_YALE_UNIVERSITY_578f715f4b,Function (biology),0.4226640462875366
US_YALE_UNIVERSITY_578f715f4b,Gene,0.8034909069538116
US_YALE_UNIVERSITY_578f715f4b,Genetic architecture,0.43001317977905273
US_YALE_UNIVERSITY_578f715f4b,Genetics,0.9302435219287872
US_YALE_UNIVERSITY_578f715f4b,Genome,0.6605028510093689
US_YALE_UNIVERSITY_578f715f4b,Host (biology),0.7231769561767578
US_YALE_UNIVERSITY_578f715f4b,Human genome,0.5655359029769897
US_YALE_UNIVERSITY_578f715f4b,Inference,0.5233917832374573
US_YALE_UNIVERSITY_578f715f4b,Inflammatory Bowel Diseases,0.5069501399993896
US_YALE_UNIVERSITY_578f715f4b,Inflammatory bowel disease,0.8482241630554199
US_YALE_UNIVERSITY_578f715f4b,Internal medicine,0.0
US_YALE_UNIVERSITY_578f715f4b,Life expectancy,0.27504870295524597
US_YALE_UNIVERSITY_578f715f4b,Loss function,0.4619614779949188
US_YALE_UNIVERSITY_578f715f4b,Materials science,0.0
US_YALE_UNIVERSITY_578f715f4b,Mathematics,0.15310701727867126
US_YALE_UNIVERSITY_578f715f4b,Medicine,1.5898304283618927
US_YALE_UNIVERSITY_578f715f4b,Metabolism,0.5232669115066528
US_YALE_UNIVERSITY_578f715f4b,Metallurgy,0.0
US_YALE_UNIVERSITY_578f715f4b,Missing data,0.43697911500930786
US_YALE_UNIVERSITY_578f715f4b,Mutation,0.41175058484077454
US_YALE_UNIVERSITY_578f715f4b,Nexus (standard),0.6405488848686218
US_YALE_UNIVERSITY_578f715f4b,Pathology,0.15053018927574158
US_YALE_UNIVERSITY_578f715f4b,Phenotype,0.525722473859787
US_YALE_UNIVERSITY_578f715f4b,Population,0.16413837671279907
US_YALE_UNIVERSITY_578f715f4b,Programmed cell death,0.6293809413909912
US_YALE_UNIVERSITY_578f715f4b,Redox,0.4691561460494995
US_YALE_UNIVERSITY_578f715f4b,Relative risk,0.5610102415084839
US_YALE_UNIVERSITY_578f715f4b,Risk assessment,0.5756056904792786
US_YALE_UNIVERSITY_578f715f4b,Risk factor,0.5091940760612488
US_YALE_UNIVERSITY_578f715f4b,Sociology,0.0
US_YALE_UNIVERSITY_578f715f4b,Statistics,0.4522966146469116
US_YALE_UNIVERSITY_578f715f4b,Years of potential life lost,0.5815194249153137
US_YESHIVA_UNIVERSITY_3c60100460,Apoptosis,0.13263845443725586
US_YESHIVA_UNIVERSITY_3c60100460,Astrophysics,0.0
US_YESHIVA_UNIVERSITY_3c60100460,Attributable risk,0.6161518692970276
US_YESHIVA_UNIVERSITY_3c60100460,Autophagy,0.9693626165390015
US_YESHIVA_UNIVERSITY_3c60100460,Biology,0.9602915048599243
US_YESHIVA_UNIVERSITY_3c60100460,Burden of disease,0.7023000121116638
US_YESHIVA_UNIVERSITY_3c60100460,Cell biology,0.606269896030426
US_YESHIVA_UNIVERSITY_3c60100460,Computer science,0.0
US_YESHIVA_UNIVERSITY_3c60100460,Computer security,0.0
US_YESHIVA_UNIVERSITY_3c60100460,Confidence interval,0.2946649193763733
US_YESHIVA_UNIVERSITY_3c60100460,Demography,0.3464873433113098
US_YESHIVA_UNIVERSITY_3c60100460,Disability-adjusted life year,0.5846619009971619
US_YESHIVA_UNIVERSITY_3c60100460,Disease,0.9510858952999115
US_YESHIVA_UNIVERSITY_3c60100460,Disease burden,0.6051012277603149
US_YESHIVA_UNIVERSITY_3c60100460,Environmental health,0.7141213417053223
US_YESHIVA_UNIVERSITY_3c60100460,Evolutionary biology,0.4798135757446289
US_YESHIVA_UNIVERSITY_3c60100460,Gene,0.10705849528312683
US_YESHIVA_UNIVERSITY_3c60100460,Genetic variation,0.5421806573867798
US_YESHIVA_UNIVERSITY_3c60100460,Genetics,0.5117097795009613
US_YESHIVA_UNIVERSITY_3c60100460,Genome,0.5278382301330566
US_YESHIVA_UNIVERSITY_3c60100460,Human genetic variation,0.6672757863998413
US_YESHIVA_UNIVERSITY_3c60100460,Human genome,0.5729089975357056
US_YESHIVA_UNIVERSITY_3c60100460,Internal medicine,0.0
US_YESHIVA_UNIVERSITY_3c60100460,Life expectancy,0.27504870295524597
US_YESHIVA_UNIVERSITY_3c60100460,Medicine,0.9604003131389618
US_YESHIVA_UNIVERSITY_3c60100460,Neurodegeneration,0.6822657585144043
US_YESHIVA_UNIVERSITY_3c60100460,Organelle,0.4864044189453125
US_YESHIVA_UNIVERSITY_3c60100460,Pathology,0.06935486197471619
US_YESHIVA_UNIVERSITY_3c60100460,Physics,0.0
US_YESHIVA_UNIVERSITY_3c60100460,Population,0.16413837671279907
US_YESHIVA_UNIVERSITY_3c60100460,Programmed cell death,0.5283359289169312
US_YESHIVA_UNIVERSITY_3c60100460,Relative risk,0.5610102415084839
US_YESHIVA_UNIVERSITY_3c60100460,Risk assessment,0.5756056904792786
US_YESHIVA_UNIVERSITY_3c60100460,Risk factor,0.5091940760612488
US_YESHIVA_UNIVERSITY_3c60100460,Sociology,0.0
US_YESHIVA_UNIVERSITY_3c60100460,Variation (astronomy),0.6842190623283386
US_YESHIVA_UNIVERSITY_3c60100460,Years of potential life lost,0.5815194249153137
ZA_UNIVERSITY_OF_CAPE_TOWN_44c47232a9,Burden of disease,0.6250711679458618
ZA_UNIVERSITY_OF_CAPE_TOWN_44c47232a9,Case fatality rate,0.4428708553314209
ZA_UNIVERSITY_OF_CAPE_TOWN_44c47232a9,Cause of death,0.44510552287101746
ZA_UNIVERSITY_OF_CAPE_TOWN_44c47232a9,Demography,0.5074257254600525
ZA_UNIVERSITY_OF_CAPE_TOWN_44c47232a9,Disability-adjusted life year,0.4536948502063751
ZA_UNIVERSITY_OF_CAPE_TOWN_44c47232a9,Disease,0.3741859793663025
ZA_UNIVERSITY_OF_CAPE_TOWN_44c47232a9,Disease burden,0.537912905216217
ZA_UNIVERSITY_OF_CAPE_TOWN_44c47232a9,Environmental health,0.49474141001701355
ZA_UNIVERSITY_OF_CAPE_TOWN_44c47232a9,Global health,0.4490731358528137
ZA_UNIVERSITY_OF_CAPE_TOWN_44c47232a9,Incidence (geometry),0.46606212854385376
ZA_UNIVERSITY_OF_CAPE_TOWN_44c47232a9,Life expectancy,0.38459542393684387
ZA_UNIVERSITY_OF_CAPE_TOWN_44c47232a9,Medicine,0.8957659006118774
ZA_UNIVERSITY_OF_CAPE_TOWN_44c47232a9,Nursing,0.0
ZA_UNIVERSITY_OF_CAPE_TOWN_44c47232a9,Optics,0.0
ZA_UNIVERSITY_OF_CAPE_TOWN_44c47232a9,Pathology,0.0
ZA_UNIVERSITY_OF_CAPE_TOWN_44c47232a9,Physics,0.0
ZA_UNIVERSITY_OF_CAPE_TOWN_44c47232a9,Population,0.571294367313385
ZA_UNIVERSITY_OF_CAPE_TOWN_44c47232a9,Public health,0.38423794507980347
ZA_UNIVERSITY_OF_CAPE_TOWN_44c47232a9,Sociology,0.0
ZA_UNIVERSITY_OF_CAPE_TOWN_44c47232a9,Years of potential life lost,0.5155167579650879
ZA_UNIVERSITY_OF_SOUTH_AFRICA_53429662c1,Cause of death,0.5558197498321533
ZA_UNIVERSITY_OF_SOUTH_AFRICA_53429662c1,Covariate,0.6156277656555176
ZA_UNIVERSITY_OF_SOUTH_AFRICA_53429662c1,Demography,0.543491542339325
ZA_UNIVERSITY_OF_SOUTH_AFRICA_53429662c1,Disease,0.39989426732063293
ZA_UNIVERSITY_OF_SOUTH_AFRICA_53429662c1,Mathematics,0.15310701727867126
ZA_UNIVERSITY_OF_SOUTH_AFRICA_53429662c1,Medicine,0.5180118680000305
ZA_UNIVERSITY_OF_SOUTH_AFRICA_53429662c1,Missing data,0.43697911500930786
ZA_UNIVERSITY_OF_SOUTH_AFRICA_53429662c1,Pathology,0.0
ZA_UNIVERSITY_OF_SOUTH_AFRICA_53429662c1,Sociology,0.0
ZA_UNIVERSITY_OF_SOUTH_AFRICA_53429662c1,Statistics,0.4522966146469116
ZA_UNIVERSITY_OF_THE_FREE_STATE_cbcab0887a,Artificial intelligence,0.5402119159698486
ZA_UNIVERSITY_OF_THE_FREE_STATE_cbcab0887a,Artificial neural network,0.6641649603843689
ZA_UNIVERSITY_OF_THE_FREE_STATE_cbcab0887a,Biochemistry,0.10371679067611694
ZA_UNIVERSITY_OF_THE_FREE_STATE_cbcab0887a,Biology,0.18573465943336487
ZA_UNIVERSITY_OF_THE_FREE_STATE_cbcab0887a,CASP,0.9288318157196045
ZA_UNIVERSITY_OF_THE_FREE_STATE_cbcab0887a,Chemistry,0.23319080471992493
ZA_UNIVERSITY_OF_THE_FREE_STATE_cbcab0887a,Computational biology,0.4400450587272644
ZA_UNIVERSITY_OF_THE_FREE_STATE_cbcab0887a,Computer science,0.6198425889015198
ZA_UNIVERSITY_OF_THE_FREE_STATE_cbcab0887a,Deep learning,0.4678039848804474
ZA_UNIVERSITY_OF_THE_FREE_STATE_cbcab0887a,Electrical engineering,0.0
ZA_UNIVERSITY_OF_THE_FREE_STATE_cbcab0887a,Engineering,0.11987653374671936
ZA_UNIVERSITY_OF_THE_FREE_STATE_cbcab0887a,Folding (DSP implementation),0.5534390211105347
ZA_UNIVERSITY_OF_THE_FREE_STATE_cbcab0887a,Machine learning,0.3482407033443451
ZA_UNIVERSITY_OF_THE_FREE_STATE_cbcab0887a,Protein folding,0.4686751961708069
ZA_UNIVERSITY_OF_THE_FREE_STATE_cbcab0887a,Protein structure,0.4419260621070862
ZA_UNIVERSITY_OF_THE_FREE_STATE_cbcab0887a,Protein structure prediction,0.672880232334137
ZA_UNIVERSITY_OF_THE_FREE_STATE_cbcab0887a,Sequence (biology),0.49019867181777954
ZM_MINISTRY_OF_HEALTH_9eb9e27e84,Attributable risk,0.6161518692970276
ZM_MINISTRY_OF_HEALTH_9eb9e27e84,Burden of disease,0.7023000121116638
ZM_MINISTRY_OF_HEALTH_9eb9e27e84,Cause of death,0.5558197498321533
ZM_MINISTRY_OF_HEALTH_9eb9e27e84,Computer science,0.0
ZM_MINISTRY_OF_HEALTH_9eb9e27e84,Computer security,0.0
ZM_MINISTRY_OF_HEALTH_9eb9e27e84,Confidence interval,0.2946649193763733
ZM_MINISTRY_OF_HEALTH_9eb9e27e84,Covariate,0.6156277656555176
ZM_MINISTRY_OF_HEALTH_9eb9e27e84,Demography,0.8899788856506348
ZM_MINISTRY_OF_HEALTH_9eb9e27e84,Disability-adjusted life year,0.5846619009971619
ZM_MINISTRY_OF_HEALTH_9eb9e27e84,Disease,0.8987853825092316
ZM_MINISTRY_OF_HEALTH_9eb9e27e84,Disease burden,0.6051012277603149
ZM_MINISTRY_OF_HEALTH_9eb9e27e84,Environmental health,0.7141213417053223
ZM_MINISTRY_OF_HEALTH_9eb9e27e84,Internal medicine,0.0
ZM_MINISTRY_OF_HEALTH_9eb9e27e84,Life expectancy,0.27504870295524597
ZM_MINISTRY_OF_HEALTH_9eb9e27e84,Mathematics,0.15310701727867126
ZM_MINISTRY_OF_HEALTH_9eb9e27e84,Medicine,1.2570818662643433
ZM_MINISTRY_OF_HEALTH_9eb9e27e84,Missing data,0.43697911500930786
ZM_MINISTRY_OF_HEALTH_9eb9e27e84,Pathology,0.0
ZM_MINISTRY_OF_HEALTH_9eb9e27e84,Population,0.16413837671279907
ZM_MINISTRY_OF_HEALTH_9eb9e27e84,Relative risk,0.5610102415084839
ZM_MINISTRY_OF_HEALTH_9eb9e27e84,Risk assessment,0.5756056904792786
ZM_MINISTRY_OF_HEALTH_9eb9e27e84,Risk factor,0.5091940760612488
ZM_MINISTRY_OF_HEALTH_9eb9e27e84,Sociology,0.0
ZM_MINISTRY_OF_HEALTH_9eb9e27e84,Statistics,0.4522966146469116
ZM_MINISTRY_OF_HEALTH_9eb9e27e84,Years of potential life lost,0.5815194249153137
